============================================================
  FENEMOF - Site web démarré
  Ouvrez le site : http://localhost:8000
  Sur un autre appareil du même réseau, utilisez l'adresse IP de ce PC
  Espace créateur : http://localhost:8000/createur
  Appuyez sur Ctrl+C pour arrêter.
============================================================
[09:33:48] "GET /api/siteinfo HTTP/1.1" 200 -
[09:33:52] "GET /api/siteinfo HTTP/1.1" 200 -
[09:34:02] "GET /api/siteinfo HTTP/1.1" 200 -
[09:34:12] "GET /api/siteinfo HTTP/1.1" 200 -
[09:34:22] "GET /api/siteinfo HTTP/1.1" 200 -
[09:34:32] "GET /api/siteinfo HTTP/1.1" 200 -
[09:34:42] "GET /api/siteinfo HTTP/1.1" 200 -
[09:34:52] "GET /api/siteinfo HTTP/1.1" 200 -
[09:35:02] "GET /api/siteinfo HTTP/1.1" 200 -
[09:35:12] "GET /api/siteinfo HTTP/1.1" 200 -
[09:35:22] "GET /api/siteinfo HTTP/1.1" 200 -
[09:35:32] "GET /api/siteinfo HTTP/1.1" 200 -
[09:35:42] "GET /api/siteinfo HTTP/1.1" 200 -
[09:35:52] "GET /api/siteinfo HTTP/1.1" 200 -
[09:36:02] "GET /api/siteinfo HTTP/1.1" 200 -
[09:36:12] "GET /api/siteinfo HTTP/1.1" 200 -
[09:36:22] "GET /api/siteinfo HTTP/1.1" 200 -
[09:36:32] "GET /api/siteinfo HTTP/1.1" 200 -
[09:36:42] "GET /api/siteinfo HTTP/1.1" 200 -
[09:36:43] "GET /api/qr-code?dl=1 HTTP/1.1" 200 -
[09:36:52] "GET /api/siteinfo HTTP/1.1" 200 -
[09:37:02] "GET /api/siteinfo HTTP/1.1" 200 -
[09:37:12] "GET /api/siteinfo HTTP/1.1" 200 -
[09:37:22] "GET /api/siteinfo HTTP/1.1" 200 -
[09:37:32] "GET /api/siteinfo HTTP/1.1" 200 -
[09:37:32] "GET /cosudo HTTP/1.1" 200 -
[09:37:32] "GET /style.css?v=20260904 HTTP/1.1" 200 -
[09:37:32] "GET /cosudo.css?v=20260904 HTTP/1.1" 200 -
[09:37:33] "GET /img/cosudo-logo.svg HTTP/1.1" 200 -
[09:37:33] "GET /cosudo.js?v=20260904 HTTP/1.1" 200 -
[09:37:33] "GET /api/siteinfo HTTP/1.1" 200 -
[09:37:33] "GET /img/cosudo-logo.svg HTTP/1.1" 200 -
[09:37:33] "GET /img/cosudo-logo.svg HTTP/1.1" 200 -
[09:37:36] "GET / HTTP/1.1" 200 -
[09:37:37] "GET /style.css?v=20260905 HTTP/1.1" 200 -
[09:37:37] "GET /img/cosudo-logo.svg HTTP/1.1" 200 -
[09:37:37] "GET /img/eleves-hero.jpg HTTP/1.1" 200 -
[09:37:37] "GET /img/eleves/e2.jpg HTTP/1.1" 200 -
[09:37:37] "GET /img/eleves/e1.jpg HTTP/1.1" 200 -
[09:37:37] "GET /img/eleves/e3.jpg HTTP/1.1" 200 -
[09:37:37] "GET /img/eleves/e4.jpg HTTP/1.1" 200 -
[09:37:38] "GET /app.js?v=20260905 HTTP/1.1" 200 -
[09:37:38] "GET /api/siteinfo HTTP/1.1" 200 -
[09:37:38] "GET /createur HTTP/1.1" 200 -
[09:37:38] "GET /style.css?v=20260904 HTTP/1.1" 200 -
[09:37:38] "GET /creator.css HTTP/1.1" 200 -
[09:37:39] "GET /creator.js?v=20260906 HTTP/1.1" 200 -
[09:37:39] "GET /uploads/logo/logo.png HTTP/1.1" 200 -
[09:37:39] "GET /api/registrations HTTP/1.1" 401 -
[09:37:40] "POST /api/login HTTP/1.1" 200 -
[09:37:40] "GET /api/announcements HTTP/1.1" 200 -
[09:37:41] "GET /api/registrations HTTP/1.1" 200 -
[09:37:41] "GET /api/cosudo-registrations HTTP/1.1" 200 -
[09:37:41] "GET /api/partner-requests HTTP/1.1" 200 -
[09:37:41] "GET /api/historique HTTP/1.1" 200 -
[09:37:41] "GET /api/siteinfo HTTP/1.1" 200 -
[09:37:41] "GET /api/siteinfo HTTP/1.1" 200 -
[09:37:41] "GET /api/siteinfo HTTP/1.1" 200 -
[09:37:42] "GET /api/siteinfo HTTP/1.1" 200 -
[09:37:42] "GET /api/siteinfo HTTP/1.1" 200 -
[09:37:42] "GET /api/siteinfo HTTP/1.1" 200 -
[09:37:42] "GET /api/siteinfo HTTP/1.1" 200 -
[09:37:42] "GET /api/siteinfo HTTP/1.1" 200 -
[09:37:43] "GET /api/siteinfo HTTP/1.1" 200 -
[09:37:43] "GET /api/siteinfo HTTP/1.1" 200 -
[09:37:43] "GET /uploads/cosudo/cosudo_20260823084629_022537.jpeg HTTP/1.1" 200 -
[09:37:43] "GET /api/siteinfo HTTP/1.1" 200 -
[09:37:44] "GET /img/cosudo-logo.svg?t=1787474262033 HTTP/1.1" 200 -
[09:37:44] "GET /uploads/logo/logo.png HTTP/1.1" 200 -
[09:37:44] "GET /api/siteinfo HTTP/1.1" 200 -
[09:37:44] "GET /api/siteinfo HTTP/1.1" 200 -
[09:37:44] "GET /api/siteinfo HTTP/1.1" 200 -
[09:37:45] "GET /api/siteinfo HTTP/1.1" 200 -
[09:37:52] "GET /api/siteinfo HTTP/1.1" 200 -
[09:38:02] "GET /api/siteinfo HTTP/1.1" 200 -
[09:38:12] "GET /api/siteinfo HTTP/1.1" 200 -
[09:38:22] "GET /api/siteinfo HTTP/1.1" 200 -
[09:38:32] "GET /api/siteinfo HTTP/1.1" 200 -
[09:38:42] "GET /api/siteinfo HTTP/1.1" 200 -
[09:38:52] "GET /api/siteinfo HTTP/1.1" 200 -
[09:39:02] "GET /api/siteinfo HTTP/1.1" 200 -
[09:39:12] "GET /api/siteinfo HTTP/1.1" 200 -
[09:39:22] "GET /api/siteinfo HTTP/1.1" 200 -
[09:39:32] "GET /api/siteinfo HTTP/1.1" 200 -
[09:39:42] "GET /api/siteinfo HTTP/1.1" 200 -
[09:39:52] "GET /api/siteinfo HTTP/1.1" 200 -
[09:40:02] "GET /api/siteinfo HTTP/1.1" 200 -
[09:40:12] "GET /api/siteinfo HTTP/1.1" 200 -
[09:40:22] "GET /api/siteinfo HTTP/1.1" 200 -
[09:40:32] "GET /api/siteinfo HTTP/1.1" 200 -
[09:40:42] "GET /api/siteinfo HTTP/1.1" 200 -
[09:40:52] "GET /api/siteinfo HTTP/1.1" 200 -
[09:41:02] "GET /api/siteinfo HTTP/1.1" 200 -
[09:41:12] "GET /api/siteinfo HTTP/1.1" 200 -
[09:41:22] "GET /api/siteinfo HTTP/1.1" 200 -
[09:41:32] "GET /api/siteinfo HTTP/1.1" 200 -
[09:41:42] "GET /api/siteinfo HTTP/1.1" 200 -
[09:41:52] "GET /api/siteinfo HTTP/1.1" 200 -
[09:42:02] "GET /api/siteinfo HTTP/1.1" 200 -
[09:42:12] "GET /api/siteinfo HTTP/1.1" 200 -
[09:42:22] "GET /api/siteinfo HTTP/1.1" 200 -
[09:42:32] "GET /api/siteinfo HTTP/1.1" 200 -
[09:42:42] "GET /api/siteinfo HTTP/1.1" 200 -
[09:42:52] "GET /api/siteinfo HTTP/1.1" 200 -
[09:43:02] "GET /api/siteinfo HTTP/1.1" 200 -
[09:43:12] "GET /api/siteinfo HTTP/1.1" 200 -
[09:43:22] "GET /api/siteinfo HTTP/1.1" 200 -
[09:43:32] "GET /api/siteinfo HTTP/1.1" 200 -
[09:43:42] "GET /api/siteinfo HTTP/1.1" 200 -
[09:43:52] "GET /api/siteinfo HTTP/1.1" 200 -
[09:44:02] "GET /api/siteinfo HTTP/1.1" 200 -
[09:44:12] "GET /api/siteinfo HTTP/1.1" 200 -
[09:44:22] "GET /api/siteinfo HTTP/1.1" 200 -
[09:44:32] "GET /api/siteinfo HTTP/1.1" 200 -
[09:44:42] "GET /api/siteinfo HTTP/1.1" 200 -
[09:44:52] "GET /api/siteinfo HTTP/1.1" 200 -
[09:45:02] "GET /api/siteinfo HTTP/1.1" 200 -
[09:45:12] "GET /api/siteinfo HTTP/1.1" 200 -
[09:45:22] "GET /api/siteinfo HTTP/1.1" 200 -
[09:45:32] "GET /api/siteinfo HTTP/1.1" 200 -
[09:45:43] "GET /api/siteinfo HTTP/1.1" 200 -
[09:45:53] "GET /api/siteinfo HTTP/1.1" 200 -
[09:46:03] "GET /api/siteinfo HTTP/1.1" 200 -
[09:46:13] "GET /api/siteinfo HTTP/1.1" 200 -
[09:46:23] "GET /api/siteinfo HTTP/1.1" 200 -
[09:46:33] "GET /api/siteinfo HTTP/1.1" 200 -
[09:46:43] "GET /api/siteinfo HTTP/1.1" 200 -
[09:46:53] "GET /api/siteinfo HTTP/1.1" 200 -
[09:47:03] "GET /api/siteinfo HTTP/1.1" 200 -
[09:47:13] "GET /api/siteinfo HTTP/1.1" 200 -
[09:47:23] "GET /api/siteinfo HTTP/1.1" 200 -
[09:47:33] "GET /api/siteinfo HTTP/1.1" 200 -
[09:47:43] "GET /api/siteinfo HTTP/1.1" 200 -
[09:47:53] "GET /api/siteinfo HTTP/1.1" 200 -
[09:48:03] "GET /api/siteinfo HTTP/1.1" 200 -
[09:48:13] "GET /api/siteinfo HTTP/1.1" 200 -
[09:48:23] "GET /api/siteinfo HTTP/1.1" 200 -
[09:48:33] "GET /api/siteinfo HTTP/1.1" 200 -
[09:48:43] "GET /api/siteinfo HTTP/1.1" 200 -
[09:48:53] "GET /api/siteinfo HTTP/1.1" 200 -
[09:49:03] "GET /api/siteinfo HTTP/1.1" 200 -
[09:49:13] "GET /api/siteinfo HTTP/1.1" 200 -
[09:49:23] "GET /api/siteinfo HTTP/1.1" 200 -
[09:49:33] "GET /api/siteinfo HTTP/1.1" 200 -
[09:49:43] "GET /api/siteinfo HTTP/1.1" 200 -
[09:49:53] "GET /api/siteinfo HTTP/1.1" 200 -
[09:50:03] "GET /api/siteinfo HTTP/1.1" 200 -
[09:50:13] "GET /api/siteinfo HTTP/1.1" 200 -
[09:50:23] "GET /api/siteinfo HTTP/1.1" 200 -
[09:50:33] "GET /api/siteinfo HTTP/1.1" 200 -
[09:50:43] "GET /api/siteinfo HTTP/1.1" 200 -
[09:50:53] "GET /api/siteinfo HTTP/1.1" 200 -
[09:51:03] "GET /api/siteinfo HTTP/1.1" 200 -
[09:51:13] "GET /api/siteinfo HTTP/1.1" 200 -
[09:51:23] "GET /api/siteinfo HTTP/1.1" 200 -
[09:51:33] "GET /api/siteinfo HTTP/1.1" 200 -
[09:51:43] "GET /api/siteinfo HTTP/1.1" 200 -
[09:51:53] "GET /api/siteinfo HTTP/1.1" 200 -
[09:52:03] "GET /api/siteinfo HTTP/1.1" 200 -
[09:52:13] "GET /api/siteinfo HTTP/1.1" 200 -
[09:52:23] "GET /api/siteinfo HTTP/1.1" 200 -
[09:52:33] "GET /api/siteinfo HTTP/1.1" 200 -
[09:52:43] "GET /api/siteinfo HTTP/1.1" 200 -
[09:52:53] "GET /api/siteinfo HTTP/1.1" 200 -
[09:53:03] "GET /api/siteinfo HTTP/1.1" 200 -
[10:01:42] "GET /api/siteinfo HTTP/1.1" 200 -
[10:01:52] "GET /api/siteinfo HTTP/1.1" 200 -
[10:02:02] "GET /api/siteinfo HTTP/1.1" 200 -
[10:02:05] "POST /api/delete-cosudo-photo HTTP/1.1" 200 -
[10:02:05] "GET /api/siteinfo HTTP/1.1" 200 -
[10:02:12] "GET /api/siteinfo HTTP/1.1" 200 -
[10:02:17] "POST /api/upload-cosudo-photo HTTP/1.1" 200 -
[10:02:17] "GET /api/siteinfo HTTP/1.1" 200 -
[10:02:17] "GET /uploads/cosudo/cosudo_20260823100217_eca18c.jpeg HTTP/1.1" 200 -
[10:02:21] "GET / HTTP/1.1" 200 -
[10:02:21] "GET /img/cosudo-logo.svg HTTP/1.1" 200 -
[10:02:21] "GET /style.css?v=20260905 HTTP/1.1" 200 -
[10:02:21] "GET /app.js?v=20260905 HTTP/1.1" 200 -
[10:02:21] "GET /img/eleves-hero.jpg HTTP/1.1" 200 -
[10:02:21] "GET /img/eleves/e2.jpg HTTP/1.1" 200 -
[10:02:21] "GET /img/eleves/e1.jpg HTTP/1.1" 200 -
[10:02:21] "GET /img/eleves/e3.jpg HTTP/1.1" 200 -
[10:02:21] "GET /img/eleves/e4.jpg HTTP/1.1" 200 -
[10:02:22] "GET /api/siteinfo HTTP/1.1" 200 -
[10:02:23] "GET /img/eleves/e6.jpg HTTP/1.1" 200 -
[10:02:26] "GET /cosudo HTTP/1.1" 200 -
[10:02:27] "GET /style.css?v=20260904 HTTP/1.1" 200 -
[10:02:27] "GET /cosudo.css?v=20260904 HTTP/1.1" 200 -
[10:02:27] "GET /img/cosudo-logo.svg HTTP/1.1" 200 -
[10:02:27] "GET /cosudo.js?v=20260904 HTTP/1.1" 200 -
[10:02:27] "GET /api/siteinfo HTTP/1.1" 200 -
[10:02:30] "GET /cosudo HTTP/1.1" 200 -
[10:02:30] "GET /style.css?v=20260904 HTTP/1.1" 200 -
[10:02:30] "GET /cosudo.css?v=20260904 HTTP/1.1" 200 -
[10:02:31] "GET /cosudo.js?v=20260904 HTTP/1.1" 200 -
[10:02:31] "GET /img/cosudo-logo.svg HTTP/1.1" 200 -
[10:02:31] "GET /api/siteinfo HTTP/1.1" 200 -
[10:02:32] "GET /api/siteinfo HTTP/1.1" 200 -
[10:02:42] "GET /api/siteinfo HTTP/1.1" 200 -
[10:02:48] "GET / HTTP/1.1" 200 -
[10:02:48] "GET /style.css?v=20260905 HTTP/1.1" 200 -
[10:02:48] "GET /img/cosudo-logo.svg HTTP/1.1" 200 -
[10:02:48] "GET /app.js?v=20260905 HTTP/1.1" 200 -
[10:02:48] "GET /img/eleves-hero.jpg HTTP/1.1" 200 -
[10:02:48] "GET /img/eleves/e2.jpg HTTP/1.1" 200 -
[10:02:48] "GET /img/eleves/e1.jpg HTTP/1.1" 200 -
[10:02:48] "GET /api/siteinfo HTTP/1.1" 200 -
[10:02:48] "GET /img/eleves/e3.jpg HTTP/1.1" 200 -
[10:02:48] "GET /img/eleves/e4.jpg HTTP/1.1" 200 -
[10:02:49] "GET /uploads/logo/logo.png HTTP/1.1" 200 -
[10:02:52] "GET /api/siteinfo HTTP/1.1" 200 -
[10:02:53] "GET /img/eleves/e6.jpg HTTP/1.1" 200 -
[10:03:02] "GET /api/siteinfo HTTP/1.1" 200 -
[10:03:12] "GET /api/siteinfo HTTP/1.1" 200 -
[10:03:22] "GET /api/siteinfo HTTP/1.1" 200 -
[10:03:32] "GET /api/siteinfo HTTP/1.1" 200 -
[10:03:42] "GET /api/siteinfo HTTP/1.1" 200 -
[10:03:52] "GET /api/siteinfo HTTP/1.1" 200 -
[10:04:02] "GET /api/siteinfo HTTP/1.1" 200 -
[10:04:13] "GET /api/siteinfo HTTP/1.1" 200 -
[10:04:23] "GET /api/siteinfo HTTP/1.1" 200 -
[10:04:33] "GET /api/siteinfo HTTP/1.1" 200 -
[10:04:43] "GET /api/siteinfo HTTP/1.1" 200 -
[10:04:53] "GET /api/siteinfo HTTP/1.1" 200 -
[10:05:03] "GET /api/siteinfo HTTP/1.1" 200 -
[10:05:13] "GET /api/siteinfo HTTP/1.1" 200 -
[10:05:23] "GET /api/siteinfo HTTP/1.1" 200 -
[10:05:33] "GET /api/siteinfo HTTP/1.1" 200 -
[10:05:43] "GET /api/siteinfo HTTP/1.1" 200 -
[10:05:53] "GET /api/siteinfo HTTP/1.1" 200 -
[10:06:03] "GET /api/siteinfo HTTP/1.1" 200 -
[10:06:13] "GET /api/siteinfo HTTP/1.1" 200 -
[10:06:23] "GET /api/siteinfo HTTP/1.1" 200 -
[10:06:33] "GET /api/siteinfo HTTP/1.1" 200 -
[10:06:43] "GET /api/siteinfo HTTP/1.1" 200 -
[10:06:53] "GET /api/siteinfo HTTP/1.1" 200 -
[10:07:03] "GET /api/siteinfo HTTP/1.1" 200 -
[10:07:13] "GET /api/siteinfo HTTP/1.1" 200 -
[10:07:23] "GET /api/siteinfo HTTP/1.1" 200 -
[10:07:33] "GET /api/siteinfo HTTP/1.1" 200 -
[10:07:43] "GET /api/siteinfo HTTP/1.1" 200 -
[10:07:53] "GET /api/siteinfo HTTP/1.1" 200 -
[10:08:03] "GET /api/siteinfo HTTP/1.1" 200 -
[10:08:13] "GET /api/siteinfo HTTP/1.1" 200 -
[10:08:23] "GET /api/siteinfo HTTP/1.1" 200 -
[10:08:33] "GET /api/siteinfo HTTP/1.1" 200 -
[10:08:43] "GET /api/siteinfo HTTP/1.1" 200 -
[10:08:53] "GET /api/siteinfo HTTP/1.1" 200 -
[10:09:03] "GET /api/siteinfo HTTP/1.1" 200 -
[10:09:13] "GET /api/siteinfo HTTP/1.1" 200 -
[10:09:23] "GET /api/siteinfo HTTP/1.1" 200 -
[10:09:33] "GET /api/siteinfo HTTP/1.1" 200 -
[10:09:43] "GET /api/siteinfo HTTP/1.1" 200 -
[10:09:53] "GET /api/siteinfo HTTP/1.1" 200 -
[10:10:03] "GET /api/siteinfo HTTP/1.1" 200 -
[10:10:13] "GET /api/siteinfo HTTP/1.1" 200 -
[10:10:23] "GET /api/siteinfo HTTP/1.1" 200 -
[10:10:33] "GET /api/siteinfo HTTP/1.1" 200 -
[10:10:43] "GET /api/siteinfo HTTP/1.1" 200 -
[10:10:53] "GET /api/siteinfo HTTP/1.1" 200 -
[10:11:03] "GET /api/siteinfo HTTP/1.1" 200 -
[10:11:13] "GET /api/siteinfo HTTP/1.1" 200 -
[10:11:23] "GET /api/siteinfo HTTP/1.1" 200 -
[10:11:33] "GET /api/siteinfo HTTP/1.1" 200 -
[10:11:43] "GET /api/siteinfo HTTP/1.1" 200 -
[10:11:53] "GET /api/siteinfo HTTP/1.1" 200 -
[10:12:03] "GET /api/siteinfo HTTP/1.1" 200 -
[10:12:13] "GET /api/siteinfo HTTP/1.1" 200 -
[10:12:23] "GET /api/siteinfo HTTP/1.1" 200 -
[10:12:33] "GET /api/siteinfo HTTP/1.1" 200 -
[10:12:43] "GET /api/siteinfo HTTP/1.1" 200 -
[10:12:53] "GET /api/siteinfo HTTP/1.1" 200 -
[10:13:03] "GET /api/siteinfo HTTP/1.1" 200 -
[10:13:13] "GET /api/siteinfo HTTP/1.1" 200 -
[10:13:23] "GET /api/siteinfo HTTP/1.1" 200 -
[10:13:33] "GET /api/siteinfo HTTP/1.1" 200 -
[10:13:43] "GET /api/siteinfo HTTP/1.1" 200 -
[10:13:53] "GET /api/siteinfo HTTP/1.1" 200 -
[10:14:03] "GET /api/siteinfo HTTP/1.1" 200 -
[10:14:13] "GET /api/siteinfo HTTP/1.1" 200 -
[10:14:23] "GET /api/siteinfo HTTP/1.1" 200 -
[10:14:33] "GET /api/siteinfo HTTP/1.1" 200 -
[10:14:43] "GET /api/siteinfo HTTP/1.1" 200 -
[10:14:53] "GET /api/siteinfo HTTP/1.1" 200 -
[10:15:03] "GET /api/siteinfo HTTP/1.1" 200 -
[10:15:13] "GET /api/siteinfo HTTP/1.1" 200 -
[10:15:23] "GET /api/siteinfo HTTP/1.1" 200 -
[10:15:33] "GET /api/siteinfo HTTP/1.1" 200 -
[10:15:43] "GET /api/siteinfo HTTP/1.1" 200 -
[10:15:53] "GET /api/siteinfo HTTP/1.1" 200 -
[10:16:03] "GET /api/siteinfo HTTP/1.1" 200 -
[10:16:13] "GET /api/siteinfo HTTP/1.1" 200 -
[10:16:23] "GET /api/siteinfo HTTP/1.1" 200 -
[10:16:33] "GET /api/siteinfo HTTP/1.1" 200 -
[10:16:43] "GET /api/siteinfo HTTP/1.1" 200 -
[10:16:53] "GET /api/siteinfo HTTP/1.1" 200 -
[10:17:03] "GET /api/siteinfo HTTP/1.1" 200 -
[10:17:14] "GET /api/siteinfo HTTP/1.1" 200 -
[10:17:24] "GET /api/siteinfo HTTP/1.1" 200 -
[10:17:34] "GET /api/siteinfo HTTP/1.1" 200 -
[10:17:44] "GET /api/siteinfo HTTP/1.1" 200 -
[10:17:54] "GET /api/siteinfo HTTP/1.1" 200 -
[10:18:04] "GET /api/siteinfo HTTP/1.1" 200 -
[10:18:14] "GET /api/siteinfo HTTP/1.1" 200 -
[10:18:24] "GET /api/siteinfo HTTP/1.1" 200 -
[10:18:34] "GET /api/siteinfo HTTP/1.1" 200 -
[10:18:44] "GET /api/siteinfo HTTP/1.1" 200 -
[10:18:54] "GET /api/siteinfo HTTP/1.1" 200 -
[10:19:04] "GET /api/siteinfo HTTP/1.1" 200 -
[10:19:14] "GET /api/siteinfo HTTP/1.1" 200 -
[10:19:24] "GET /api/siteinfo HTTP/1.1" 200 -
[10:19:34] "GET /api/siteinfo HTTP/1.1" 200 -
[10:19:44] "GET /api/siteinfo HTTP/1.1" 200 -
[10:19:54] "GET /api/siteinfo HTTP/1.1" 200 -
[10:20:04] "GET /api/siteinfo HTTP/1.1" 200 -
[10:20:14] "GET /api/siteinfo HTTP/1.1" 200 -
[10:20:24] "GET /api/siteinfo HTTP/1.1" 200 -
[10:20:34] "GET /api/siteinfo HTTP/1.1" 200 -
[10:20:44] "GET /api/siteinfo HTTP/1.1" 200 -
[10:20:54] "GET /api/siteinfo HTTP/1.1" 200 -
[10:21:04] "GET /api/siteinfo HTTP/1.1" 200 -
[10:21:14] "GET /api/siteinfo HTTP/1.1" 200 -
[10:21:24] "GET /api/siteinfo HTTP/1.1" 200 -
[10:21:34] "GET /api/siteinfo HTTP/1.1" 200 -
[10:21:44] "GET /api/siteinfo HTTP/1.1" 200 -
[10:21:54] "GET /api/siteinfo HTTP/1.1" 200 -
[10:22:04] "GET /api/siteinfo HTTP/1.1" 200 -
[10:22:14] "GET /api/siteinfo HTTP/1.1" 200 -
[10:22:24] "GET /api/siteinfo HTTP/1.1" 200 -
[10:22:34] "GET /api/siteinfo HTTP/1.1" 200 -
[10:22:44] "GET /api/siteinfo HTTP/1.1" 200 -
[10:22:54] "GET /api/siteinfo HTTP/1.1" 200 -
[10:23:04] "GET /api/siteinfo HTTP/1.1" 200 -
============================================================
  FENEMOF - Site web démarré
  Ouvrez le site : http://localhost:8000
  Sur un autre appareil du même réseau, utilisez l'adresse IP de ce PC
  Espace créateur : http://localhost:8000/createur
  Appuyez sur Ctrl+C pour arrêter.
============================================================
[10:25:23] "GET /api/siteinfo HTTP/1.1" 200 -
[10:25:33] "GET /api/siteinfo HTTP/1.1" 200 -
[10:25:43] "GET /api/siteinfo HTTP/1.1" 200 -
[10:25:53] "GET /api/siteinfo HTTP/1.1" 200 -
[10:26:03] "GET /api/siteinfo HTTP/1.1" 200 -
[10:26:13] "GET /api/siteinfo HTTP/1.1" 200 -
[10:26:23] "GET /api/siteinfo HTTP/1.1" 200 -
[16:01:27] "GET /api/siteinfo HTTP/1.1" 200 -
[16:01:37] "GET /api/siteinfo HTTP/1.1" 200 -
[16:01:47] "GET /api/siteinfo HTTP/1.1" 200 -
[16:01:57] "GET /api/siteinfo HTTP/1.1" 200 -
[16:02:07] "GET /api/siteinfo HTTP/1.1" 200 -
[16:02:17] "GET /api/siteinfo HTTP/1.1" 200 -
[16:02:27] "GET /api/siteinfo HTTP/1.1" 200 -
[16:02:37] "GET /api/siteinfo HTTP/1.1" 200 -
[16:02:47] "GET /api/siteinfo HTTP/1.1" 200 -
[16:02:57] "GET /api/siteinfo HTTP/1.1" 200 -
[16:03:07] "GET /api/siteinfo HTTP/1.1" 200 -
[16:03:17] "GET /api/siteinfo HTTP/1.1" 200 -
[16:03:27] "GET /api/siteinfo HTTP/1.1" 200 -
[16:03:37] "GET /api/siteinfo HTTP/1.1" 200 -
[16:03:47] "GET /api/siteinfo HTTP/1.1" 200 -
[16:03:57] "GET /api/siteinfo HTTP/1.1" 200 -
[16:04:07] "GET /api/siteinfo HTTP/1.1" 200 -
[16:04:17] "GET /api/siteinfo HTTP/1.1" 200 -
[16:04:27] "GET /api/siteinfo HTTP/1.1" 200 -
[16:04:37] "GET /api/siteinfo HTTP/1.1" 200 -
[16:04:47] "GET /api/siteinfo HTTP/1.1" 200 -
[16:04:57] "GET /api/siteinfo HTTP/1.1" 200 -
[16:05:07] "GET /api/siteinfo HTTP/1.1" 200 -
[16:05:17] "GET /api/siteinfo HTTP/1.1" 200 -
[16:05:27] "GET /api/siteinfo HTTP/1.1" 200 -
[16:05:37] "GET /api/siteinfo HTTP/1.1" 200 -
[16:05:47] "GET /api/siteinfo HTTP/1.1" 200 -
[16:05:57] "GET /api/siteinfo HTTP/1.1" 200 -
[16:06:07] "GET /api/siteinfo HTTP/1.1" 200 -
[16:06:17] "GET /api/siteinfo HTTP/1.1" 200 -
[16:06:27] "GET /api/siteinfo HTTP/1.1" 200 -
[16:06:37] "GET /api/siteinfo HTTP/1.1" 200 -
[16:06:47] "GET /api/siteinfo HTTP/1.1" 200 -
[16:06:57] "GET /api/siteinfo HTTP/1.1" 200 -
[16:07:07] "GET /api/siteinfo HTTP/1.1" 200 -
[16:07:17] "GET /api/siteinfo HTTP/1.1" 200 -
[16:07:27] "GET /api/siteinfo HTTP/1.1" 200 -
[16:07:37] "GET /api/siteinfo HTTP/1.1" 200 -
[16:07:41] "GET / HTTP/1.1" 200 -
[16:07:41] "GET /img/cosudo-logo.svg HTTP/1.1" 200 -
[16:07:41] "GET /style.css?v=20260905 HTTP/1.1" 200 -
[16:07:42] "GET /img/eleves-hero.jpg HTTP/1.1" 200 -
[16:07:42] "GET /img/eleves/e2.jpg HTTP/1.1" 200 -
[16:07:42] "GET /img/eleves/e1.jpg HTTP/1.1" 200 -
[16:07:42] "GET /app.js?v=20260905 HTTP/1.1" 200 -
[16:07:42] "GET /img/eleves/e3.jpg HTTP/1.1" 200 -
[16:07:42] "GET /img/eleves/e4.jpg HTTP/1.1" 200 -
[16:07:42] "GET /api/siteinfo HTTP/1.1" 200 -
[16:07:42] "GET /img/eleves/e6.jpg HTTP/1.1" 200 -
[16:07:43] "GET /uploads/logo/logo.png HTTP/1.1" 200 -
[16:07:47] "GET /api/siteinfo HTTP/1.1" 200 -
[16:07:57] "GET /api/siteinfo HTTP/1.1" 200 -
[16:08:07] "GET /api/siteinfo HTTP/1.1" 200 -
[16:08:12] "GET /cosudo HTTP/1.1" 200 -
[16:08:12] "GET /style.css?v=20260904 HTTP/1.1" 200 -
[16:08:13] "GET /cosudo.css?v=20260904 HTTP/1.1" 200 -
[16:08:13] "GET /img/cosudo-logo.svg HTTP/1.1" 200 -
[16:08:13] "GET /cosudo.js?v=20260904 HTTP/1.1" 200 -
[16:08:13] "GET /api/siteinfo HTTP/1.1" 200 -
[16:08:15] "GET /cosudo HTTP/1.1" 200 -
[16:08:15] "GET /cosudo.css?v=20260904 HTTP/1.1" 200 -
[16:08:15] "GET /style.css?v=20260904 HTTP/1.1" 200 -
[16:08:15] "GET /cosudo.js?v=20260904 HTTP/1.1" 200 -
[16:08:15] "GET /img/cosudo-logo.svg HTTP/1.1" 200 -
[16:08:16] "GET /api/siteinfo HTTP/1.1" 200 -
[16:08:17] "GET /api/siteinfo HTTP/1.1" 200 -
[16:08:27] "GET /api/siteinfo HTTP/1.1" 200 -
[16:08:37] "GET /api/siteinfo HTTP/1.1" 200 -
[16:08:47] "GET /api/siteinfo HTTP/1.1" 200 -
[16:08:57] "GET /api/siteinfo HTTP/1.1" 200 -
[16:09:07] "GET /api/siteinfo HTTP/1.1" 200 -
[16:09:18] "GET /api/siteinfo HTTP/1.1" 200 -
[16:09:28] "GET /api/siteinfo HTTP/1.1" 200 -
[16:09:38] "GET /api/siteinfo HTTP/1.1" 200 -
[16:09:48] "GET /api/siteinfo HTTP/1.1" 200 -
[16:09:58] "GET /api/siteinfo HTTP/1.1" 200 -
[16:10:08] "GET /api/siteinfo HTTP/1.1" 200 -
[16:10:18] "GET /api/siteinfo HTTP/1.1" 200 -
[16:10:28] "GET /api/siteinfo HTTP/1.1" 200 -
[16:10:38] "GET /api/siteinfo HTTP/1.1" 200 -
[16:10:47] "POST /api/register-cosudo HTTP/1.1" 200 -
[16:10:48] "GET /paiement?type=cosudo&section=lycee&tel=061916889&recu=cb0c905c-d229-4802-9808-bacf7703623e HTTP/1.1" 200 -
[16:10:48] "GET /style.css?v=20260904 HTTP/1.1" 200 -
[16:10:48] "GET /api/siteinfo HTTP/1.1" 200 -
[16:10:48] "GET /img/eleves-hero.jpg HTTP/1.1" 200 -
[16:10:48] "GET /paiement.js?v=20260904 HTTP/1.1" 200 -
[16:10:48] "GET /api/cosudo-etablissement?telephone=061916889 HTTP/1.1" 200 -
[16:10:48] "GET /api/siteinfo HTTP/1.1" 200 -
[16:10:48] "GET /uploads/logo/logo.png HTTP/1.1" 200 -
[16:10:58] "GET /api/siteinfo HTTP/1.1" 200 -
[16:10:58] "GET /api/cosudo-etablissement?telephone=061916889 HTTP/1.1" 200 -
[16:11:06] "GET /cosudo?tel=061916889 HTTP/1.1" 200 -
[16:11:06] "GET /style.css?v=20260904 HTTP/1.1" 200 -
[16:11:06] "GET /cosudo.css?v=20260904 HTTP/1.1" 200 -
[16:11:06] "GET /img/cosudo-logo.svg HTTP/1.1" 200 -
[16:11:06] "GET /cosudo.js?v=20260904 HTTP/1.1" 200 -
[16:11:07] "GET /api/siteinfo HTTP/1.1" 200 -
[16:11:07] "GET /api/cosudo-etablissement?telephone=061916889 HTTP/1.1" 200 -
[16:11:08] "GET /api/siteinfo HTTP/1.1" 200 -
[16:11:16] "GET /api/cosudo-etablissement?telephone=061916889 HTTP/1.1" 200 -
[16:11:16] "GET /api/cosudo-etablissement?telephone=061916889 HTTP/1.1" 200 -
[16:11:17] "GET /api/cosudo-etablissement?telephone=061916889 HTTP/1.1" 200 -
[16:11:17] "GET /api/cosudo-etablissement?telephone=061916889 HTTP/1.1" 200 -
[16:11:17] "GET /api/cosudo-etablissement?telephone=061916889 HTTP/1.1" 200 -
[16:11:17] "GET /api/cosudo-etablissement?telephone=061916889 HTTP/1.1" 200 -
[16:11:17] "GET /api/cosudo-etablissement?telephone=061916889 HTTP/1.1" 200 -
[16:11:18] "GET /api/cosudo-etablissement?telephone=061916889 HTTP/1.1" 200 -
[16:11:18] "GET /api/siteinfo HTTP/1.1" 200 -
[16:11:28] "GET /api/siteinfo HTTP/1.1" 200 -
[16:11:38] "GET /api/siteinfo HTTP/1.1" 200 -
[16:11:40] "POST /api/register-cosudo HTTP/1.1" 200 -
[16:11:41] "GET /paiement?type=cosudo&section=lycee&tel=061916889&recu=8d2f980a-08da-4211-a106-db8420a92215 HTTP/1.1" 200 -
[16:11:41] "GET /style.css?v=20260904 HTTP/1.1" 200 -
[16:11:41] "GET /paiement.js?v=20260904 HTTP/1.1" 200 -
[16:11:41] "GET /api/siteinfo HTTP/1.1" 200 -
[16:11:41] "GET /img/eleves-hero.jpg HTTP/1.1" 200 -
[16:11:41] "GET /api/cosudo-etablissement?telephone=061916889 HTTP/1.1" 200 -
[16:11:41] "GET /uploads/logo/logo.png HTTP/1.1" 200 -
[16:11:48] "GET /api/siteinfo HTTP/1.1" 200 -
[16:11:52] "GET /api/cosudo-etablissement?telephone=061916889 HTTP/1.1" 200 -
[16:11:58] "GET /api/siteinfo HTTP/1.1" 200 -
[16:12:01] "GET /api/cosudo-etablissement?telephone=061916889 HTTP/1.1" 200 -
[16:12:08] "GET /api/siteinfo HTTP/1.1" 200 -
[16:12:12] "GET /api/cosudo-etablissement?telephone=061916889 HTTP/1.1" 200 -
[16:12:18] "GET /api/siteinfo HTTP/1.1" 200 -
[16:12:21] "GET /api/cosudo-etablissement?telephone=061916889 HTTP/1.1" 200 -
[16:12:28] "GET /api/siteinfo HTTP/1.1" 200 -
[16:12:32] "GET /api/cosudo-etablissement?telephone=061916889 HTTP/1.1" 200 -
[16:12:38] "GET /api/siteinfo HTTP/1.1" 200 -
[16:12:41] "GET /api/cosudo-etablissement?telephone=061916889 HTTP/1.1" 200 -
[16:12:48] "GET /api/siteinfo HTTP/1.1" 200 -
[16:12:52] "GET /api/cosudo-etablissement?telephone=061916889 HTTP/1.1" 200 -
[16:12:58] "GET /api/siteinfo HTTP/1.1" 200 -
[16:13:08] "GET /api/siteinfo HTTP/1.1" 200 -
[16:13:18] "GET /api/siteinfo HTTP/1.1" 200 -
[16:13:28] "GET /api/siteinfo HTTP/1.1" 200 -
[16:13:38] "GET /api/siteinfo HTTP/1.1" 200 -
[16:13:48] "GET /api/siteinfo HTTP/1.1" 200 -
[16:13:52] "GET /api/cosudo-etablissement?telephone=061916889 HTTP/1.1" 200 -
[16:13:56] "GET /paiement?type=cosudo&section=lycee&tel=061916889&recu=8d2f980a-08da-4211-a106-db8420a92215 HTTP/1.1" 200 -
[16:13:56] "GET /style.css?v=20260904 HTTP/1.1" 200 -
[16:13:56] "GET /paiement.js?v=20260904 HTTP/1.1" 200 -
[16:13:56] "GET /api/siteinfo HTTP/1.1" 200 -
[16:13:56] "GET /api/cosudo-etablissement?telephone=061916889 HTTP/1.1" 200 -
[16:13:56] "GET /img/eleves-hero.jpg HTTP/1.1" 200 -
[16:13:56] "GET /uploads/logo/logo.png HTTP/1.1" 200 -
[16:13:58] "GET /api/siteinfo HTTP/1.1" 200 -
[16:14:03] "GET / HTTP/1.1" 200 -
[16:14:04] "GET /style.css?v=20260905 HTTP/1.1" 200 -
[16:14:04] "GET /img/cosudo-logo.svg HTTP/1.1" 200 -
[16:14:04] "GET /img/eleves-hero.jpg HTTP/1.1" 200 -
[16:14:04] "GET /img/eleves/e1.jpg HTTP/1.1" 200 -
[16:14:04] "GET /img/eleves/e2.jpg HTTP/1.1" 200 -
[16:14:04] "GET /app.js?v=20260905 HTTP/1.1" 200 -
[16:14:04] "GET /img/eleves/e4.jpg HTTP/1.1" 200 -
[16:14:04] "GET /img/eleves/e3.jpg HTTP/1.1" 200 -
[16:14:04] "GET /api/siteinfo HTTP/1.1" 200 -
[16:14:05] "GET /img/eleves/e6.jpg HTTP/1.1" 200 -
[16:14:05] "GET /uploads/logo/logo.png HTTP/1.1" 200 -
[16:14:08] "GET /api/siteinfo HTTP/1.1" 200 -
[16:14:18] "GET /api/siteinfo HTTP/1.1" 200 -
[16:14:23] "GET /cosudo HTTP/1.1" 200 -
[16:14:23] "GET /style.css?v=20260904 HTTP/1.1" 200 -
[16:14:23] "GET /cosudo.css?v=20260904 HTTP/1.1" 200 -
[16:14:23] "GET /img/cosudo-logo.svg HTTP/1.1" 200 -
[16:14:23] "GET /cosudo.js?v=20260904 HTTP/1.1" 200 -
[16:14:23] "GET /api/siteinfo HTTP/1.1" 200 -
[16:14:28] "GET /api/siteinfo HTTP/1.1" 200 -
[16:14:38] "GET /api/siteinfo HTTP/1.1" 200 -
[16:14:48] "GET /api/siteinfo HTTP/1.1" 200 -
[16:14:58] "GET /api/siteinfo HTTP/1.1" 200 -
[16:15:01] "POST /api/register-cosudo HTTP/1.1" 200 -
[16:15:01] "GET /paiement?type=cosudo&section=lycee&tel=061916889&recu=732f54f5-b546-4a9b-b47f-95b2ea426bcf HTTP/1.1" 200 -
[16:15:02] "GET /style.css?v=20260904 HTTP/1.1" 200 -
[16:15:02] "GET /paiement.js?v=20260904 HTTP/1.1" 200 -
[16:15:02] "GET /img/eleves-hero.jpg HTTP/1.1" 200 -
[16:15:02] "GET /api/siteinfo HTTP/1.1" 200 -
[16:15:02] "GET /api/cosudo-etablissement?telephone=061916889 HTTP/1.1" 200 -
[16:15:02] "GET /uploads/logo/logo.png HTTP/1.1" 200 -
[16:15:08] "GET /api/siteinfo HTTP/1.1" 200 -
[16:15:12] "GET /api/cosudo-etablissement?telephone=061916889 HTTP/1.1" 200 -
[16:15:18] "GET /api/siteinfo HTTP/1.1" 200 -
[16:15:23] "GET /api/cosudo-etablissement?telephone=061916889 HTTP/1.1" 200 -
[16:15:28] "GET /api/siteinfo HTTP/1.1" 200 -
[16:15:32] "GET /api/cosudo-etablissement?telephone=061916889 HTTP/1.1" 200 -
[16:15:38] "GET /api/siteinfo HTTP/1.1" 200 -
[16:15:43] "GET /api/cosudo-etablissement?telephone=061916889 HTTP/1.1" 200 -
[16:15:48] "GET /api/siteinfo HTTP/1.1" 200 -
[16:15:52] "GET /api/cosudo-etablissement?telephone=061916889 HTTP/1.1" 200 -
[16:15:58] "GET /api/siteinfo HTTP/1.1" 200 -
[16:16:03] "GET /api/cosudo-etablissement?telephone=061916889 HTTP/1.1" 200 -
[16:16:08] "GET /api/siteinfo HTTP/1.1" 200 -
[16:16:12] "GET /api/cosudo-etablissement?telephone=061916889 HTTP/1.1" 200 -
[16:16:18] "GET /api/siteinfo HTTP/1.1" 200 -
[16:16:28] "GET /api/siteinfo HTTP/1.1" 200 -
[16:16:38] "GET /api/siteinfo HTTP/1.1" 200 -
[16:16:48] "GET /api/siteinfo HTTP/1.1" 200 -
[16:16:58] "GET /api/siteinfo HTTP/1.1" 200 -
[16:17:00] "GET /api/cosudo-etablissement?telephone=061916889 HTTP/1.1" 200 -
[16:17:08] "GET /api/siteinfo HTTP/1.1" 200 -
[16:17:18] "GET /api/siteinfo HTTP/1.1" 200 -
[16:17:28] "GET /api/siteinfo HTTP/1.1" 200 -
[16:17:38] "GET /api/siteinfo HTTP/1.1" 200 -
[16:17:48] "GET /api/siteinfo HTTP/1.1" 200 -
[16:17:58] "GET /api/siteinfo HTTP/1.1" 200 -
[16:17:59] "GET /api/cosudo-etablissement?telephone=061916889 HTTP/1.1" 200 -
[16:18:06] "GET /api/cosudo-etablissement?telephone=061916889 HTTP/1.1" 200 -
[16:18:08] "GET /api/siteinfo HTTP/1.1" 200 -
[16:18:09] "GET /cosudo HTTP/1.1" 200 -
[16:18:09] "GET /style.css?v=20260904 HTTP/1.1" 200 -
[16:18:09] "GET /cosudo.css?v=20260904 HTTP/1.1" 200 -
[16:18:09] "GET /img/cosudo-logo.svg HTTP/1.1" 200 -
[16:18:09] "GET /cosudo.js?v=20260904 HTTP/1.1" 200 -
[16:18:18] "GET /api/siteinfo HTTP/1.1" 200 -
[16:18:28] "GET /api/siteinfo HTTP/1.1" 200 -
[16:18:29] "GET /api/cosudo-etablissement?telephone=061916889 HTTP/1.1" 200 -
[16:18:35] "GET /api/cosudo-etablissement?telephone=061916889 HTTP/1.1" 200 -
[16:18:37] "GET / HTTP/1.1" 200 -
[16:18:38] "GET /style.css?v=20260905 HTTP/1.1" 200 -
[16:18:38] "GET /img/cosudo-logo.svg HTTP/1.1" 200 -
[16:18:38] "GET /app.js?v=20260905 HTTP/1.1" 200 -
[16:18:38] "GET /api/siteinfo HTTP/1.1" 200 -
[16:18:38] "GET /img/eleves-hero.jpg HTTP/1.1" 200 -
[16:18:38] "GET /img/eleves/e2.jpg HTTP/1.1" 200 -
[16:18:38] "GET /uploads/logo/logo.png HTTP/1.1" 200 -
[16:18:38] "GET /img/eleves/e1.jpg HTTP/1.1" 200 -
[16:18:38] "GET /img/eleves/e3.jpg HTTP/1.1" 200 -
[16:18:38] "GET /api/siteinfo HTTP/1.1" 200 -
[16:18:38] "GET /img/eleves/e4.jpg HTTP/1.1" 200 -
[16:18:38] "GET /img/eleves/e6.jpg HTTP/1.1" 200 -
[16:18:40] "GET /createur HTTP/1.1" 200 -
[16:18:40] "GET /style.css?v=20260904 HTTP/1.1" 200 -
[16:18:40] "GET /creator.css HTTP/1.1" 200 -
[16:18:40] "GET /creator.js?v=20260906 HTTP/1.1" 200 -
[16:18:40] "GET /api/registrations HTTP/1.1" 200 -
[16:18:40] code 404, message Fichier introuvable
[16:18:40] "GET /favicon.ico HTTP/1.1" 404 -
[16:18:40] "GET /api/announcements HTTP/1.1" 200 -
[16:18:40] "GET /api/registrations HTTP/1.1" 200 -
[16:18:40] "GET /api/cosudo-registrations HTTP/1.1" 200 -
[16:18:40] "GET /api/siteinfo HTTP/1.1" 200 -
[16:18:40] "GET /api/partner-requests HTTP/1.1" 200 -
[16:18:41] "GET /api/historique HTTP/1.1" 200 -
[16:18:41] "GET /api/siteinfo HTTP/1.1" 200 -
[16:18:41] "GET /api/siteinfo HTTP/1.1" 200 -
[16:18:41] "GET /api/siteinfo HTTP/1.1" 200 -
[16:18:42] "GET /api/siteinfo HTTP/1.1" 200 -
[16:18:42] "GET /api/siteinfo HTTP/1.1" 200 -
[16:18:42] "GET /api/siteinfo HTTP/1.1" 200 -
[16:18:43] "GET /api/siteinfo HTTP/1.1" 200 -
[16:18:43] "GET /api/siteinfo HTTP/1.1" 200 -
[16:18:43] "GET /api/siteinfo HTTP/1.1" 200 -
[16:18:44] "GET /api/siteinfo HTTP/1.1" 200 -
[16:18:44] "GET /api/siteinfo HTTP/1.1" 200 -
[16:18:44] "GET /img/cosudo-logo.svg?t=1787498321868 HTTP/1.1" 200 -
[16:18:44] "GET /api/siteinfo HTTP/1.1" 200 -
[16:18:44] "GET /uploads/cosudo/cosudo_20260823100217_eca18c.jpeg HTTP/1.1" 200 -
[16:18:45] "GET /api/siteinfo HTTP/1.1" 200 -
[16:18:45] "GET /uploads/logo/logo.png HTTP/1.1" 200 -
[16:18:48] "GET /api/siteinfo HTTP/1.1" 200 -
[16:18:54] "POST /api/set-statut HTTP/1.1" 200 -
[16:18:54] "GET /api/cosudo-registrations HTTP/1.1" 200 -
[16:18:58] "GET /api/siteinfo HTTP/1.1" 200 -
[16:19:08] "GET /api/siteinfo HTTP/1.1" 200 -
[16:19:13] "GET /api/etablissement?telephone=061916889 HTTP/1.1" 200 -
[16:19:18] "GET /api/siteinfo HTTP/1.1" 200 -
[16:19:21] "GET /createur HTTP/1.1" 200 -
[16:19:21] "GET /style.css?v=20260904 HTTP/1.1" 200 -
[16:19:22] "GET /creator.css HTTP/1.1" 200 -
[16:19:22] "GET /creator.js?v=20260906 HTTP/1.1" 200 -
[16:19:22] "GET /api/registrations HTTP/1.1" 200 -
[16:19:22] "GET /api/announcements HTTP/1.1" 200 -
[16:19:22] "GET /api/registrations HTTP/1.1" 200 -
[16:19:22] "GET /api/cosudo-registrations HTTP/1.1" 200 -
[16:19:22] "GET /api/partner-requests HTTP/1.1" 200 -
[16:19:22] "GET /api/historique HTTP/1.1" 200 -
[16:19:22] "GET /api/siteinfo HTTP/1.1" 200 -
[16:19:23] "GET /api/siteinfo HTTP/1.1" 200 -
[16:19:23] "GET /api/siteinfo HTTP/1.1" 200 -
[16:19:23] "GET /api/siteinfo HTTP/1.1" 200 -
[16:19:24] "GET /api/siteinfo HTTP/1.1" 200 -
[16:19:24] "GET /api/siteinfo HTTP/1.1" 200 -
[16:19:24] "GET /api/siteinfo HTTP/1.1" 200 -
[16:19:25] "GET /api/siteinfo HTTP/1.1" 200 -
[16:19:25] "GET /api/siteinfo HTTP/1.1" 200 -
[16:19:25] "GET /api/siteinfo HTTP/1.1" 200 -
[16:19:26] "GET /api/siteinfo HTTP/1.1" 200 -
[16:19:26] "GET /api/siteinfo HTTP/1.1" 200 -
[16:19:26] "GET /img/cosudo-logo.svg?t=1787498363946 HTTP/1.1" 200 -
[16:19:26] "GET /uploads/cosudo/cosudo_20260823100217_eca18c.jpeg HTTP/1.1" 200 -
[16:19:26] "GET /api/siteinfo HTTP/1.1" 200 -
[16:19:27] "GET /uploads/logo/logo.png HTTP/1.1" 200 -
[16:19:27] "GET /api/siteinfo HTTP/1.1" 200 -
[16:19:28] "GET /api/siteinfo HTTP/1.1" 200 -
[16:19:38] "GET /api/siteinfo HTTP/1.1" 200 -
[16:19:39] "POST /api/set-statut HTTP/1.1" 200 -
[16:19:40] "GET /api/cosudo-registrations HTTP/1.1" 200 -
[16:19:44] "POST /api/set-statut HTTP/1.1" 200 -
[16:19:45] "GET /api/cosudo-registrations HTTP/1.1" 200 -
[16:19:48] "GET /api/siteinfo HTTP/1.1" 200 -
[16:19:51] "GET /api/etablissement?telephone=061916889 HTTP/1.1" 200 -
[16:19:53] "GET /api/etablissement?telephone=061916889 HTTP/1.1" 200 -
[16:19:58] "GET /api/siteinfo HTTP/1.1" 200 -
[16:20:08] "GET /api/siteinfo HTTP/1.1" 200 -
[16:20:18] "GET /api/siteinfo HTTP/1.1" 200 -
[16:20:28] "GET /api/siteinfo HTTP/1.1" 200 -
[16:20:38] "GET /api/siteinfo HTTP/1.1" 200 -
[16:20:48] "GET /api/siteinfo HTTP/1.1" 200 -
[16:20:58] "GET /api/siteinfo HTTP/1.1" 200 -
[16:21:08] "GET /api/siteinfo HTTP/1.1" 200 -
[16:21:18] "GET /api/siteinfo HTTP/1.1" 200 -
[16:21:28] "GET /api/siteinfo HTTP/1.1" 200 -
[16:21:38] "GET /api/siteinfo HTTP/1.1" 200 -
[16:21:48] "GET /api/siteinfo HTTP/1.1" 200 -
[16:21:58] "GET /api/siteinfo HTTP/1.1" 200 -
[16:22:08] "GET /api/siteinfo HTTP/1.1" 200 -
[16:22:18] "GET /api/siteinfo HTTP/1.1" 200 -
[16:22:28] "GET /api/siteinfo HTTP/1.1" 200 -
[16:22:38] "GET /api/siteinfo HTTP/1.1" 200 -
[16:22:48] "GET /api/siteinfo HTTP/1.1" 200 -
[16:22:58] "GET /api/siteinfo HTTP/1.1" 200 -
[16:23:08] "GET /api/siteinfo HTTP/1.1" 200 -
[16:23:18] "GET /api/siteinfo HTTP/1.1" 200 -
[16:23:28] "GET /api/siteinfo HTTP/1.1" 200 -
[16:23:38] "GET /api/siteinfo HTTP/1.1" 200 -
[16:23:48] "GET /api/siteinfo HTTP/1.1" 200 -
[16:23:59] "GET /api/siteinfo HTTP/1.1" 200 -
[16:24:09] "GET /api/siteinfo HTTP/1.1" 200 -
[16:24:19] "GET /api/siteinfo HTTP/1.1" 200 -
[16:24:29] "GET /api/siteinfo HTTP/1.1" 200 -
[16:24:39] "GET /api/siteinfo HTTP/1.1" 200 -
[16:24:49] "GET /api/siteinfo HTTP/1.1" 200 -
[16:24:59] "GET /api/siteinfo HTTP/1.1" 200 -
[16:25:09] "GET /api/siteinfo HTTP/1.1" 200 -
[16:25:19] "GET /api/siteinfo HTTP/1.1" 200 -
[16:25:29] "GET /api/siteinfo HTTP/1.1" 200 -
[16:25:39] "GET /api/siteinfo HTTP/1.1" 200 -
[16:25:49] "GET /api/siteinfo HTTP/1.1" 200 -
[16:25:59] "GET /api/siteinfo HTTP/1.1" 200 -
[16:26:09] "GET /api/siteinfo HTTP/1.1" 200 -
[16:26:19] "GET /api/siteinfo HTTP/1.1" 200 -
[16:26:29] "GET /api/siteinfo HTTP/1.1" 200 -
[16:26:39] "GET /api/siteinfo HTTP/1.1" 200 -
[16:26:49] "GET /api/siteinfo HTTP/1.1" 200 -
[16:26:59] "GET /api/siteinfo HTTP/1.1" 200 -
[16:27:09] "GET /api/siteinfo HTTP/1.1" 200 -
[16:27:19] "GET /api/siteinfo HTTP/1.1" 200 -
[16:27:29] "GET /api/siteinfo HTTP/1.1" 200 -
[16:27:39] "GET /api/siteinfo HTTP/1.1" 200 -
[16:27:40] "GET /createur HTTP/1.1" 200 -
[16:27:40] "GET /style.css?v=20260904 HTTP/1.1" 200 -
[16:27:40] "GET /creator.css HTTP/1.1" 200 -
[16:27:40] "GET /creator.js?v=20260906 HTTP/1.1" 200 -
[16:27:40] "GET /api/registrations HTTP/1.1" 200 -
[16:27:40] "GET /api/announcements HTTP/1.1" 200 -
[16:27:40] "GET /api/registrations HTTP/1.1" 200 -
[16:27:40] "GET /api/cosudo-registrations HTTP/1.1" 200 -
[16:27:41] "GET /api/siteinfo HTTP/1.1" 200 -
[16:27:41] "GET /api/partner-requests HTTP/1.1" 200 -
[16:27:41] "GET /api/historique HTTP/1.1" 200 -
[16:27:41] "GET /api/siteinfo HTTP/1.1" 200 -
[16:27:41] "GET /api/siteinfo HTTP/1.1" 200 -
[16:27:41] "GET /api/siteinfo HTTP/1.1" 200 -
[16:27:41] "GET /api/siteinfo HTTP/1.1" 200 -
[16:27:41] "GET /api/siteinfo HTTP/1.1" 200 -
[16:27:42] "GET /api/siteinfo HTTP/1.1" 200 -
[16:27:42] "GET /api/siteinfo HTTP/1.1" 200 -
[16:27:42] "GET /api/siteinfo HTTP/1.1" 200 -
[16:27:42] "GET /api/siteinfo HTTP/1.1" 200 -
[16:27:42] "GET /api/siteinfo HTTP/1.1" 200 -
[16:27:42] "GET /api/siteinfo HTTP/1.1" 200 -
[16:27:43] "GET /api/siteinfo HTTP/1.1" 200 -
[16:27:43] "GET /img/cosudo-logo.svg?t=1787498861646 HTTP/1.1" 200 -
[16:27:43] "GET /uploads/cosudo/cosudo_20260823100217_eca18c.jpeg HTTP/1.1" 200 -
[16:27:43] "GET /api/siteinfo HTTP/1.1" 200 -
[16:27:43] "GET /uploads/logo/logo.png HTTP/1.1" 200 -
[16:27:49] "GET /api/siteinfo HTTP/1.1" 200 -
[16:27:59] "GET /api/siteinfo HTTP/1.1" 200 -
[16:28:09] "GET /api/siteinfo HTTP/1.1" 200 -
[16:28:19] "GET /api/siteinfo HTTP/1.1" 200 -
[16:28:29] "GET /api/siteinfo HTTP/1.1" 200 -
[16:28:39] "GET /api/siteinfo HTTP/1.1" 200 -
[16:28:49] "GET /api/siteinfo HTTP/1.1" 200 -
[16:28:59] "GET /api/siteinfo HTTP/1.1" 200 -
[16:29:09] "GET /api/siteinfo HTTP/1.1" 200 -
[16:29:19] "GET /api/siteinfo HTTP/1.1" 200 -
[16:29:29] "GET /api/siteinfo HTTP/1.1" 200 -
[16:29:39] "GET /api/siteinfo HTTP/1.1" 200 -
[16:29:49] "GET /api/siteinfo HTTP/1.1" 200 -
[16:29:59] "GET /api/siteinfo HTTP/1.1" 200 -
[16:30:09] "GET /api/siteinfo HTTP/1.1" 200 -
[16:30:19] "GET /api/siteinfo HTTP/1.1" 200 -
[16:30:29] "GET /api/siteinfo HTTP/1.1" 200 -
[16:30:39] "GET /api/siteinfo HTTP/1.1" 200 -
[16:30:49] "GET /api/siteinfo HTTP/1.1" 200 -
[16:30:59] "GET /api/siteinfo HTTP/1.1" 200 -
[16:31:09] "GET /api/siteinfo HTTP/1.1" 200 -
[16:31:19] "GET /api/siteinfo HTTP/1.1" 200 -
[16:31:29] "GET /api/siteinfo HTTP/1.1" 200 -
[16:31:39] "GET /api/siteinfo HTTP/1.1" 200 -
[16:31:49] "GET /api/siteinfo HTTP/1.1" 200 -
[16:31:59] "GET /api/siteinfo HTTP/1.1" 200 -
[16:32:09] "GET /api/siteinfo HTTP/1.1" 200 -
[16:32:19] "GET /api/siteinfo HTTP/1.1" 200 -
[16:32:29] "GET /api/siteinfo HTTP/1.1" 200 -
[16:32:39] "GET /api/siteinfo HTTP/1.1" 200 -
[16:32:49] "GET /api/siteinfo HTTP/1.1" 200 -
[16:32:59] "GET /api/siteinfo HTTP/1.1" 200 -
[16:33:09] "GET /api/siteinfo HTTP/1.1" 200 -
[16:33:19] "GET /api/siteinfo HTTP/1.1" 200 -
[16:33:29] "GET /api/siteinfo HTTP/1.1" 200 -
[16:33:39] "GET /api/siteinfo HTTP/1.1" 200 -
[16:33:49] "GET /api/siteinfo HTTP/1.1" 200 -
[16:33:59] "GET /api/siteinfo HTTP/1.1" 200 -
[16:34:09] "GET /api/siteinfo HTTP/1.1" 200 -
[16:34:19] "GET /api/siteinfo HTTP/1.1" 200 -
[16:34:29] "GET /api/siteinfo HTTP/1.1" 200 -
[16:34:39] "GET /api/siteinfo HTTP/1.1" 200 -
[16:34:49] "GET /api/siteinfo HTTP/1.1" 200 -
[16:34:59] "GET /api/siteinfo HTTP/1.1" 200 -
[16:35:09] "GET /api/siteinfo HTTP/1.1" 200 -
[16:35:19] "GET /api/siteinfo HTTP/1.1" 200 -
[16:35:29] "GET /api/siteinfo HTTP/1.1" 200 -
[16:35:39] "GET /api/siteinfo HTTP/1.1" 200 -
[16:35:49] "GET /api/siteinfo HTTP/1.1" 200 -
[16:35:59] "GET /api/siteinfo HTTP/1.1" 200 -
[16:36:09] "GET /api/siteinfo HTTP/1.1" 200 -
[16:36:19] "GET /api/siteinfo HTTP/1.1" 200 -
[16:36:29] "GET /api/siteinfo HTTP/1.1" 200 -
[16:36:39] "GET /api/siteinfo HTTP/1.1" 200 -
[16:36:49] "GET /api/siteinfo HTTP/1.1" 200 -
[16:36:59] "GET /api/siteinfo HTTP/1.1" 200 -
[16:37:09] "GET /api/siteinfo HTTP/1.1" 200 -
[16:37:19] "GET /api/siteinfo HTTP/1.1" 200 -
[16:37:29] "GET /api/siteinfo HTTP/1.1" 200 -
[16:37:39] "GET /api/siteinfo HTTP/1.1" 200 -
[16:37:49] "GET /api/siteinfo HTTP/1.1" 200 -
[16:37:59] "GET /api/siteinfo HTTP/1.1" 200 -
[16:38:09] "GET /api/siteinfo HTTP/1.1" 200 -
[16:38:19] "GET /api/siteinfo HTTP/1.1" 200 -
[16:38:29] "GET /api/siteinfo HTTP/1.1" 200 -
[16:38:39] "GET /api/siteinfo HTTP/1.1" 200 -
[16:38:49] "GET /api/siteinfo HTTP/1.1" 200 -
[16:38:59] "GET /api/siteinfo HTTP/1.1" 200 -
[16:39:09] "GET /api/siteinfo HTTP/1.1" 200 -
[16:39:19] "GET /api/siteinfo HTTP/1.1" 200 -
[16:39:30] "GET /api/siteinfo HTTP/1.1" 200 -
[16:39:40] "GET /api/siteinfo HTTP/1.1" 200 -
[16:39:50] "GET /api/siteinfo HTTP/1.1" 200 -
[16:40:00] "GET /api/siteinfo HTTP/1.1" 200 -
[16:40:10] "GET /api/siteinfo HTTP/1.1" 200 -
[16:40:20] "GET /api/siteinfo HTTP/1.1" 200 -
[16:40:30] "GET /api/siteinfo HTTP/1.1" 200 -
[16:40:40] "GET /api/siteinfo HTTP/1.1" 200 -
[16:40:50] "GET /api/siteinfo HTTP/1.1" 200 -
[16:41:00] "GET /api/siteinfo HTTP/1.1" 200 -
[16:41:10] "GET /api/siteinfo HTTP/1.1" 200 -
[16:41:20] "GET /api/siteinfo HTTP/1.1" 200 -
[16:41:30] "GET /api/siteinfo HTTP/1.1" 200 -
[16:41:40] "GET /api/siteinfo HTTP/1.1" 200 -
[16:41:50] "GET /api/siteinfo HTTP/1.1" 200 -
[16:42:00] "GET /api/siteinfo HTTP/1.1" 200 -
[16:42:10] "GET /api/siteinfo HTTP/1.1" 200 -
[16:42:20] "GET /api/siteinfo HTTP/1.1" 200 -
[16:42:30] "GET /api/siteinfo HTTP/1.1" 200 -
[16:42:40] "GET /api/siteinfo HTTP/1.1" 200 -
[16:42:50] "GET /api/siteinfo HTTP/1.1" 200 -
[16:43:00] "GET /api/siteinfo HTTP/1.1" 200 -
[16:43:10] "GET /api/siteinfo HTTP/1.1" 200 -
[16:43:20] "GET /api/siteinfo HTTP/1.1" 200 -
[16:43:30] "GET /api/siteinfo HTTP/1.1" 200 -
[16:43:40] "GET /api/siteinfo HTTP/1.1" 200 -
[16:43:50] "GET /api/siteinfo HTTP/1.1" 200 -
[16:44:00] "GET /api/siteinfo HTTP/1.1" 200 -
[16:44:10] "GET /api/siteinfo HTTP/1.1" 200 -
[16:44:20] "GET /api/siteinfo HTTP/1.1" 200 -
[16:44:30] "GET /api/siteinfo HTTP/1.1" 200 -
[16:44:40] "GET /api/siteinfo HTTP/1.1" 200 -
[16:44:50] "GET /api/siteinfo HTTP/1.1" 200 -
[16:45:00] "GET /api/siteinfo HTTP/1.1" 200 -
[16:45:10] "GET /api/siteinfo HTTP/1.1" 200 -
[16:45:20] "GET /api/siteinfo HTTP/1.1" 200 -
[16:45:30] "GET /api/siteinfo HTTP/1.1" 200 -
[16:45:40] "GET /api/siteinfo HTTP/1.1" 200 -
[16:45:50] "GET /api/siteinfo HTTP/1.1" 200 -
[16:46:00] "GET /api/siteinfo HTTP/1.1" 200 -
[16:46:10] "GET /api/siteinfo HTTP/1.1" 200 -
[16:46:20] "GET /api/siteinfo HTTP/1.1" 200 -
[16:46:30] "GET /api/siteinfo HTTP/1.1" 200 -
[16:46:40] "GET /api/siteinfo HTTP/1.1" 200 -
[16:46:50] "GET /api/siteinfo HTTP/1.1" 200 -
[16:47:00] "GET /api/siteinfo HTTP/1.1" 200 -
[16:47:10] "GET /api/siteinfo HTTP/1.1" 200 -
[16:47:20] "GET /api/siteinfo HTTP/1.1" 200 -
[16:47:30] "GET /api/siteinfo HTTP/1.1" 200 -
[16:47:40] "GET /api/siteinfo HTTP/1.1" 200 -
[16:47:50] "GET /api/siteinfo HTTP/1.1" 200 -
[16:48:00] "GET /api/siteinfo HTTP/1.1" 200 -
[16:48:10] "GET /api/siteinfo HTTP/1.1" 200 -
[16:48:20] "GET /api/siteinfo HTTP/1.1" 200 -
[16:48:30] "GET /api/siteinfo HTTP/1.1" 200 -
[16:48:40] "GET /api/siteinfo HTTP/1.1" 200 -
[16:48:50] "GET /api/siteinfo HTTP/1.1" 200 -
[16:49:00] "GET /api/siteinfo HTTP/1.1" 200 -
[16:49:10] "GET /api/siteinfo HTTP/1.1" 200 -
[16:49:20] "GET /api/siteinfo HTTP/1.1" 200 -
[16:49:30] "GET /api/siteinfo HTTP/1.1" 200 -
[16:49:40] "GET /api/siteinfo HTTP/1.1" 200 -
[16:49:50] "GET /api/siteinfo HTTP/1.1" 200 -
[16:50:00] "GET /api/siteinfo HTTP/1.1" 200 -
[16:50:10] "GET /api/siteinfo HTTP/1.1" 200 -
[16:50:20] "GET /api/siteinfo HTTP/1.1" 200 -
[16:50:30] "GET /api/siteinfo HTTP/1.1" 200 -
[16:50:40] "GET /api/siteinfo HTTP/1.1" 200 -
[16:50:50] "GET /api/siteinfo HTTP/1.1" 200 -
[16:51:00] "GET /api/siteinfo HTTP/1.1" 200 -
[16:51:10] "GET /api/siteinfo HTTP/1.1" 200 -
[16:51:20] "GET /api/siteinfo HTTP/1.1" 200 -
[16:51:30] "GET /api/siteinfo HTTP/1.1" 200 -
[16:51:40] "GET /api/siteinfo HTTP/1.1" 200 -
[16:51:50] "GET /api/siteinfo HTTP/1.1" 200 -
[16:52:00] "GET /api/siteinfo HTTP/1.1" 200 -
[16:52:10] "GET /api/siteinfo HTTP/1.1" 200 -
[16:52:20] "GET /api/siteinfo HTTP/1.1" 200 -
[16:52:30] "GET /api/siteinfo HTTP/1.1" 200 -
[16:52:40] "GET /api/siteinfo HTTP/1.1" 200 -
[16:52:50] "GET /api/siteinfo HTTP/1.1" 200 -
[16:53:00] "GET /api/siteinfo HTTP/1.1" 200 -
[16:53:10] "GET /api/siteinfo HTTP/1.1" 200 -
[16:53:20] "GET /api/siteinfo HTTP/1.1" 200 -
[16:53:30] "GET /api/siteinfo HTTP/1.1" 200 -
[16:53:40] "GET /api/siteinfo HTTP/1.1" 200 -
[16:53:50] "GET /api/siteinfo HTTP/1.1" 200 -
[16:54:00] "GET /api/siteinfo HTTP/1.1" 200 -
[16:54:10] "GET /api/siteinfo HTTP/1.1" 200 -
[16:54:20] "GET /api/siteinfo HTTP/1.1" 200 -
[16:54:30] "GET /api/siteinfo HTTP/1.1" 200 -
[16:54:40] "GET /api/siteinfo HTTP/1.1" 200 -
[16:54:50] "GET /api/siteinfo HTTP/1.1" 200 -
[16:55:00] "GET /api/siteinfo HTTP/1.1" 200 -
[16:55:10] "GET /api/siteinfo HTTP/1.1" 200 -
[16:55:21] "GET /api/siteinfo HTTP/1.1" 200 -
[16:55:31] "GET /api/siteinfo HTTP/1.1" 200 -
[16:55:41] "GET /api/siteinfo HTTP/1.1" 200 -
[16:55:51] "GET /api/siteinfo HTTP/1.1" 200 -
[16:56:01] "GET /api/siteinfo HTTP/1.1" 200 -
[16:56:11] "GET /api/siteinfo HTTP/1.1" 200 -
[16:56:21] "GET /api/siteinfo HTTP/1.1" 200 -
[16:56:31] "GET /api/siteinfo HTTP/1.1" 200 -
[16:56:41] "GET /api/siteinfo HTTP/1.1" 200 -
[16:56:51] "GET /api/siteinfo HTTP/1.1" 200 -
[16:57:01] "GET /api/siteinfo HTTP/1.1" 200 -
[16:57:11] "GET /api/siteinfo HTTP/1.1" 200 -
[16:57:21] "GET /api/siteinfo HTTP/1.1" 200 -
[16:57:31] "GET /api/siteinfo HTTP/1.1" 200 -
[16:57:41] "GET /api/siteinfo HTTP/1.1" 200 -
[16:57:51] "GET /api/siteinfo HTTP/1.1" 200 -
[16:58:01] "GET /api/siteinfo HTTP/1.1" 200 -
[16:58:11] "GET /api/siteinfo HTTP/1.1" 200 -
[16:58:21] "GET /api/siteinfo HTTP/1.1" 200 -
[16:58:31] "GET /api/siteinfo HTTP/1.1" 200 -
[16:58:40] "GET / HTTP/1.1" 200 -
[16:58:40] "GET /style.css?v=20260905 HTTP/1.1" 200 -
[16:58:40] "GET /img/cosudo-logo.svg HTTP/1.1" 200 -
[16:58:40] "GET /app.js?v=20260905 HTTP/1.1" 200 -
[16:58:40] "GET /img/eleves-hero.jpg HTTP/1.1" 200 -
[16:58:40] "GET /img/eleves/e1.jpg HTTP/1.1" 200 -
[16:58:40] "GET /img/eleves/e2.jpg HTTP/1.1" 200 -
[16:58:41] "GET /img/eleves/e4.jpg HTTP/1.1" 200 -
[16:58:41] "GET /img/eleves/e3.jpg HTTP/1.1" 200 -
[16:58:41] "GET /uploads/logo/logo.png HTTP/1.1" 200 -
[16:58:41] "GET /img/eleves/e6.jpg HTTP/1.1" 200 -
[16:58:41] "GET /api/siteinfo HTTP/1.1" 200 -
[16:58:51] "GET /api/siteinfo HTTP/1.1" 200 -
[16:59:01] "GET /api/siteinfo HTTP/1.1" 200 -
[16:59:11] "GET /api/siteinfo HTTP/1.1" 200 -
[16:59:21] "GET /api/siteinfo HTTP/1.1" 200 -
[16:59:31] "GET /api/siteinfo HTTP/1.1" 200 -
[16:59:41] "GET /api/siteinfo HTTP/1.1" 200 -
[16:59:51] "GET /api/siteinfo HTTP/1.1" 200 -
[17:00:01] "GET /api/siteinfo HTTP/1.1" 200 -
[17:00:11] "GET /api/siteinfo HTTP/1.1" 200 -
[17:00:21] "GET /api/siteinfo HTTP/1.1" 200 -
[17:00:31] "GET /api/siteinfo HTTP/1.1" 200 -
[17:00:41] "GET /api/siteinfo HTTP/1.1" 200 -
[17:00:51] "GET /api/siteinfo HTTP/1.1" 200 -
[17:01:01] "GET /api/siteinfo HTTP/1.1" 200 -
[17:01:11] "GET /api/siteinfo HTTP/1.1" 200 -
[17:01:21] "GET /api/siteinfo HTTP/1.1" 200 -
[17:01:31] "GET /api/siteinfo HTTP/1.1" 200 -
[17:01:33] "GET /createur HTTP/1.1" 200 -
[17:01:33] "GET /style.css?v=20260904 HTTP/1.1" 200 -
[17:01:33] "GET /creator.css HTTP/1.1" 200 -
[17:01:33] "GET /creator.js?v=20260906 HTTP/1.1" 200 -
[17:01:33] "GET /api/registrations HTTP/1.1" 200 -
[17:01:33] "GET /api/announcements HTTP/1.1" 200 -
[17:01:34] "GET /api/registrations HTTP/1.1" 200 -
[17:01:34] "GET /api/cosudo-registrations HTTP/1.1" 200 -
[17:01:34] "GET /api/partner-requests HTTP/1.1" 200 -
[17:01:34] "GET /api/siteinfo HTTP/1.1" 200 -
[17:01:34] "GET /api/historique HTTP/1.1" 200 -
[17:01:34] "GET /api/siteinfo HTTP/1.1" 200 -
[17:01:34] "GET /api/siteinfo HTTP/1.1" 200 -
[17:01:35] "GET /api/siteinfo HTTP/1.1" 200 -
[17:01:35] "GET /api/siteinfo HTTP/1.1" 200 -
[17:01:35] "GET /api/siteinfo HTTP/1.1" 200 -
[17:01:36] "GET /api/siteinfo HTTP/1.1" 200 -
[17:01:36] "GET /api/siteinfo HTTP/1.1" 200 -
[17:01:36] "GET /api/siteinfo HTTP/1.1" 200 -
[17:01:37] "GET /api/siteinfo HTTP/1.1" 200 -
[17:01:37] "GET /api/siteinfo HTTP/1.1" 200 -
[17:01:37] "GET /api/siteinfo HTTP/1.1" 200 -
[17:01:37] "GET /img/cosudo-logo.svg?t=1787500895161 HTTP/1.1" 200 -
[17:01:38] "GET /uploads/cosudo/cosudo_20260823100217_eca18c.jpeg HTTP/1.1" 200 -
[17:01:38] "GET /api/siteinfo HTTP/1.1" 200 -
[17:01:38] "GET /api/siteinfo HTTP/1.1" 200 -
[17:01:38] "GET /uploads/logo/logo.png HTTP/1.1" 200 -
[17:01:41] "GET /api/siteinfo HTTP/1.1" 200 -
[17:01:51] "GET /api/siteinfo HTTP/1.1" 200 -
[17:02:01] "GET /api/siteinfo HTTP/1.1" 200 -
[17:02:11] "GET /api/siteinfo HTTP/1.1" 200 -
[17:02:21] "GET /api/siteinfo HTTP/1.1" 200 -
[17:02:31] "GET /api/siteinfo HTTP/1.1" 200 -
[17:02:41] "GET /api/siteinfo HTTP/1.1" 200 -
[17:02:51] "GET /api/siteinfo HTTP/1.1" 200 -
[17:03:01] "GET /api/siteinfo HTTP/1.1" 200 -
[17:03:11] "GET /api/siteinfo HTTP/1.1" 200 -
[17:03:21] "GET /api/siteinfo HTTP/1.1" 200 -
[17:03:31] "GET /api/siteinfo HTTP/1.1" 200 -
[17:03:41] "GET /api/siteinfo HTTP/1.1" 200 -
[17:03:51] "GET /api/siteinfo HTTP/1.1" 200 -============================================================
  FENEMOF - Site web démarré
  Ouvrez le site : http://localhost:8000
  Sur un autre appareil du même réseau, utilisez l'adresse IP de ce PC
  Espace créateur : http://localhost:8000/createur
  Appuyez sur Ctrl+C pour arrêter.
============================================================
[17:16:08] "GET /api/siteinfo HTTP/1.1" 200 -
[17:16:18] "GET /api/siteinfo HTTP/1.1" 200 -
[17:16:28] "GET /api/siteinfo HTTP/1.1" 200 -
[17:16:38] "GET /api/siteinfo HTTP/1.1" 200 -
[17:16:48] "GET /api/siteinfo HTTP/1.1" 200 -
[17:16:58] "GET /api/siteinfo HTTP/1.1" 200 -
[17:17:08] "GET /api/siteinfo HTTP/1.1" 200 -
[17:17:18] "GET /api/siteinfo HTTP/1.1" 200 -
[17:17:28] "GET /api/siteinfo HTTP/1.1" 200 -
[17:17:38] "GET /api/siteinfo HTTP/1.1" 200 -
[17:17:48] "GET /api/siteinfo HTTP/1.1" 200 -
[17:17:58] "GET /api/siteinfo HTTP/1.1" 200 -
[17:18:08] "GET /api/siteinfo HTTP/1.1" 200 -
[17:18:18] "GET /api/siteinfo HTTP/1.1" 200 -
[17:18:28] "GET /api/siteinfo HTTP/1.1" 200 -
[17:18:38] "GET /api/siteinfo HTTP/1.1" 200 -
[17:18:48] "GET /api/siteinfo HTTP/1.1" 200 -
[17:18:58] "GET /api/siteinfo HTTP/1.1" 200 -
[17:19:08] "GET /api/siteinfo HTTP/1.1" 200 -
[17:19:18] "GET /api/siteinfo HTTP/1.1" 200 -
[17:19:28] "GET /api/siteinfo HTTP/1.1" 200 -
[17:19:38] "GET /api/siteinfo HTTP/1.1" 200 -
[17:19:48] "GET /api/siteinfo HTTP/1.1" 200 -
[17:19:58] "GET /api/siteinfo HTTP/1.1" 200 -
[17:20:08] "GET /api/siteinfo HTTP/1.1" 200 -
[17:20:18] "GET /api/siteinfo HTTP/1.1" 200 -
[17:20:28] "GET /api/siteinfo HTTP/1.1" 200 -
[17:20:38] "GET /api/siteinfo HTTP/1.1" 200 -
[17:20:48] "GET /api/siteinfo HTTP/1.1" 200 -
[17:20:58] "GET /api/siteinfo HTTP/1.1" 200 -
[17:21:08] "GET /api/siteinfo HTTP/1.1" 200 -
[17:21:18] "GET /api/siteinfo HTTP/1.1" 200 -
[17:21:28] "GET /api/siteinfo HTTP/1.1" 200 -
[17:21:38] "GET /api/siteinfo HTTP/1.1" 200 -
[17:21:48] "GET /api/siteinfo HTTP/1.1" 200 -
[17:21:58] "GET /api/siteinfo HTTP/1.1" 200 -
[17:22:08] "GET /api/siteinfo HTTP/1.1" 200 -
[17:22:18] "GET /api/siteinfo HTTP/1.1" 200 -
[17:22:29] "GET /api/siteinfo HTTP/1.1" 200 -
[17:22:39] "GET /api/siteinfo HTTP/1.1" 200 -
[17:22:49] "GET /api/siteinfo HTTP/1.1" 200 -
[17:22:59] "GET /api/siteinfo HTTP/1.1" 200 -
[17:23:09] "GET /api/siteinfo HTTP/1.1" 200 -
[17:23:19] "GET /api/siteinfo HTTP/1.1" 200 -
[17:23:29] "GET /api/siteinfo HTTP/1.1" 200 -
[17:23:39] "GET /api/siteinfo HTTP/1.1" 200 -
[17:23:49] "GET /api/siteinfo HTTP/1.1" 200 -
[17:23:59] "GET /api/siteinfo HTTP/1.1" 200 -
[17:24:09] "GET /api/siteinfo HTTP/1.1" 200 -
[17:24:19] "GET /api/siteinfo HTTP/1.1" 200 -
[17:24:29] "GET /api/siteinfo HTTP/1.1" 200 -
[17:24:39] "GET /api/siteinfo HTTP/1.1" 200 -
[17:24:49] "GET /api/siteinfo HTTP/1.1" 200 -
[17:24:59] "GET /api/siteinfo HTTP/1.1" 200 -
[17:25:09] "GET /api/siteinfo HTTP/1.1" 200 -
[17:25:19] "GET /api/siteinfo HTTP/1.1" 200 -
[17:25:29] "GET /api/siteinfo HTTP/1.1" 200 -
[17:25:39] "GET /api/siteinfo HTTP/1.1" 200 -
[17:25:49] "GET /api/siteinfo HTTP/1.1" 200 -
[17:25:59] "GET /api/siteinfo HTTP/1.1" 200 -
[17:26:09] "GET /api/siteinfo HTTP/1.1" 200 -
[17:26:19] "GET /api/siteinfo HTTP/1.1" 200 -
[17:26:29] "GET /api/siteinfo HTTP/1.1" 200 -
[17:26:39] "GET /api/siteinfo HTTP/1.1" 200 -
[17:26:49] "GET /api/siteinfo HTTP/1.1" 200 -
[17:26:59] "GET /api/siteinfo HTTP/1.1" 200 -
[17:27:09] "GET /api/siteinfo HTTP/1.1" 200 -
[17:27:19] "GET /api/siteinfo HTTP/1.1" 200 -
[17:27:29] "GET /api/siteinfo HTTP/1.1" 200 -
[17:27:39] "GET /api/siteinfo HTTP/1.1" 200 -
[17:27:49] "GET /api/siteinfo HTTP/1.1" 200 -
[17:27:59] "GET /api/siteinfo HTTP/1.1" 200 -
[17:28:09] "GET /api/siteinfo HTTP/1.1" 200 -
[17:28:19] "GET /api/siteinfo HTTP/1.1" 200 -
[17:28:29] "GET /api/siteinfo HTTP/1.1" 200 -
[17:28:39] "GET /api/siteinfo HTTP/1.1" 200 -
[17:28:49] "GET /api/siteinfo HTTP/1.1" 200 -
[17:28:59] "GET /api/siteinfo HTTP/1.1" 200 -
[17:29:09] "GET /api/siteinfo HTTP/1.1" 200 -
[17:29:19] "GET /api/siteinfo HTTP/1.1" 200 -
[17:29:29] "GET /api/siteinfo HTTP/1.1" 200 -
[17:29:39] "GET /api/siteinfo HTTP/1.1" 200 -
[17:29:49] "GET /api/siteinfo HTTP/1.1" 200 -
[17:29:59] "GET /api/siteinfo HTTP/1.1" 200 -
[17:30:09] "GET /api/siteinfo HTTP/1.1" 200 -
[17:30:19] "GET /api/siteinfo HTTP/1.1" 200 -
[17:30:29] "GET /api/siteinfo HTTP/1.1" 200 -
[17:30:39] "GET /api/siteinfo HTTP/1.1" 200 -
[17:30:49] "GET /api/siteinfo HTTP/1.1" 200 -
[17:30:59] "GET /api/siteinfo HTTP/1.1" 200 -
[17:31:09] "GET /api/siteinfo HTTP/1.1" 200 -
[17:31:19] "GET /api/siteinfo HTTP/1.1" 200 -
[17:31:29] "GET /api/siteinfo HTTP/1.1" 200 -
[17:31:39] "GET /api/siteinfo HTTP/1.1" 200 -
[17:31:49] "GET /api/siteinfo HTTP/1.1" 200 -
[17:31:59] "GET /api/siteinfo HTTP/1.1" 200 -
[17:32:09] "GET /api/siteinfo HTTP/1.1" 200 -
[17:32:19] "GET /api/siteinfo HTTP/1.1" 200 -
[17:32:29] "GET /api/siteinfo HTTP/1.1" 200 -
[17:32:39] "GET /api/siteinfo HTTP/1.1" 200 -
[17:32:49] "GET /api/siteinfo HTTP/1.1" 200 -
[17:32:59] "GET /api/siteinfo HTTP/1.1" 200 -
[17:33:09] "GET /api/siteinfo HTTP/1.1" 200 -
[17:33:19] "GET /api/siteinfo HTTP/1.1" 200 -
[17:33:29] "GET /api/siteinfo HTTP/1.1" 200 -
[17:33:40] "GET /api/siteinfo HTTP/1.1" 200 -
[17:33:50] "GET /api/siteinfo HTTP/1.1" 200 -
[17:34:00] "GET /api/siteinfo HTTP/1.1" 200 -
[17:34:10] "GET /api/siteinfo HTTP/1.1" 200 -
[17:34:20] "GET /api/siteinfo HTTP/1.1" 200 -
[17:34:30] "GET /api/siteinfo HTTP/1.1" 200 -
[17:34:40] "GET /api/siteinfo HTTP/1.1" 200 -
[17:34:50] "GET /api/siteinfo HTTP/1.1" 200 -
[17:35:00] "GET /api/siteinfo HTTP/1.1" 200 -
[17:35:10] "GET /api/siteinfo HTTP/1.1" 200 -
[17:35:20] "GET /api/siteinfo HTTP/1.1" 200 -
[17:35:30] "GET /api/siteinfo HTTP/1.1" 200 -
[17:35:40] "GET /api/siteinfo HTTP/1.1" 200 -
[17:35:50] "GET /api/siteinfo HTTP/1.1" 200 -
[17:36:00] "GET /api/siteinfo HTTP/1.1" 200 -
[17:36:10] "GET /api/siteinfo HTTP/1.1" 200 -
[17:36:20] "GET /api/siteinfo HTTP/1.1" 200 -
[17:36:30] "GET /api/siteinfo HTTP/1.1" 200 -
[17:36:40] "GET /api/siteinfo HTTP/1.1" 200 -
[17:36:50] "GET /api/siteinfo HTTP/1.1" 200 -
[17:37:00] "GET /api/siteinfo HTTP/1.1" 200 -
[17:37:10] "GET /api/siteinfo HTTP/1.1" 200 -
[17:37:20] "GET /api/siteinfo HTTP/1.1" 200 -
[17:37:30] "GET /api/siteinfo HTTP/1.1" 200 -
[17:37:40] "GET /api/siteinfo HTTP/1.1" 200 -
[17:37:50] "GET /api/siteinfo HTTP/1.1" 200 -
[17:38:00] "GET /api/siteinfo HTTP/1.1" 200 -
[17:38:10] "GET /api/siteinfo HTTP/1.1" 200 -
[17:38:20] "GET /api/siteinfo HTTP/1.1" 200 -
[17:38:30] "GET /api/siteinfo HTTP/1.1" 200 -
[17:38:40] "GET /api/siteinfo HTTP/1.1" 200 -
[17:38:45] "GET / HTTP/1.1" 200 -
[17:38:45] "GET /style.css?v=20260905 HTTP/1.1" 200 -
[17:38:45] "GET /img/cosudo-logo.svg HTTP/1.1" 200 -
[17:38:46] "GET /img/eleves-hero.jpg HTTP/1.1" 200 -
[17:38:46] "GET /img/eleves/e2.jpg HTTP/1.1" 200 -
[17:38:46] "GET /img/eleves/e1.jpg HTTP/1.1" 200 -
[17:38:46] "GET /img/eleves/e6.jpg HTTP/1.1" 200 -
[17:38:46] "GET /img/eleves/e4.jpg HTTP/1.1" 200 -
[17:38:46] "GET /img/eleves/e3.jpg HTTP/1.1" 200 -
[17:38:46] "GET /app.js?v=20260905 HTTP/1.1" 200 -
[17:38:47] "GET /api/siteinfo HTTP/1.1" 200 -
[17:38:47] "GET /uploads/cosudo_logo/cosudo_logo.jpeg HTTP/1.1" 200 -
[17:38:47] "GET /uploads/logo/logo.png HTTP/1.1" 200 -
[17:38:50] "GET /api/siteinfo HTTP/1.1" 200 -
[17:38:51] "GET /cosudo HTTP/1.1" 200 -
[17:38:51] "GET /style.css?v=20260904 HTTP/1.1" 200 -
[17:38:51] "GET /img/cosudo-logo.svg HTTP/1.1" 200 -
[17:38:51] "GET /cosudo.css?v=20260904 HTTP/1.1" 200 -
[17:38:51] "GET /cosudo.js?v=20260904 HTTP/1.1" 200 -
[17:38:51] "GET /api/siteinfo HTTP/1.1" 200 -
[17:38:52] "GET /uploads/cosudo_logo/cosudo_logo.jpeg HTTP/1.1" 200 -
[17:39:00] "GET /api/siteinfo HTTP/1.1" 200 -
[17:39:10] "GET /api/siteinfo HTTP/1.1" 200 -
[17:39:20] "GET /api/siteinfo HTTP/1.1" 200 -
[17:39:24] "POST /api/register-cosudo HTTP/1.1" 200 -
[17:39:24] "GET /paiement?type=cosudo&section=lycee&tel=061916889&recu=1680b8b4-1333-488f-89da-1e90448be2e7 HTTP/1.1" 200 -
[17:39:24] "GET /style.css?v=20260904 HTTP/1.1" 200 -
[17:39:25] "GET /paiement.js?v=20260904 HTTP/1.1" 200 -
[17:39:25] "GET /api/siteinfo HTTP/1.1" 200 -
[17:39:25] "GET /img/eleves-hero.jpg HTTP/1.1" 200 -
[17:39:25] "GET /api/cosudo-etablissement?telephone=061916889 HTTP/1.1" 200 -
[17:39:25] "GET /uploads/logo/logo.png HTTP/1.1" 200 -
[17:39:30] "GET /api/siteinfo HTTP/1.1" 200 -
[17:39:30] "GET /paiement?type=cosudo&section=lycee&tel=061916889&recu=1680b8b4-1333-488f-89da-1e90448be2e7 HTTP/1.1" 200 -
[17:39:30] "GET /style.css?v=20260904 HTTP/1.1" 200 -
[17:39:31] "GET /paiement.js?v=20260904 HTTP/1.1" 200 -
[17:39:31] "GET /api/siteinfo HTTP/1.1" 200 -
[17:39:31] "GET /img/eleves-hero.jpg HTTP/1.1" 200 -
[17:39:31] "GET /api/cosudo-etablissement?telephone=061916889 HTTP/1.1" 200 -
[17:39:31] "GET /uploads/logo/logo.png HTTP/1.1" 200 -
[17:39:40] "GET /api/siteinfo HTTP/1.1" 200 -
[17:39:41] "GET /api/cosudo-etablissement?telephone=061916889 HTTP/1.1" 200 -
[17:39:50] "GET /api/siteinfo HTTP/1.1" 200 -
[17:39:51] "GET /api/cosudo-etablissement?telephone=061916889 HTTP/1.1" 200 -
[17:40:00] "GET /api/siteinfo HTTP/1.1" 200 -
[17:40:01] "GET /api/cosudo-etablissement?telephone=061916889 HTTP/1.1" 200 -
[17:40:10] "GET /api/siteinfo HTTP/1.1" 200 -
[17:40:20] "GET /api/siteinfo HTTP/1.1" 200 -
[17:40:30] "GET /api/siteinfo HTTP/1.1" 200 -
[17:40:40] "GET /api/siteinfo HTTP/1.1" 200 -
[17:40:50] "GET /api/siteinfo HTTP/1.1" 200 -
[17:41:00] "GET /api/siteinfo HTTP/1.1" 200 -
[17:41:10] "GET /api/siteinfo HTTP/1.1" 200 -
[17:41:20] "GET /api/siteinfo HTTP/1.1" 200 -
[17:41:30] "GET /api/siteinfo HTTP/1.1" 200 -
[17:41:40] "GET /api/siteinfo HTTP/1.1" 200 -
[17:41:50] "GET /api/siteinfo HTTP/1.1" 200 -
[17:42:00] "GET /api/siteinfo HTTP/1.1" 200 -
[17:42:10] "GET /api/siteinfo HTTP/1.1" 200 -
[17:42:20] "GET /api/siteinfo HTTP/1.1" 200 -
[17:42:30] "GET /api/siteinfo HTTP/1.1" 200 -
[17:42:40] "GET /api/siteinfo HTTP/1.1" 200 -
[17:42:50] "GET /api/siteinfo HTTP/1.1" 200 -
[17:43:00] "GET /api/siteinfo HTTP/1.1" 200 -
[17:43:10] "GET /api/siteinfo HTTP/1.1" 200 -
[17:43:20] "GET /api/siteinfo HTTP/1.1" 200 -
[17:43:30] "GET /api/siteinfo HTTP/1.1" 200 -
[17:43:40] "GET /api/siteinfo HTTP/1.1" 200 -
[17:43:50] "GET /api/siteinfo HTTP/1.1" 200 -
[17:44:00] "GET /api/siteinfo HTTP/1.1" 200 -
[17:44:10] "GET /api/siteinfo HTTP/1.1" 200 -
[17:44:20] "GET /api/siteinfo HTTP/1.1" 200 -
[17:44:30] "GET /api/siteinfo HTTP/1.1" 200 -
[17:44:40] "GET /api/siteinfo HTTP/1.1" 200 -
[17:44:50] "GET /api/siteinfo HTTP/1.1" 200 -
[17:45:00] "GET /api/siteinfo HTTP/1.1" 200 -
[17:45:10] "GET /api/siteinfo HTTP/1.1" 200 -
[17:45:20] "GET /api/siteinfo HTTP/1.1" 200 -
[17:45:30] "GET /api/siteinfo HTTP/1.1" 200 -
[17:45:40] "GET /api/siteinfo HTTP/1.1" 200 -
[17:45:50] "GET /api/siteinfo HTTP/1.1" 200 -
[17:46:00] "GET /api/siteinfo HTTP/1.1" 200 -
[17:46:10] "GET /api/siteinfo HTTP/1.1" 200 -
[17:46:20] "GET /api/siteinfo HTTP/1.1" 200 -
[17:46:30] "GET /api/siteinfo HTTP/1.1" 200 -
[17:46:40] "GET /api/siteinfo HTTP/1.1" 200 -
[17:46:50] "GET /api/siteinfo HTTP/1.1" 200 -
[17:47:01] "GET /api/siteinfo HTTP/1.1" 200 -
[17:47:11] "GET /api/siteinfo HTTP/1.1" 200 -
[17:47:21] "GET /api/siteinfo HTTP/1.1" 200 -
[17:47:31] "GET /api/siteinfo HTTP/1.1" 200 -
[17:47:41] "GET /api/siteinfo HTTP/1.1" 200 -
[17:47:51] "GET /api/siteinfo HTTP/1.1" 200 -
[17:48:01] "GET /api/siteinfo HTTP/1.1" 200 -
[17:48:11] "GET /api/siteinfo HTTP/1.1" 200 -
[17:48:21] "GET /api/siteinfo HTTP/1.1" 200 -
[17:48:31] "GET /api/siteinfo HTTP/1.1" 200 -
[17:48:41] "GET /api/siteinfo HTTP/1.1" 200 -
[17:48:51] "GET /api/siteinfo HTTP/1.1" 200 -
[17:49:01] "GET /api/siteinfo HTTP/1.1" 200 -
[17:49:11] "GET /api/siteinfo HTTP/1.1" 200 -
[17:49:21] "GET /api/siteinfo HTTP/1.1" 200 -
[17:49:31] "GET /api/siteinfo HTTP/1.1" 200 -
[17:49:36] "GET / HTTP/1.1" 200 -
[17:49:36] "GET /style.css?v=20260905 HTTP/1.1" 200 -
[17:49:36] "GET /img/cosudo-logo.svg HTTP/1.1" 200 -
[17:49:36] "GET /img/eleves-hero.jpg HTTP/1.1" 200 -
[17:49:36] "GET /app.js?v=20260905 HTTP/1.1" 200 -
[17:49:37] "GET /img/eleves/e1.jpg HTTP/1.1" 200 -
[17:49:37] "GET /img/eleves/e2.jpg HTTP/1.1" 200 -
[17:49:37] "GET /img/eleves/e3.jpg HTTP/1.1" 200 -
[17:49:37] "GET /img/eleves/e4.jpg HTTP/1.1" 200 -
[17:49:37] "GET /img/eleves/e6.jpg HTTP/1.1" 200 -
[17:49:37] "GET /uploads/logo/logo.png HTTP/1.1" 200 -
[17:49:39] "GET / HTTP/1.1" 200 -
[17:49:39] "GET /style.css?v=20260905 HTTP/1.1" 200 -
[17:49:39] "GET /img/cosudo-logo.svg HTTP/1.1" 200 -
[17:49:39] "GET /app.js?v=20260905 HTTP/1.1" 200 -
[17:49:39] "GET /api/siteinfo HTTP/1.1" 200 -
[17:49:39] "GET /img/eleves-hero.jpg HTTP/1.1" 200 -
[17:49:39] "GET /img/eleves/e2.jpg HTTP/1.1" 200 -
[17:49:40] "GET /img/eleves/e1.jpg HTTP/1.1" 200 -
[17:49:40] "GET /img/eleves/e3.jpg HTTP/1.1" 200 -
[17:49:40] "GET /img/eleves/e4.jpg HTTP/1.1" 200 -
[17:49:40] "GET /img/eleves/e6.jpg HTTP/1.1" 200 -
[17:49:41] "GET /api/siteinfo HTTP/1.1" 200 -
[17:49:43] "GET /cosudo HTTP/1.1" 200 -
[17:49:43] "GET /style.css?v=20260904 HTTP/1.1" 200 -
[17:49:43] "GET /cosudo.css?v=20260904 HTTP/1.1" 200 -
[17:49:43] "GET /img/cosudo-logo.svg HTTP/1.1" 200 -
[17:49:43] "GET /cosudo.js?v=20260904 HTTP/1.1" 200 -
[17:49:43] "GET /api/siteinfo HTTP/1.1" 200 -
[17:49:51] "GET /api/siteinfo HTTP/1.1" 200 -
[17:50:01] "GET /api/siteinfo HTTP/1.1" 200 -
[17:50:11] "GET /api/siteinfo HTTP/1.1" 200 -
[17:50:21] "GET /api/siteinfo HTTP/1.1" 200 -
[17:50:23] "POST /api/register-cosudo HTTP/1.1" 200 -
[17:50:23] "GET /paiement?type=cosudo&section=lycee&tel=061916889&recu=543f08c5-210e-42c2-abb5-9ec64ee9df57 HTTP/1.1" 200 -
[17:50:23] "GET /style.css?v=20260904 HTTP/1.1" 200 -
[17:50:24] "GET /paiement.js?v=20260904 HTTP/1.1" 200 -
[17:50:24] "GET /img/eleves-hero.jpg HTTP/1.1" 200 -
[17:50:24] "GET /api/siteinfo HTTP/1.1" 200 -
[17:50:24] "GET /api/cosudo-etablissement?telephone=061916889 HTTP/1.1" 200 -
[17:50:31] "GET /api/siteinfo HTTP/1.1" 200 -
[17:50:34] "GET /api/cosudo-etablissement?telephone=061916889 HTTP/1.1" 200 -
[17:50:41] "GET /api/siteinfo HTTP/1.1" 200 -
[17:50:44] "GET /api/cosudo-etablissement?telephone=061916889 HTTP/1.1" 200 -
[17:50:51] "GET /api/siteinfo HTTP/1.1" 200 -
[17:50:54] "GET /api/cosudo-etablissement?telephone=061916889 HTTP/1.1" 200 -
[17:51:01] "GET /api/siteinfo HTTP/1.1" 200 -
[17:51:04] "GET /api/cosudo-etablissement?telephone=061916889 HTTP/1.1" 200 -
[17:51:11] "GET /api/siteinfo HTTP/1.1" 200 -
[17:51:14] "GET /api/cosudo-etablissement?telephone=061916889 HTTP/1.1" 200 -
[17:51:21] "GET /api/siteinfo HTTP/1.1" 200 -
[17:51:24] "GET /api/cosudo-etablissement?telephone=061916889 HTTP/1.1" 200 -
[17:51:31] "GET /api/siteinfo HTTP/1.1" 200 -
[17:51:34] "GET /api/cosudo-etablissement?telephone=061916889 HTTP/1.1" 200 -
[17:51:41] "GET /api/siteinfo HTTP/1.1" 200 -
[17:51:51] "GET /api/siteinfo HTTP/1.1" 200 -
[17:51:53] "GET /api/cosudo-etablissement?telephone=061916889 HTTP/1.1" 200 -
[17:52:01] "GET /api/siteinfo HTTP/1.1" 200 -
[17:52:11] "GET /api/siteinfo HTTP/1.1" 200 -
[17:52:21] "GET /api/siteinfo HTTP/1.1" 200 -
[17:52:31] "GET /api/siteinfo HTTP/1.1" 200 -
[17:52:41] "GET /api/siteinfo HTTP/1.1" 200 -
[17:52:51] "GET /api/siteinfo HTTP/1.1" 200 -
[17:52:53] "GET /api/cosudo-etablissement?telephone=061916889 HTTP/1.1" 200 -
[17:53:01] "GET /api/siteinfo HTTP/1.1" 200 -
[17:53:11] "GET /api/siteinfo HTTP/1.1" 200 -
[17:53:21] "GET /api/siteinfo HTTP/1.1" 200 -
[17:53:31] "GET /api/siteinfo HTTP/1.1" 200 -
[17:53:41] "GET /api/siteinfo HTTP/1.1" 200 -
[17:53:51] "GET /api/siteinfo HTTP/1.1" 200 -
[17:53:53] "GET /api/cosudo-etablissement?telephone=061916889 HTTP/1.1" 200 -
[17:54:01] "GET /api/siteinfo HTTP/1.1" 200 -
[17:54:11] "GET /api/siteinfo HTTP/1.1" 200 -
[17:54:21] "GET /api/siteinfo HTTP/1.1" 200 -
[17:54:31] "GET /api/siteinfo HTTP/1.1" 200 -
[17:54:41] "GET /api/siteinfo HTTP/1.1" 200 -
[17:54:51] "GET /api/siteinfo HTTP/1.1" 200 -
[17:54:53] "GET /api/cosudo-etablissement?telephone=061916889 HTTP/1.1" 200 -
[17:55:01] "GET /api/siteinfo HTTP/1.1" 200 -============================================================
  FENEMOF - Site web démarré
  Ouvrez le site : http://localhost:8000
  Sur un autre appareil du même réseau, utilisez l'adresse IP de ce PC
  Espace créateur : http://localhost:8000/createur
  Appuyez sur Ctrl+C pour arrêter.
============================================================
[16:27:37] "GET /api/siteinfo HTTP/1.1" 200 -
[16:27:47] "GET /api/siteinfo HTTP/1.1" 200 -
[16:27:57] "GET /api/siteinfo HTTP/1.1" 200 -
[16:28:07] "GET /api/siteinfo HTTP/1.1" 200 -
[16:28:17] "GET /api/siteinfo HTTP/1.1" 200 -
[16:28:27] "GET /api/siteinfo HTTP/1.1" 200 -
[16:28:37] "GET /api/siteinfo HTTP/1.1" 200 -
[16:28:47] "GET /api/siteinfo HTTP/1.1" 200 -
[16:28:57] "GET /api/siteinfo HTTP/1.1" 200 -
[16:29:07] "GET /api/siteinfo HTTP/1.1" 200 -
[16:29:17] "GET /api/siteinfo HTTP/1.1" 200 -
[16:29:27] "GET /api/siteinfo HTTP/1.1" 200 -
[16:29:37] "GET /api/siteinfo HTTP/1.1" 200 -
[16:29:47] "GET /api/siteinfo HTTP/1.1" 200 -
[16:29:57] "GET /api/siteinfo HTTP/1.1" 200 -
[16:30:07] "GET /api/siteinfo HTTP/1.1" 200 -
[16:30:17] "GET /api/siteinfo HTTP/1.1" 200 -
[16:30:27] "GET /api/siteinfo HTTP/1.1" 200 -
[16:30:37] "GET /api/siteinfo HTTP/1.1" 200 -
[16:30:47] "GET /api/siteinfo HTTP/1.1" 200 -
[16:30:57] "GET /api/siteinfo HTTP/1.1" 200 -
[16:31:07] "GET /api/siteinfo HTTP/1.1" 200 -
[16:31:17] "GET /api/siteinfo HTTP/1.1" 200 -
[16:31:27] "GET /api/siteinfo HTTP/1.1" 200 -
[16:31:37] "GET /api/siteinfo HTTP/1.1" 200 -
[16:31:47] "GET /api/siteinfo HTTP/1.1" 200 -
[16:31:57] "GET /api/siteinfo HTTP/1.1" 200 -
[16:32:07] "GET /api/siteinfo HTTP/1.1" 200 -
[16:32:17] "GET /api/siteinfo HTTP/1.1" 200 -
[16:32:27] "GET /api/siteinfo HTTP/1.1" 200 -
[16:32:37] "GET /api/siteinfo HTTP/1.1" 200 -
[16:32:47] "GET /api/siteinfo HTTP/1.1" 200 -
[16:32:57] "GET /api/siteinfo HTTP/1.1" 200 -
[16:33:07] "GET /api/siteinfo HTTP/1.1" 200 -
[16:33:17] "GET /api/siteinfo HTTP/1.1" 200 -
[16:33:27] "GET /api/siteinfo HTTP/1.1" 200 -
[16:33:37] "GET /api/siteinfo HTTP/1.1" 200 -
[16:33:47] "GET /api/siteinfo HTTP/1.1" 200 -
[16:33:57] "GET /api/siteinfo HTTP/1.1" 200 -
[16:34:07] "GET /api/siteinfo HTTP/1.1" 200 -
[16:34:17] "GET /api/siteinfo HTTP/1.1" 200 -
[16:34:27] "GET /api/siteinfo HTTP/1.1" 200 -
[16:34:37] "GET /api/siteinfo HTTP/1.1" 200 -
[16:34:47] "GET /api/siteinfo HTTP/1.1" 200 -
[16:34:57] "GET /api/siteinfo HTTP/1.1" 200 -
[16:35:07] "GET /api/siteinfo HTTP/1.1" 200 -
[16:35:17] "GET /api/siteinfo HTTP/1.1" 200 -
[16:35:27] "GET /api/siteinfo HTTP/1.1" 200 -
[16:35:37] "GET /api/siteinfo HTTP/1.1" 200 -
[16:35:47] "GET /api/siteinfo HTTP/1.1" 200 -
[16:35:57] "GET /api/siteinfo HTTP/1.1" 200 -
[16:36:07] "GET /api/siteinfo HTTP/1.1" 200 -
[16:36:17] "GET /api/siteinfo HTTP/1.1" 200 -
[16:36:27] "GET /api/siteinfo HTTP/1.1" 200 -
[16:36:37] "GET /api/siteinfo HTTP/1.1" 200 -
[16:36:47] "GET /api/siteinfo HTTP/1.1" 200 -
[16:36:57] "GET /api/siteinfo HTTP/1.1" 200 -
[16:37:07] "GET /api/siteinfo HTTP/1.1" 200 -
[16:37:17] "GET /api/siteinfo HTTP/1.1" 200 -
[16:37:27] "GET /api/siteinfo HTTP/1.1" 200 -
[16:37:37] "GET /api/siteinfo HTTP/1.1" 200 -
[16:37:47] "GET /api/siteinfo HTTP/1.1" 200 -
[16:37:57] "GET /api/siteinfo HTTP/1.1" 200 -
[16:38:07] "GET /api/siteinfo HTTP/1.1" 200 -
[16:38:17] "GET /api/siteinfo HTTP/1.1" 200 -
[16:38:27] "GET /api/siteinfo HTTP/1.1" 200 -
[16:38:37] "GET /api/siteinfo HTTP/1.1" 200 -
[16:38:47] "GET /api/siteinfo HTTP/1.1" 200 -
[16:38:57] "GET /api/siteinfo HTTP/1.1" 200 -
[16:39:07] "GET /api/siteinfo HTTP/1.1" 200 -
[16:39:17] "GET /api/siteinfo HTTP/1.1" 200 -
[16:39:27] "GET /api/siteinfo HTTP/1.1" 200 -
[16:39:37] "GET /api/siteinfo HTTP/1.1" 200 -
[16:39:47] "GET /api/siteinfo HTTP/1.1" 200 -
[16:39:57] "GET /api/siteinfo HTTP/1.1" 200 -
[16:40:07] "GET /api/siteinfo HTTP/1.1" 200 -
[16:40:17] "GET /api/siteinfo HTTP/1.1" 200 -
[16:40:27] "GET /api/siteinfo HTTP/1.1" 200 -
[16:40:37] "GET /api/siteinfo HTTP/1.1" 200 -
[16:40:48] "GET /api/siteinfo HTTP/1.1" 200 -
[16:40:58] "GET /api/siteinfo HTTP/1.1" 200 -
[16:41:08] "GET /api/siteinfo HTTP/1.1" 200 -
[16:41:18] "GET /api/siteinfo HTTP/1.1" 200 -
[16:41:28] "GET /api/siteinfo HTTP/1.1" 200 -
[16:41:38] "GET /api/siteinfo HTTP/1.1" 200 -
[16:41:48] "GET /api/siteinfo HTTP/1.1" 200 -
[16:41:58] "GET /api/siteinfo HTTP/1.1" 200 -
[16:42:08] "GET /api/siteinfo HTTP/1.1" 200 -
[16:42:18] "GET /api/siteinfo HTTP/1.1" 200 -
[16:42:28] "GET /api/siteinfo HTTP/1.1" 200 -
[16:42:38] "GET /api/siteinfo HTTP/1.1" 200 -
[16:42:48] "GET /api/siteinfo HTTP/1.1" 200 -
[16:42:58] "GET /api/siteinfo HTTP/1.1" 200 -
[16:43:08] "GET /api/siteinfo HTTP/1.1" 200 -
[16:43:18] "GET /api/siteinfo HTTP/1.1" 200 -
[16:43:28] "GET /api/siteinfo HTTP/1.1" 200 -
[16:43:38] "GET /api/siteinfo HTTP/1.1" 200 -
[16:43:48] "GET /api/siteinfo HTTP/1.1" 200 -
[16:43:58] "GET /api/siteinfo HTTP/1.1" 200 -
[16:44:08] "GET /api/siteinfo HTTP/1.1" 200 -
[16:44:18] "GET /api/siteinfo HTTP/1.1" 200 -
[16:44:28] "GET /api/siteinfo HTTP/1.1" 200 -
[16:44:38] "GET /api/siteinfo HTTP/1.1" 200 -
[16:44:48] "GET /api/siteinfo HTTP/1.1" 200 -
[16:44:58] "GET /api/siteinfo HTTP/1.1" 200 -
[16:45:08] "GET /api/siteinfo HTTP/1.1" 200 -
[16:45:18] "GET /api/siteinfo HTTP/1.1" 200 -
[16:45:28] "GET /api/siteinfo HTTP/1.1" 200 -
[16:45:38] "GET /api/siteinfo HTTP/1.1" 200 -
[16:45:48] "GET /api/siteinfo HTTP/1.1" 200 -
[16:45:58] "GET /api/siteinfo HTTP/1.1" 200 -
[16:46:08] "GET /api/siteinfo HTTP/1.1" 200 -
[16:46:18] "GET /api/siteinfo HTTP/1.1" 200 -
[16:46:28] "GET /api/siteinfo HTTP/1.1" 200 -
[16:46:38] "GET /api/siteinfo HTTP/1.1" 200 -
[16:46:48] "GET /api/siteinfo HTTP/1.1" 200 -
[16:46:58] "GET /api/siteinfo HTTP/1.1" 200 -
[16:47:08] "GET /api/siteinfo HTTP/1.1" 200 -
[16:47:18] "GET /api/siteinfo HTTP/1.1" 200 -
[16:47:28] "GET /api/siteinfo HTTP/1.1" 200 -
[16:47:38] "GET /api/siteinfo HTTP/1.1" 200 -
[16:47:48] "GET /api/siteinfo HTTP/1.1" 200 -
[16:47:58] "GET /api/siteinfo HTTP/1.1" 200 -
[16:48:08] "GET /api/siteinfo HTTP/1.1" 200 -
[16:48:18] "GET /api/siteinfo HTTP/1.1" 200 -
[16:48:28] "GET /api/siteinfo HTTP/1.1" 200 -
[16:48:38] "GET /api/siteinfo HTTP/1.1" 200 -
[16:48:48] "GET /api/siteinfo HTTP/1.1" 200 -
[16:48:58] "GET /api/siteinfo HTTP/1.1" 200 -
[16:49:08] "GET /api/siteinfo HTTP/1.1" 200 -
[16:49:18] "GET /api/siteinfo HTTP/1.1" 200 -
[16:49:28] "GET /api/siteinfo HTTP/1.1" 200 -
[16:49:38] "GET /api/siteinfo HTTP/1.1" 200 -
[16:49:48] "GET /api/siteinfo HTTP/1.1" 200 -
[16:49:58] "GET /api/siteinfo HTTP/1.1" 200 -
[16:50:08] "GET /api/siteinfo HTTP/1.1" 200 -
[16:50:18] "GET /api/siteinfo HTTP/1.1" 200 -
[16:50:28] "GET /api/siteinfo HTTP/1.1" 200 -
[16:50:38] "GET /api/siteinfo HTTP/1.1" 200 -
[16:50:48] "GET /api/siteinfo HTTP/1.1" 200 -
[16:50:58] "GET /api/siteinfo HTTP/1.1" 200 -
[16:51:08] "GET /api/siteinfo HTTP/1.1" 200 -
[16:51:18] "GET /api/siteinfo HTTP/1.1" 200 -
[16:51:28] "GET /api/siteinfo HTTP/1.1" 200 -
[16:51:38] "GET /api/siteinfo HTTP/1.1" 200 -
[16:51:48] "GET /api/siteinfo HTTP/1.1" 200 -
[16:51:58] "GET /api/siteinfo HTTP/1.1" 200 -
[16:52:08] "GET /api/siteinfo HTTP/1.1" 200 -
[16:52:18] "GET /api/siteinfo HTTP/1.1" 200 -
[16:52:28] "GET /api/siteinfo HTTP/1.1" 200 -
[16:52:38] "GET /api/siteinfo HTTP/1.1" 200 -
[16:52:48] "GET /api/siteinfo HTTP/1.1" 200 -
[16:52:58] "GET /api/siteinfo HTTP/1.1" 200 -
[16:53:08] "GET /api/siteinfo HTTP/1.1" 200 -
[16:53:18] "GET /api/siteinfo HTTP/1.1" 200 -
[16:53:28] "GET /api/siteinfo HTTP/1.1" 200 -
[16:53:38] "GET /api/siteinfo HTTP/1.1" 200 -
[16:53:48] "GET /api/siteinfo HTTP/1.1" 200 -
[16:53:58] "GET /api/siteinfo HTTP/1.1" 200 -
[16:54:08] "GET /api/siteinfo HTTP/1.1" 200 -
[16:54:18] "GET /api/siteinfo HTTP/1.1" 200 -
[16:54:28] "GET /api/siteinfo HTTP/1.1" 200 -
[16:54:38] "GET /api/siteinfo HTTP/1.1" 200 -
[16:54:49] "GET /api/siteinfo HTTP/1.1" 200 -
[16:54:59] "GET /api/siteinfo HTTP/1.1" 200 -
[16:55:09] "GET /api/siteinfo HTTP/1.1" 200 -
[16:55:19] "GET /api/siteinfo HTTP/1.1" 200 -
[16:55:29] "GET /api/siteinfo HTTP/1.1" 200 -
[16:55:39] "GET /api/siteinfo HTTP/1.1" 200 -
[16:55:49] "GET /api/siteinfo HTTP/1.1" 200 -
[16:55:59] "GET /api/siteinfo HTTP/1.1" 200 -
[16:56:09] "GET /api/siteinfo HTTP/1.1" 200 -
[16:56:19] "GET /api/siteinfo HTTP/1.1" 200 -
[16:56:29] "GET /api/siteinfo HTTP/1.1" 200 -
[16:56:39] "GET /api/siteinfo HTTP/1.1" 200 -
[16:56:49] "GET /api/siteinfo HTTP/1.1" 200 -
[16:56:59] "GET /api/siteinfo HTTP/1.1" 200 -
[16:57:09] "GET /api/siteinfo HTTP/1.1" 200 -
[16:57:19] "GET /api/siteinfo HTTP/1.1" 200 -
[16:57:29] "GET /api/siteinfo HTTP/1.1" 200 -
[16:57:39] "GET /api/siteinfo HTTP/1.1" 200 -
[16:57:49] "GET /api/siteinfo HTTP/1.1" 200 -
[16:57:59] "GET /api/siteinfo HTTP/1.1" 200 -
[16:58:09] "GET /api/siteinfo HTTP/1.1" 200 -
[16:58:19] "GET /api/siteinfo HTTP/1.1" 200 -
[16:58:29] "GET /api/siteinfo HTTP/1.1" 200 -
[16:58:39] "GET /api/siteinfo HTTP/1.1" 200 -
[16:58:49] "GET /api/siteinfo HTTP/1.1" 200 -
[16:58:59] "GET /api/siteinfo HTTP/1.1" 200 -
[16:59:09] "GET /api/siteinfo HTTP/1.1" 200 -
[16:59:19] "GET /api/siteinfo HTTP/1.1" 200 -
[16:59:29] "GET /api/siteinfo HTTP/1.1" 200 -
[16:59:39] "GET /api/siteinfo HTTP/1.1" 200 -
[16:59:49] "GET /api/siteinfo HTTP/1.1" 200 -
[16:59:59] "GET /api/siteinfo HTTP/1.1" 200 -
[17:00:09] "GET /api/siteinfo HTTP/1.1" 200 -
[17:00:19] "GET /api/siteinfo HTTP/1.1" 200 -
[17:00:29] "GET /api/siteinfo HTTP/1.1" 200 -
[17:00:39] "GET /api/siteinfo HTTP/1.1" 200 -
[17:00:49] "GET /api/siteinfo HTTP/1.1" 200 -
[17:00:59] "GET /api/siteinfo HTTP/1.1" 200 -
[17:01:09] "GET /api/siteinfo HTTP/1.1" 200 -
[17:01:19] "GET /api/siteinfo HTTP/1.1" 200 -
[17:01:29] "GET /api/siteinfo HTTP/1.1" 200 -
[17:01:39] "GET /api/siteinfo HTTP/1.1" 200 -
[17:01:49] "GET /api/siteinfo HTTP/1.1" 200 -
[17:01:59] "GET /api/siteinfo HTTP/1.1" 200 -
[17:02:09] "GET /api/siteinfo HTTP/1.1" 200 -
[17:02:19] "GET /api/siteinfo HTTP/1.1" 200 -
[17:02:29] "GET /api/siteinfo HTTP/1.1" 200 -
[17:02:39] "GET /api/siteinfo HTTP/1.1" 200 -
[17:02:49] "GET /api/siteinfo HTTP/1.1" 200 -
[17:02:59] "GET /api/siteinfo HTTP/1.1" 200 -
[17:03:09] "GET /api/siteinfo HTTP/1.1" 200 -
[17:03:19] "GET /api/siteinfo HTTP/1.1" 200 -
[17:03:29] "GET /api/siteinfo HTTP/1.1" 200 -
[17:03:39] "GET /api/siteinfo HTTP/1.1" 200 -
[17:03:49] "GET /api/siteinfo HTTP/1.1" 200 -
[17:03:59] "GET /api/siteinfo HTTP/1.1" 200 -
[17:04:09] "GET /api/siteinfo HTTP/1.1" 200 -
[17:04:19] "GET /api/siteinfo HTTP/1.1" 200 -
[17:04:29] "GET /api/siteinfo HTTP/1.1" 200 -
[17:04:39] "GET /api/siteinfo HTTP/1.1" 200 -
[17:04:49] "GET /api/siteinfo HTTP/1.1" 200 -
[17:04:59] "GET /api/siteinfo HTTP/1.1" 200 -
[17:05:09] "GET /api/siteinfo HTTP/1.1" 200 -
[17:05:19] "GET /api/siteinfo HTTP/1.1" 200 -
[17:05:29] "GET /api/siteinfo HTTP/1.1" 200 -
[17:05:39] "GET /api/siteinfo HTTP/1.1" 200 -
[17:05:49] "GET /api/siteinfo HTTP/1.1" 200 -
[17:05:59] "GET /api/siteinfo HTTP/1.1" 200 -
[17:06:09] "GET /api/siteinfo HTTP/1.1" 200 -
[17:06:19] "GET /api/siteinfo HTTP/1.1" 200 -
[17:06:29] "GET /api/siteinfo HTTP/1.1" 200 -
[17:06:39] "GET /api/siteinfo HTTP/1.1" 200 -
[17:06:49] "GET /api/siteinfo HTTP/1.1" 200 -
[17:06:59] "GET /api/siteinfo HTTP/1.1" 200 -
[17:07:09] "GET /api/siteinfo HTTP/1.1" 200 -
[17:07:19] "GET /api/siteinfo HTTP/1.1" 200 -
[17:07:29] "GET /api/siteinfo HTTP/1.1" 200 -
[17:07:39] "GET /api/siteinfo HTTP/1.1" 200 -
[17:07:49] "GET /api/siteinfo HTTP/1.1" 200 -
[17:07:59] "GET /api/siteinfo HTTP/1.1" 200 -
[17:08:09] "GET /api/siteinfo HTTP/1.1" 200 -
[17:08:19] "GET /api/siteinfo HTTP/1.1" 200 -
[17:08:29] "GET /api/siteinfo HTTP/1.1" 200 -
[17:08:39] "GET /api/siteinfo HTTP/1.1" 200 -
[17:08:49] "GET /api/siteinfo HTTP/1.1" 200 -
[17:08:59] "GET /api/siteinfo HTTP/1.1" 200 -
[17:09:09] "GET /api/siteinfo HTTP/1.1" 200 -
[17:09:19] "GET /api/siteinfo HTTP/1.1" 200 -
[17:09:29] "GET /api/siteinfo HTTP/1.1" 200 -
[17:09:39] "GET /api/siteinfo HTTP/1.1" 200 -
[17:09:49] "GET /api/siteinfo HTTP/1.1" 200 -
[17:09:59] "GET /api/siteinfo HTTP/1.1" 200 -
[17:10:09] "GET /api/siteinfo HTTP/1.1" 200 -
[17:10:19] "GET /api/siteinfo HTTP/1.1" 200 -
[17:10:29] "GET /api/siteinfo HTTP/1.1" 200 -
[17:10:39] "GET /api/siteinfo HTTP/1.1" 200 -
[17:10:49] "GET /api/siteinfo HTTP/1.1" 200 -
[17:10:59] "GET /api/siteinfo HTTP/1.1" 200 -
[17:11:09] "GET /api/siteinfo HTTP/1.1" 200 -
[17:11:19] "GET /api/siteinfo HTTP/1.1" 200 -
[17:11:29] "GET /api/siteinfo HTTP/1.1" 200 -
[17:11:39] "GET /api/siteinfo HTTP/1.1" 200 -
[17:11:49] "GET /api/siteinfo HTTP/1.1" 200 -
[17:12:00] "GET /api/siteinfo HTTP/1.1" 200 -
[17:12:10] "GET /api/siteinfo HTTP/1.1" 200 -
[17:12:20] "GET /api/siteinfo HTTP/1.1" 200 -
[17:12:30] "GET /api/siteinfo HTTP/1.1" 200 -
[17:12:40] "GET /api/siteinfo HTTP/1.1" 200 -
[17:12:50] "GET /api/siteinfo HTTP/1.1" 200 -
[17:13:00] "GET /api/siteinfo HTTP/1.1" 200 -
[17:13:10] "GET /api/siteinfo HTTP/1.1" 200 -
[17:13:20] "GET /api/siteinfo HTTP/1.1" 200 -
[17:13:30] "GET /api/siteinfo HTTP/1.1" 200 -
[17:13:40] "GET /api/siteinfo HTTP/1.1" 200 -
[17:13:50] "GET /api/siteinfo HTTP/1.1" 200 -
[17:14:00] "GET /api/siteinfo HTTP/1.1" 200 -
[17:14:10] "GET /api/siteinfo HTTP/1.1" 200 -
[17:14:20] "GET /api/siteinfo HTTP/1.1" 200 -
[17:14:30] "GET /api/siteinfo HTTP/1.1" 200 -
[17:14:40] "GET /api/siteinfo HTTP/1.1" 200 -
[17:14:50] "GET /api/siteinfo HTTP/1.1" 200 -
[17:15:00] "GET /api/siteinfo HTTP/1.1" 200 -
[17:15:10] "GET /api/siteinfo HTTP/1.1" 200 -
[17:15:20] "GET /api/siteinfo HTTP/1.1" 200 -
[17:15:30] "GET /api/siteinfo HTTP/1.1" 200 -
[17:15:40] "GET /api/siteinfo HTTP/1.1" 200 -
[17:15:50] "GET /api/siteinfo HTTP/1.1" 200 -
[17:16:00] "GET /api/siteinfo HTTP/1.1" 200 -
[17:16:10] "GET /api/siteinfo HTTP/1.1" 200 -
[17:16:20] "GET /api/siteinfo HTTP/1.1" 200 -
[17:16:30] "GET /api/siteinfo HTTP/1.1" 200 -
[17:16:40] "GET /api/siteinfo HTTP/1.1" 200 -
[17:16:50] "GET /api/siteinfo HTTP/1.1" 200 -
[17:17:00] "GET /api/siteinfo HTTP/1.1" 200 -
[17:17:10] "GET /api/siteinfo HTTP/1.1" 200 -
[17:17:20] "GET /api/siteinfo HTTP/1.1" 200 -
[17:17:30] "GET /api/siteinfo HTTP/1.1" 200 -
[17:17:40] "GET /api/siteinfo HTTP/1.1" 200 -
[17:17:50] "GET /api/siteinfo HTTP/1.1" 200 -
[17:18:00] "GET /api/siteinfo HTTP/1.1" 200 -
[17:18:10] "GET /api/siteinfo HTTP/1.1" 200 -
[17:18:20] "GET /api/siteinfo HTTP/1.1" 200 -
[17:18:30] "GET /api/siteinfo HTTP/1.1" 200 -
[17:18:40] "GET /api/siteinfo HTTP/1.1" 200 -
[17:18:50] "GET /api/siteinfo HTTP/1.1" 200 -
[17:19:00] "GET /api/siteinfo HTTP/1.1" 200 -
[17:19:10] "GET /api/siteinfo HTTP/1.1" 200 -
[17:19:20] "GET /api/siteinfo HTTP/1.1" 200 -
[17:19:30] "GET /api/siteinfo HTTP/1.1" 200 -
[17:19:40] "GET /api/siteinfo HTTP/1.1" 200 -
[17:19:50] "GET /api/siteinfo HTTP/1.1" 200 -
[17:20:00] "GET /api/siteinfo HTTP/1.1" 200 -
[17:20:10] "GET /api/siteinfo HTTP/1.1" 200 -
[17:20:20] "GET /api/siteinfo HTTP/1.1" 200 -
[17:20:30] "GET /api/siteinfo HTTP/1.1" 200 -
[17:20:40] "GET /api/siteinfo HTTP/1.1" 200 -
[17:20:50] "GET /api/siteinfo HTTP/1.1" 200 -
[17:21:00] "GET /api/siteinfo HTTP/1.1" 200 -
[17:21:10] "GET /api/siteinfo HTTP/1.1" 200 -
[17:21:20] "GET /api/siteinfo HTTP/1.1" 200 -
[17:21:30] "GET /api/siteinfo HTTP/1.1" 200 -
[17:21:40] "GET /api/siteinfo HTTP/1.1" 200 -
[17:21:50] "GET /api/siteinfo HTTP/1.1" 200 -
[17:22:00] "GET /api/siteinfo HTTP/1.1" 200 -
[17:22:10] "GET /api/siteinfo HTTP/1.1" 200 -
[17:22:20] "GET /api/siteinfo HTTP/1.1" 200 -
[17:22:30] "GET /api/siteinfo HTTP/1.1" 200 -
[17:22:40] "GET /api/siteinfo HTTP/1.1" 200 -
[17:22:50] "GET /api/siteinfo HTTP/1.1" 200 -
[17:23:00] "GET /api/siteinfo HTTP/1.1" 200 -
[17:23:10] "GET /api/siteinfo HTTP/1.1" 200 -
[17:23:20] "GET /api/siteinfo HTTP/1.1" 200 -
[17:23:30] "GET /api/siteinfo HTTP/1.1" 200 -
[17:23:40] "GET /api/siteinfo HTTP/1.1" 200 -
[17:23:50] "GET /api/siteinfo HTTP/1.1" 200 -
[17:24:00] "GET /api/siteinfo HTTP/1.1" 200 -
[17:24:10] "GET /api/siteinfo HTTP/1.1" 200 -
[17:24:20] "GET /api/siteinfo HTTP/1.1" 200 -
[17:24:30] "GET /api/siteinfo HTTP/1.1" 200 -
[17:24:40] "GET /api/siteinfo HTTP/1.1" 200 -
[17:24:50] "GET /api/siteinfo HTTP/1.1" 200 -
[17:25:00] "GET /api/siteinfo HTTP/1.1" 200 -
[17:25:10] "GET /api/siteinfo HTTP/1.1" 200 -
[17:25:20] "GET /api/siteinfo HTTP/1.1" 200 -
[17:25:31] "GET /api/siteinfo HTTP/1.1" 200 -
[17:25:41] "GET /api/siteinfo HTTP/1.1" 200 -
[17:25:51] "GET /api/siteinfo HTTP/1.1" 200 -
[17:26:01] "GET /api/siteinfo HTTP/1.1" 200 -
[17:26:11] "GET /api/siteinfo HTTP/1.1" 200 -
[17:26:21] "GET /api/siteinfo HTTP/1.1" 200 -
[17:26:31] "GET /api/siteinfo HTTP/1.1" 200 -
[17:26:41] "GET /api/siteinfo HTTP/1.1" 200 -
[17:26:51] "GET /api/siteinfo HTTP/1.1" 200 -
[17:27:01] "GET /api/siteinfo HTTP/1.1" 200 -
[17:27:11] "GET /api/siteinfo HTTP/1.1" 200 -
[17:27:21] "GET /api/siteinfo HTTP/1.1" 200 -
[17:27:31] "GET /api/siteinfo HTTP/1.1" 200 -
[17:27:41] "GET /api/siteinfo HTTP/1.1" 200 -
[17:27:51] "GET /api/siteinfo HTTP/1.1" 200 -
[17:28:01] "GET /api/siteinfo HTTP/1.1" 200 -
[17:28:11] "GET /api/siteinfo HTTP/1.1" 200 -
[17:28:21] "GET /api/siteinfo HTTP/1.1" 200 -
[17:28:31] "GET /api/siteinfo HTTP/1.1" 200 -
[17:28:41] "GET /api/siteinfo HTTP/1.1" 200 -
[17:28:51] "GET /api/siteinfo HTTP/1.1" 200 -
[17:29:01] "GET /api/siteinfo HTTP/1.1" 200 -
[17:29:11] "GET /api/siteinfo HTTP/1.1" 200 -
[17:29:21] "GET /api/siteinfo HTTP/1.1" 200 -
[17:29:31] "GET /api/siteinfo HTTP/1.1" 200 -
[17:29:41] "GET /api/siteinfo HTTP/1.1" 200 -
[17:29:51] "GET /api/siteinfo HTTP/1.1" 200 -
[17:30:01] "GET /api/siteinfo HTTP/1.1" 200 -
[17:30:11] "GET /api/siteinfo HTTP/1.1" 200 -
[17:30:21] "GET /api/siteinfo HTTP/1.1" 200 -
[17:30:31] "GET /api/siteinfo HTTP/1.1" 200 -
[17:30:41] "GET /api/siteinfo HTTP/1.1" 200 -
[17:30:51] "GET /api/siteinfo HTTP/1.1" 200 -
[17:31:01] "GET /api/siteinfo HTTP/1.1" 200 -
[17:31:11] "GET /api/siteinfo HTTP/1.1" 200 -
[17:31:21] "GET /api/siteinfo HTTP/1.1" 200 -
[17:31:31] "GET /api/siteinfo HTTP/1.1" 200 -
[17:31:41] "GET /api/siteinfo HTTP/1.1" 200 -
[17:31:51] "GET /api/siteinfo HTTP/1.1" 200 -
[17:32:01] "GET /api/siteinfo HTTP/1.1" 200 -
[17:32:11] "GET /api/siteinfo HTTP/1.1" 200 -
[17:32:21] "GET /api/siteinfo HTTP/1.1" 200 -
[17:32:31] "GET /api/siteinfo HTTP/1.1" 200 -
[17:32:41] "GET /api/siteinfo HTTP/1.1" 200 -
[17:32:51] "GET /api/siteinfo HTTP/1.1" 200 -
[17:33:01] "GET /api/siteinfo HTTP/1.1" 200 -
[17:33:11] "GET /api/siteinfo HTTP/1.1" 200 -
[17:33:21] "GET /api/siteinfo HTTP/1.1" 200 -
[17:33:31] "GET /api/siteinfo HTTP/1.1" 200 -
[17:33:41] "GET /api/siteinfo HTTP/1.1" 200 -
[17:33:51] "GET /api/siteinfo HTTP/1.1" 200 -
[17:34:01] "GET /api/siteinfo HTTP/1.1" 200 -
[17:34:11] "GET /api/siteinfo HTTP/1.1" 200 -
[17:34:21] "GET /api/siteinfo HTTP/1.1" 200 -
[17:34:31] "GET /api/siteinfo HTTP/1.1" 200 -
[17:34:41] "GET /api/siteinfo HTTP/1.1" 200 -
[17:34:51] "GET /api/siteinfo HTTP/1.1" 200 -
[17:35:01] "GET /api/siteinfo HTTP/1.1" 200 -
[17:35:11] "GET /api/siteinfo HTTP/1.1" 200 -
[17:35:21] "GET /api/siteinfo HTTP/1.1" 200 -
[17:35:31] "GET /api/siteinfo HTTP/1.1" 200 -
[17:35:41] "GET /api/siteinfo HTTP/1.1" 200 -
[17:35:51] "GET /api/siteinfo HTTP/1.1" 200 -
[17:36:01] "GET /api/siteinfo HTTP/1.1" 200 -
[17:36:11] "GET /api/siteinfo HTTP/1.1" 200 -
[17:36:21] "GET /api/siteinfo HTTP/1.1" 200 -
[17:36:31] "GET /api/siteinfo HTTP/1.1" 200 -
[17:36:41] "GET /api/siteinfo HTTP/1.1" 200 -
[17:36:51] "GET /api/siteinfo HTTP/1.1" 200 -
[17:37:01] "GET /api/siteinfo HTTP/1.1" 200 -
[17:37:11] "GET /api/siteinfo HTTP/1.1" 200 -
[17:37:21] "GET /api/siteinfo HTTP/1.1" 200 -
[17:37:31] "GET /api/siteinfo HTTP/1.1" 200 -
[17:37:41] "GET /api/siteinfo HTTP/1.1" 200 -
[17:37:52] "GET /api/siteinfo HTTP/1.1" 200 -
[17:38:02] "GET /api/siteinfo HTTP/1.1" 200 -
[17:38:12] "GET /api/siteinfo HTTP/1.1" 200 -
[17:38:22] "GET /api/siteinfo HTTP/1.1" 200 -
[17:38:32] "GET /api/siteinfo HTTP/1.1" 200 -
[17:38:42] "GET /api/siteinfo HTTP/1.1" 200 -
[17:38:52] "GET /api/siteinfo HTTP/1.1" 200 -
[17:39:02] "GET /api/siteinfo HTTP/1.1" 200 -
[17:39:12] "GET /api/siteinfo HTTP/1.1" 200 -
[17:39:22] "GET /api/siteinfo HTTP/1.1" 200 -
[17:39:32] "GET /api/siteinfo HTTP/1.1" 200 -
[17:39:42] "GET /api/siteinfo HTTP/1.1" 200 -
[17:39:52] "GET /api/siteinfo HTTP/1.1" 200 -
[17:40:02] "GET /api/siteinfo HTTP/1.1" 200 -
[17:40:12] "GET /api/siteinfo HTTP/1.1" 200 -
[17:40:22] "GET /api/siteinfo HTTP/1.1" 200 -
[17:40:32] "GET /api/siteinfo HTTP/1.1" 200 -
[17:40:42] "GET /api/siteinfo HTTP/1.1" 200 -
[17:40:52] "GET /api/siteinfo HTTP/1.1" 200 -
[17:41:02] "GET /api/siteinfo HTTP/1.1" 200 -
[17:41:12] "GET /api/siteinfo HTTP/1.1" 200 -
[17:41:22] "GET /api/siteinfo HTTP/1.1" 200 -
[17:41:32] "GET /api/siteinfo HTTP/1.1" 200 -
[17:41:42] "GET /api/siteinfo HTTP/1.1" 200 -
[17:41:52] "GET /api/siteinfo HTTP/1.1" 200 -
[17:42:02] "GET /api/siteinfo HTTP/1.1" 200 -
[17:42:12] "GET /api/siteinfo HTTP/1.1" 200 -
[17:42:22] "GET /api/siteinfo HTTP/1.1" 200 -
[17:42:32] "GET /api/siteinfo HTTP/1.1" 200 -
[17:42:42] "GET /api/siteinfo HTTP/1.1" 200 -
[17:42:52] "GET /api/siteinfo HTTP/1.1" 200 -
[17:43:02] "GET /api/siteinfo HTTP/1.1" 200 -
[17:43:12] "GET /api/siteinfo HTTP/1.1" 200 -
[17:43:14] "GET /paiement?type=cosudo&section=college HTTP/1.1" 200 -
[17:43:14] "GET /style.css?v=20261030 HTTP/1.1" 200 -
[17:43:14] "GET /paiement.js?v=20261030 HTTP/1.1" 200 -
[17:43:15] "GET /uploads/logo/logo.png HTTP/1.1" 200 -
[17:43:22] "GET /api/siteinfo HTTP/1.1" 200 -
[17:43:27] "GET /createur HTTP/1.1" 200 -
[17:43:27] "GET /style.css?v=20261029 HTTP/1.1" 200 -
[17:43:27] "GET /creator.css HTTP/1.1" 200 -
[17:43:28] "GET /creator.js?v=20261029 HTTP/1.1" 200 -
[17:43:28] "GET /api/registrations HTTP/1.1" 200 -
[17:43:28] code 404, message Fichier introuvable
[17:43:28] "GET /favicon.ico HTTP/1.1" 404 -
[17:43:28] "GET /api/announcements HTTP/1.1" 200 -
[17:43:28] "GET /api/cosudo-registrations HTTP/1.1" 200 -
[17:43:28] "GET /api/registrations HTTP/1.1" 200 -
[17:43:28] "GET /api/partner-requests HTTP/1.1" 200 -
[17:43:28] "GET /api/siteinfo HTTP/1.1" 200 -
[17:43:28] "GET /api/historique HTTP/1.1" 200 -
[17:43:29] "GET /api/siteinfo HTTP/1.1" 200 -
[17:43:29] "GET /api/siteinfo HTTP/1.1" 200 -
[17:43:29] "GET /api/siteinfo HTTP/1.1" 200 -
[17:43:29] "GET /api/siteinfo HTTP/1.1" 200 -
[17:43:30] "GET /api/siteinfo HTTP/1.1" 200 -
[17:43:30] "GET /api/siteinfo HTTP/1.1" 200 -
[17:43:30] "GET / HTTP/1.1" 200 -
[17:43:31] "GET /style.css?v=20261030 HTTP/1.1" 200 -
[17:43:31] "GET /api/siteinfo HTTP/1.1" 200 -
[17:43:31] "GET /img/cosudo-logo.svg HTTP/1.1" 200 -
[17:43:31] "GET /app.js?v=20261030 HTTP/1.1" 200 -
[17:43:31] "GET /api/siteinfo HTTP/1.1" 200 -
[17:43:31] "GET /api/siteinfo HTTP/1.1" 200 -
[17:43:31] "GET /api/siteinfo HTTP/1.1" 200 -
[17:43:31] "GET /img/accueil-fond.jpg HTTP/1.1" 200 -
[17:43:32] "GET /uploads/cosudo_logo/cosudo_logo.jpeg?t=1787589809685 HTTP/1.1" 200 -
[17:43:32] "GET /uploads/cosudo/cosudo_20260823100217_eca18c.jpeg HTTP/1.1" 200 -
[17:43:32] "GET /api/siteinfo HTTP/1.1" 200 -
[17:43:32] "GET /api/siteinfo HTTP/1.1" 200 -
[17:43:32] "GET /uploads/cosudo_logo/cosudo_logo.jpeg HTTP/1.1" 200 -
[17:43:32] "GET /uploads/logo/logo.png HTTP/1.1" 200 -
[17:43:42] "GET /api/siteinfo HTTP/1.1" 200 -
[17:43:52] "GET /api/siteinfo HTTP/1.1" 200 -
[17:44:02] "GET /api/siteinfo HTTP/1.1" 200 -
[17:44:12] "GET /api/siteinfo HTTP/1.1" 200 -
[17:44:22] "GET /api/siteinfo HTTP/1.1" 200 -
[17:44:32] "GET /api/siteinfo HTTP/1.1" 200 -
[17:44:42] "GET /api/siteinfo HTTP/1.1" 200 -
[17:44:52] "GET /api/siteinfo HTTP/1.1" 200 -
[17:45:02] "GET /api/siteinfo HTTP/1.1" 200 -
[17:45:12] "GET /api/siteinfo HTTP/1.1" 200 -
[17:45:22] "GET /api/siteinfo HTTP/1.1" 200 -
[17:45:32] "GET /api/siteinfo HTTP/1.1" 200 -
[17:45:42] "GET /api/siteinfo HTTP/1.1" 200 -
[17:45:52] "GET /api/siteinfo HTTP/1.1" 200 -
[17:46:02] "GET /api/siteinfo HTTP/1.1" 200 -
[17:46:12] "GET /api/siteinfo HTTP/1.1" 200 -
[17:46:22] "GET /api/siteinfo HTTP/1.1" 200 -
[17:46:32] "GET /api/siteinfo HTTP/1.1" 200 -
[17:46:42] "GET /api/siteinfo HTTP/1.1" 200 -
[17:46:52] "GET /api/siteinfo HTTP/1.1" 200 -
[17:47:02] "GET /api/siteinfo HTTP/1.1" 200 -
[17:47:12] "GET /api/siteinfo HTTP/1.1" 200 -
[17:47:22] "GET /api/siteinfo HTTP/1.1" 200 -
[17:47:32] "GET /api/siteinfo HTTP/1.1" 200 -
[17:47:42] "GET /api/siteinfo HTTP/1.1" 200 -
[17:47:52] "GET /api/siteinfo HTTP/1.1" 200 -
[17:48:02] "GET /api/siteinfo HTTP/1.1" 200 -
[17:48:12] "GET /api/siteinfo HTTP/1.1" 200 -
[17:48:22] "GET /api/siteinfo HTTP/1.1" 200 -
[17:48:32] "GET /api/siteinfo HTTP/1.1" 200 -
[17:48:42] "GET /api/siteinfo HTTP/1.1" 200 -
[17:48:52] "GET /api/siteinfo HTTP/1.1" 200 -
[17:49:02] "GET /api/siteinfo HTTP/1.1" 200 -
[17:49:12] "GET /api/siteinfo HTTP/1.1" 200 -
[17:49:22] "GET /api/siteinfo HTTP/1.1" 200 -
[17:49:32] "GET /api/siteinfo HTTP/1.1" 200 -
[17:49:42] "GET /api/siteinfo HTTP/1.1" 200 -
[17:49:52] "GET /api/siteinfo HTTP/1.1" 200 -
[17:50:02] "GET /api/siteinfo HTTP/1.1" 200 -
[17:50:12] "GET /api/siteinfo HTTP/1.1" 200 -
[17:50:22] "GET /api/siteinfo HTTP/1.1" 200 -
[17:50:32] "GET /api/siteinfo HTTP/1.1" 200 -
[17:50:42] "GET /api/siteinfo HTTP/1.1" 200 -
[17:50:52] "GET /api/siteinfo HTTP/1.1" 200 -
[17:51:02] "GET /api/siteinfo HTTP/1.1" 200 -
[17:51:12] "GET /api/siteinfo HTTP/1.1" 200 -
[17:51:22] "GET /api/siteinfo HTTP/1.1" 200 -
[17:51:32] "GET /api/siteinfo HTTP/1.1" 200 -
[17:51:42] "GET /api/siteinfo HTTP/1.1" 200 -
[17:51:52] "GET /api/siteinfo HTTP/1.1" 200 -
[17:52:02] "GET /api/siteinfo HTTP/1.1" 200 -
[17:52:12] "GET /api/siteinfo HTTP/1.1" 200 -
[17:52:22] "GET /api/siteinfo HTTP/1.1" 200 -
[17:52:32] "GET /api/siteinfo HTTP/1.1" 200 -
[17:52:42] "GET /api/siteinfo HTTP/1.1" 200 -
[17:52:52] "GET /api/siteinfo HTTP/1.1" 200 -
[17:53:03] "GET /api/siteinfo HTTP/1.1" 200 -
[17:53:13] "GET /api/siteinfo HTTP/1.1" 200 -
[17:53:23] "GET /api/siteinfo HTTP/1.1" 200 -
[17:53:33] "GET /api/siteinfo HTTP/1.1" 200 -
[17:53:43] "GET /api/siteinfo HTTP/1.1" 200 -
[17:53:53] "GET /api/siteinfo HTTP/1.1" 200 -
[17:54:03] "GET /api/siteinfo HTTP/1.1" 200 -
[17:54:13] "GET /api/siteinfo HTTP/1.1" 200 -
[17:54:23] "GET /api/siteinfo HTTP/1.1" 200 -
[17:54:33] "GET /api/siteinfo HTTP/1.1" 200 -
[17:54:43] "GET /api/siteinfo HTTP/1.1" 200 -
[17:54:53] "GET /api/siteinfo HTTP/1.1" 200 -
[17:55:03] "GET /api/siteinfo HTTP/1.1" 200 -
[17:55:13] "GET /api/siteinfo HTTP/1.1" 200 -
[17:55:23] "GET /api/siteinfo HTTP/1.1" 200 -
[17:55:33] "GET /api/siteinfo HTTP/1.1" 200 -
[17:55:43] "GET /api/siteinfo HTTP/1.1" 200 -
[17:55:53] "GET /api/siteinfo HTTP/1.1" 200 -
[17:56:03] "GET /api/siteinfo HTTP/1.1" 200 -
[17:56:13] "GET /api/siteinfo HTTP/1.1" 200 -
[17:56:23] "GET /api/siteinfo HTTP/1.1" 200 -
[17:56:33] "GET /api/siteinfo HTTP/1.1" 200 -
[17:56:43] "GET /api/siteinfo HTTP/1.1" 200 -
[17:56:53] "GET /api/siteinfo HTTP/1.1" 200 -
[17:57:03] "GET /api/siteinfo HTTP/1.1" 200 -
[17:57:13] "GET /api/siteinfo HTTP/1.1" 200 -
[17:57:23] "GET /api/siteinfo HTTP/1.1" 200 -
[17:57:33] "GET /api/siteinfo HTTP/1.1" 200 -
[17:57:43] "GET /api/siteinfo HTTP/1.1" 200 -
[17:57:53] "GET /api/siteinfo HTTP/1.1" 200 -
[17:58:03] "GET /api/siteinfo HTTP/1.1" 200 -
[17:58:13] "GET /api/siteinfo HTTP/1.1" 200 -
[17:58:23] "GET /api/siteinfo HTTP/1.1" 200 -
[17:58:33] "GET /api/siteinfo HTTP/1.1" 200 -
[17:58:43] "GET /api/siteinfo HTTP/1.1" 200 -
[17:58:53] "GET /api/siteinfo HTTP/1.1" 200 -
[17:59:03] "GET /api/siteinfo HTTP/1.1" 200 -
[17:59:13] "GET /api/siteinfo HTTP/1.1" 200 -
[17:59:23] "GET /api/siteinfo HTTP/1.1" 200 -
[17:59:33] "GET /api/siteinfo HTTP/1.1" 200 -
[17:59:43] "GET /api/siteinfo HTTP/1.1" 200 -
[17:59:53] "GET /api/siteinfo HTTP/1.1" 200 -
[18:00:03] "GET /api/siteinfo HTTP/1.1" 200 -
[18:00:13] "GET /api/siteinfo HTTP/1.1" 200 -
[18:00:23] "GET /api/siteinfo HTTP/1.1" 200 -
[18:00:33] "GET /api/siteinfo HTTP/1.1" 200 -
[18:00:43] "GET /api/siteinfo HTTP/1.1" 200 -
[18:00:53] "GET /api/siteinfo HTTP/1.1" 200 -
[18:01:03] "GET /api/siteinfo HTTP/1.1" 200 -
[18:01:13] "GET /api/siteinfo HTTP/1.1" 200 -
[18:01:23] "GET /api/siteinfo HTTP/1.1" 200 -
[18:01:33] "GET /api/siteinfo HTTP/1.1" 200 -
[18:01:43] "GET /api/siteinfo HTTP/1.1" 200 -
[18:01:53] "GET /api/siteinfo HTTP/1.1" 200 -
[18:02:03] "GET /api/siteinfo HTTP/1.1" 200 -
[18:02:13] "GET /api/siteinfo HTTP/1.1" 200 -
[18:02:24] "GET /api/siteinfo HTTP/1.1" 200 -
[18:02:34] "GET /api/siteinfo HTTP/1.1" 200 -
[18:02:44] "GET /api/siteinfo HTTP/1.1" 200 -
[18:02:54] "GET /api/siteinfo HTTP/1.1" 200 -
[18:03:04] "GET /api/siteinfo HTTP/1.1" 200 -
[18:03:14] "GET /api/siteinfo HTTP/1.1" 200 -
[18:03:24] "GET /api/siteinfo HTTP/1.1" 200 -
[18:03:34] "GET /api/siteinfo HTTP/1.1" 200 -
[18:03:44] "GET /api/siteinfo HTTP/1.1" 200 -
[18:03:54] "GET /api/siteinfo HTTP/1.1" 200 -
[18:04:04] "GET /api/siteinfo HTTP/1.1" 200 -
[18:04:14] "GET /api/siteinfo HTTP/1.1" 200 -
[18:04:24] "GET /api/siteinfo HTTP/1.1" 200 -
[18:04:34] "GET /api/siteinfo HTTP/1.1" 200 -
[18:04:44] "GET /api/siteinfo HTTP/1.1" 200 -
[18:04:54] "GET /api/siteinfo HTTP/1.1" 200 -
[18:05:04] "GET /api/siteinfo HTTP/1.1" 200 -
[18:05:14] "GET /api/siteinfo HTTP/1.1" 200 -
[18:05:24] "GET /api/siteinfo HTTP/1.1" 200 -
[18:05:34] "GET /api/siteinfo HTTP/1.1" 200 -
[18:05:44] "GET /api/siteinfo HTTP/1.1" 200 -
[18:05:54] "GET /api/siteinfo HTTP/1.1" 200 -
[18:06:04] "GET /api/siteinfo HTTP/1.1" 200 -
[18:06:14] "GET /api/siteinfo HTTP/1.1" 200 -
[18:06:24] "GET /api/siteinfo HTTP/1.1" 200 -
[18:06:34] "GET /api/siteinfo HTTP/1.1" 200 -
[18:06:44] "GET /api/siteinfo HTTP/1.1" 200 -
[18:06:54] "GET /api/siteinfo HTTP/1.1" 200 -
[18:07:04] "GET /api/siteinfo HTTP/1.1" 200 -
[18:07:14] "GET /api/siteinfo HTTP/1.1" 200 -
[18:07:24] "GET /api/siteinfo HTTP/1.1" 200 -
[18:07:34] "GET /api/siteinfo HTTP/1.1" 200 -
[18:07:44] "GET /api/siteinfo HTTP/1.1" 200 -
[18:07:54] "GET /api/siteinfo HTTP/1.1" 200 -
[18:08:04] "GET /api/siteinfo HTTP/1.1" 200 -
[18:08:14] "GET /api/siteinfo HTTP/1.1" 200 -
[18:08:24] "GET /api/siteinfo HTTP/1.1" 200 -
[18:08:34] "GET /api/siteinfo HTTP/1.1" 200 -
[18:08:44] "GET /api/siteinfo HTTP/1.1" 200 -
[18:08:54] "GET /api/siteinfo HTTP/1.1" 200 -
[18:09:04] "GET /api/siteinfo HTTP/1.1" 200 -
[18:09:14] "GET /api/siteinfo HTTP/1.1" 200 -
[18:09:24] "GET /api/siteinfo HTTP/1.1" 200 -
[18:09:34] "GET /api/siteinfo HTTP/1.1" 200 -
[18:09:44] "GET /api/siteinfo HTTP/1.1" 200 -
[18:09:54] "GET /api/siteinfo HTTP/1.1" 200 -
[18:10:04] "GET /api/siteinfo HTTP/1.1" 200 -
[18:10:14] "GET /api/siteinfo HTTP/1.1" 200 -
[18:10:24] "GET /api/siteinfo HTTP/1.1" 200 -
[18:10:34] "GET /api/siteinfo HTTP/1.1" 200 -
[18:10:44] "GET /api/siteinfo HTTP/1.1" 200 -
[18:10:54] "GET /api/siteinfo HTTP/1.1" 200 -
[18:11:04] "GET /api/siteinfo HTTP/1.1" 200 -
[18:11:14] "GET /api/siteinfo HTTP/1.1" 200 -
[18:11:24] "GET /api/siteinfo HTTP/1.1" 200 -
[18:11:34] "GET /api/siteinfo HTTP/1.1" 200 -
[18:11:44] "GET /api/siteinfo HTTP/1.1" 200 -
[18:11:54] "GET /api/siteinfo HTTP/1.1" 200 -
[18:12:04] "GET /api/siteinfo HTTP/1.1" 200 -
[18:12:14] "GET /api/siteinfo HTTP/1.1" 200 -
[18:12:24] "GET /api/siteinfo HTTP/1.1" 200 -
[18:12:34] "GET /api/siteinfo HTTP/1.1" 200 -
[18:12:44] "GET /api/siteinfo HTTP/1.1" 200 -
[18:12:54] "GET /api/siteinfo HTTP/1.1" 200 -
[18:13:04] "GET /api/siteinfo HTTP/1.1" 200 -
[18:13:14] "GET /api/siteinfo HTTP/1.1" 200 -
[18:13:24] "GET /api/siteinfo HTTP/1.1" 200 -
[18:13:34] "GET /api/siteinfo HTTP/1.1" 200 -
[18:13:44] "GET /api/siteinfo HTTP/1.1" 200 -
[18:13:54] "GET /api/siteinfo HTTP/1.1" 200 -
[18:14:04] "GET /api/siteinfo HTTP/1.1" 200 -
[18:14:14] "GET /api/siteinfo HTTP/1.1" 200 -
[18:14:24] "GET /api/siteinfo HTTP/1.1" 200 -
[18:14:34] "GET /api/siteinfo HTTP/1.1" 200 -
[18:14:44] "GET /api/siteinfo HTTP/1.1" 200 -
[18:14:54] "GET /api/siteinfo HTTP/1.1" 200 -
[18:15:04] "GET /api/siteinfo HTTP/1.1" 200 -
[18:15:14] "GET /api/siteinfo HTTP/1.1" 200 -
[18:15:24] "GET /api/siteinfo HTTP/1.1" 200 -
[18:15:34] "GET /api/siteinfo HTTP/1.1" 200 -
[18:15:44] "GET /api/siteinfo HTTP/1.1" 200 -
[18:15:54] "GET /api/siteinfo HTTP/1.1" 200 -
[18:16:04] "GET /api/siteinfo HTTP/1.1" 200 -
[18:16:14] "GET /api/siteinfo HTTP/1.1" 200 -
[18:16:24] "GET /api/siteinfo HTTP/1.1" 200 -
[18:16:34] "GET /api/siteinfo HTTP/1.1" 200 -
[18:16:44] "GET /api/siteinfo HTTP/1.1" 200 -
[18:16:54] "GET /api/siteinfo HTTP/1.1" 200 -
[18:17:04] "GET /api/siteinfo HTTP/1.1" 200 -
[18:17:14] "GET /api/siteinfo HTTP/1.1" 200 -
[18:17:24] "GET /api/siteinfo HTTP/1.1" 200 -
[18:17:34] "GET /api/siteinfo HTTP/1.1" 200 -
[18:17:44] "GET /api/siteinfo HTTP/1.1" 200 -
[18:17:54] "GET /api/siteinfo HTTP/1.1" 200 -
[18:18:04] "GET /api/siteinfo HTTP/1.1" 200 -
[18:18:14] "GET /api/siteinfo HTTP/1.1" 200 -
[18:18:24] "GET /api/siteinfo HTTP/1.1" 200 -
[18:18:34] "GET /api/siteinfo HTTP/1.1" 200 -
[18:18:44] "GET /api/siteinfo HTTP/1.1" 200 -
[18:18:54] "GET /api/siteinfo HTTP/1.1" 200 -
[18:19:04] "GET /api/siteinfo HTTP/1.1" 200 -
[18:19:14] "GET /api/siteinfo HTTP/1.1" 200 -
[18:19:24] "GET /api/siteinfo HTTP/1.1" 200 -
[18:19:34] "GET /api/siteinfo HTTP/1.1" 200 -
[18:19:44] "GET /api/siteinfo HTTP/1.1" 200 -
[18:19:55] "GET /api/siteinfo HTTP/1.1" 200 -
[18:20:05] "GET /api/siteinfo HTTP/1.1" 200 -
[18:20:15] "GET /api/siteinfo HTTP/1.1" 200 -
[18:20:25] "GET /api/siteinfo HTTP/1.1" 200 -
[18:20:35] "GET /api/siteinfo HTTP/1.1" 200 -
[18:20:45] "GET /api/siteinfo HTTP/1.1" 200 -
[18:20:55] "GET /api/siteinfo HTTP/1.1" 200 -
[18:21:05] "GET /api/siteinfo HTTP/1.1" 200 -
[18:21:15] "GET /api/siteinfo HTTP/1.1" 200 -
[18:21:25] "GET /api/siteinfo HTTP/1.1" 200 -
[18:21:35] "GET /api/siteinfo HTTP/1.1" 200 -
[18:21:45] "GET /api/siteinfo HTTP/1.1" 200 -
[18:21:55] "GET /api/siteinfo HTTP/1.1" 200 -
[18:22:05] "GET /api/siteinfo HTTP/1.1" 200 -
[18:22:15] "GET /api/siteinfo HTTP/1.1" 200 -
[18:22:25] "GET /api/siteinfo HTTP/1.1" 200 -
[18:22:35] "GET /api/siteinfo HTTP/1.1" 200 -
[18:22:45] "GET /api/siteinfo HTTP/1.1" 200 -
[18:22:55] "GET /api/siteinfo HTTP/1.1" 200 -
[18:23:05] "GET /api/siteinfo HTTP/1.1" 200 -
[18:23:15] "GET /api/siteinfo HTTP/1.1" 200 -
[18:23:25] "GET /api/siteinfo HTTP/1.1" 200 -
[18:23:35] "GET /api/siteinfo HTTP/1.1" 200 -
[18:23:45] "GET /api/siteinfo HTTP/1.1" 200 -
[18:23:55] "GET /api/siteinfo HTTP/1.1" 200 -
[18:24:05] "GET /api/siteinfo HTTP/1.1" 200 -
[18:24:15] "GET /api/siteinfo HTTP/1.1" 200 -
[18:24:25] "GET /api/siteinfo HTTP/1.1" 200 -
[18:24:35] "GET /api/siteinfo HTTP/1.1" 200 -
[18:24:45] "GET /api/siteinfo HTTP/1.1" 200 -
[18:24:55] "GET /api/siteinfo HTTP/1.1" 200 -
[18:25:05] "GET /api/siteinfo HTTP/1.1" 200 -
[18:25:15] "GET /api/siteinfo HTTP/1.1" 200 -
[18:25:25] "GET /api/siteinfo HTTP/1.1" 200 -
[18:25:35] "GET /api/siteinfo HTTP/1.1" 200 -
[18:25:45] "GET /api/siteinfo HTTP/1.1" 200 -
[18:25:55] "GET /api/siteinfo HTTP/1.1" 200 -
[18:26:05] "GET /api/siteinfo HTTP/1.1" 200 -
[18:26:15] "GET /api/siteinfo HTTP/1.1" 200 -
[18:26:25] "GET /api/siteinfo HTTP/1.1" 200 -
[18:26:35] "GET /api/siteinfo HTTP/1.1" 200 -
[18:26:45] "GET /api/siteinfo HTTP/1.1" 200 -
[18:26:55] "GET /api/siteinfo HTTP/1.1" 200 -
[18:27:05] "GET /api/siteinfo HTTP/1.1" 200 -
[18:27:15] "GET /api/siteinfo HTTP/1.1" 200 -
[18:27:25] "GET /api/siteinfo HTTP/1.1" 200 -
[18:27:35] "GET /api/siteinfo HTTP/1.1" 200 -
[18:27:45] "GET /api/siteinfo HTTP/1.1" 200 -
[18:27:55] "GET /api/siteinfo HTTP/1.1" 200 -
[18:28:05] "GET /api/siteinfo HTTP/1.1" 200 -
[18:28:15] "GET /api/siteinfo HTTP/1.1" 200 -
[18:28:25] "GET /api/siteinfo HTTP/1.1" 200 -
[18:28:35] "GET /api/siteinfo HTTP/1.1" 200 -
[18:28:45] "GET /api/siteinfo HTTP/1.1" 200 -
[18:28:55] "GET /api/siteinfo HTTP/1.1" 200 -
[18:29:05] "GET /api/siteinfo HTTP/1.1" 200 -
[18:29:15] "GET /api/siteinfo HTTP/1.1" 200 -
[18:29:25] "GET /api/siteinfo HTTP/1.1" 200 -
[18:29:35] "GET /api/siteinfo HTTP/1.1" 200 -
[18:29:45] "GET /api/siteinfo HTTP/1.1" 200 -
[18:29:55] "GET /api/siteinfo HTTP/1.1" 200 -
[18:30:05] "GET /api/siteinfo HTTP/1.1" 200 -
[18:30:15] "GET /api/siteinfo HTTP/1.1" 200 -
[18:30:25] "GET /api/siteinfo HTTP/1.1" 200 -
[18:30:35] "GET /api/siteinfo HTTP/1.1" 200 -
[18:30:45] "GET /api/siteinfo HTTP/1.1" 200 -
[18:30:55] "GET /api/siteinfo HTTP/1.1" 200 -
[18:31:05] "GET /api/siteinfo HTTP/1.1" 200 -
[18:31:15] "GET /api/siteinfo HTTP/1.1" 200 -
[18:31:25] "GET /api/siteinfo HTTP/1.1" 200 -
[18:31:35] "GET /api/siteinfo HTTP/1.1" 200 -
[18:31:45] "GET /api/siteinfo HTTP/1.1" 200 -
[18:31:55] "GET /api/siteinfo HTTP/1.1" 200 -
[18:32:05] "GET /api/siteinfo HTTP/1.1" 200 -
[18:32:15] "GET /api/siteinfo HTTP/1.1" 200 -
[18:32:25] "GET /api/siteinfo HTTP/1.1" 200 -
[18:32:35] "GET /api/siteinfo HTTP/1.1" 200 -
[18:32:45] "GET /api/siteinfo HTTP/1.1" 200 -
[18:32:55] "GET /api/siteinfo HTTP/1.1" 200 -
[18:33:05] "GET /api/siteinfo HTTP/1.1" 200 -
[18:33:15] "GET /api/siteinfo HTTP/1.1" 200 -
[18:33:25] "GET /api/siteinfo HTTP/1.1" 200 -
[18:33:35] "GET /api/siteinfo HTTP/1.1" 200 -
[18:33:45] "GET /api/siteinfo HTTP/1.1" 200 -
[18:33:55] "GET /api/siteinfo HTTP/1.1" 200 -
[18:34:05] "GET /api/siteinfo HTTP/1.1" 200 -
[18:34:15] "GET /api/siteinfo HTTP/1.1" 200 -
[18:34:25] "GET /api/siteinfo HTTP/1.1" 200 -
[18:34:35] "GET /api/siteinfo HTTP/1.1" 200 -
[18:34:45] "GET /api/siteinfo HTTP/1.1" 200 -
[18:34:55] "GET /api/siteinfo HTTP/1.1" 200 -
[18:35:05] "GET /api/siteinfo HTTP/1.1" 200 -
[18:35:15] "GET /api/siteinfo HTTP/1.1" 200 -
[18:35:25] "GET /api/siteinfo HTTP/1.1" 200 -
[18:35:35] "GET /api/siteinfo HTTP/1.1" 200 -
[18:35:45] "GET /api/siteinfo HTTP/1.1" 200 -
[18:35:55] "GET /api/siteinfo HTTP/1.1" 200 -
[18:36:05] "GET /api/siteinfo HTTP/1.1" 200 -
[18:36:15] "GET /api/siteinfo HTTP/1.1" 200 -
[18:36:25] "GET /api/siteinfo HTTP/1.1" 200 -
[18:36:35] "GET /api/siteinfo HTTP/1.1" 200 -
[18:36:45] "GET /api/siteinfo HTTP/1.1" 200 -
[18:36:55] "GET /api/siteinfo HTTP/1.1" 200 -
[18:37:05] "GET /api/siteinfo HTTP/1.1" 200 -
[18:37:15] "GET /api/siteinfo HTTP/1.1" 200 -
[18:37:25] "GET /api/siteinfo HTTP/1.1" 200 -
[18:37:35] "GET /api/siteinfo HTTP/1.1" 200 -
[18:37:45] "GET /api/siteinfo HTTP/1.1" 200 -
[18:37:55] "GET /api/siteinfo HTTP/1.1" 200 -
[18:38:05] "GET /api/siteinfo HTTP/1.1" 200 -
[18:38:15] "GET /api/siteinfo HTTP/1.1" 200 -
[18:38:25] "GET /api/siteinfo HTTP/1.1" 200 -
[18:38:35] "GET /api/siteinfo HTTP/1.1" 200 -
[18:38:45] "GET /api/siteinfo HTTP/1.1" 200 -
[18:38:56] "GET /api/siteinfo HTTP/1.1" 200 -
[18:39:06] "GET /api/siteinfo HTTP/1.1" 200 -
[18:39:16] "GET /api/siteinfo HTTP/1.1" 200 -
[18:39:26] "GET /api/siteinfo HTTP/1.1" 200 -
[18:39:36] "GET /api/siteinfo HTTP/1.1" 200 -
[18:39:46] "GET /api/siteinfo HTTP/1.1" 200 -
[18:39:56] "GET /api/siteinfo HTTP/1.1" 200 -
[18:40:06] "GET /api/siteinfo HTTP/1.1" 200 -
[18:40:16] "GET /api/siteinfo HTTP/1.1" 200 -
[18:40:26] "GET /api/siteinfo HTTP/1.1" 200 -
[18:40:36] "GET /api/siteinfo HTTP/1.1" 200 -
[18:40:46] "GET /api/siteinfo HTTP/1.1" 200 -
[18:40:56] "GET /api/siteinfo HTTP/1.1" 200 -
[18:41:06] "GET /api/siteinfo HTTP/1.1" 200 -
[18:41:16] "GET /api/siteinfo HTTP/1.1" 200 -
[18:41:26] "GET /api/siteinfo HTTP/1.1" 200 -
[18:41:36] "GET /api/siteinfo HTTP/1.1" 200 -
[18:41:46] "GET /api/siteinfo HTTP/1.1" 200 -
[18:41:56] "GET /api/siteinfo HTTP/1.1" 200 -
[18:42:06] "GET /api/siteinfo HTTP/1.1" 200 -
[18:42:16] "GET /api/siteinfo HTTP/1.1" 200 -
[18:42:26] "GET /api/siteinfo HTTP/1.1" 200 -
[18:42:36] "GET /api/siteinfo HTTP/1.1" 200 -
[18:42:46] "GET /api/siteinfo HTTP/1.1" 200 -
[18:42:56] "GET /api/siteinfo HTTP/1.1" 200 -
[18:43:06] "GET /api/siteinfo HTTP/1.1" 200 -
[18:43:16] "GET /api/siteinfo HTTP/1.1" 200 -
[18:43:26] "GET /api/siteinfo HTTP/1.1" 200 -
[18:43:36] "GET /api/siteinfo HTTP/1.1" 200 -
[18:43:46] "GET /api/siteinfo HTTP/1.1" 200 -
[18:43:56] "GET /api/siteinfo HTTP/1.1" 200 -
[18:44:06] "GET /api/siteinfo HTTP/1.1" 200 -
[18:44:16] "GET /api/siteinfo HTTP/1.1" 200 -
[18:44:26] "GET /api/siteinfo HTTP/1.1" 200 -
[18:44:36] "GET /api/siteinfo HTTP/1.1" 200 -
[18:44:46] "GET /api/siteinfo HTTP/1.1" 200 -
[18:44:56] "GET /api/siteinfo HTTP/1.1" 200 -
[18:45:06] "GET /api/siteinfo HTTP/1.1" 200 -
[18:45:16] "GET /api/siteinfo HTTP/1.1" 200 -
[18:45:26] "GET /api/siteinfo HTTP/1.1" 200 -
[18:45:36] "GET /api/siteinfo HTTP/1.1" 200 -
[18:45:46] "GET /api/siteinfo HTTP/1.1" 200 -
[18:45:56] "GET /api/siteinfo HTTP/1.1" 200 -
[18:46:06] "GET /api/siteinfo HTTP/1.1" 200 -
[18:46:16] "GET /api/siteinfo HTTP/1.1" 200 -
[18:46:26] "GET /api/siteinfo HTTP/1.1" 200 -
[18:46:36] "GET /api/siteinfo HTTP/1.1" 200 -
[18:46:46] "GET /api/siteinfo HTTP/1.1" 200 -
[18:46:56] "GET /api/siteinfo HTTP/1.1" 200 -
[18:47:06] "GET /api/siteinfo HTTP/1.1" 200 -
[18:47:16] "GET /api/siteinfo HTTP/1.1" 200 -
[18:47:26] "GET /api/siteinfo HTTP/1.1" 200 -
[18:47:36] "GET /api/siteinfo HTTP/1.1" 200 -
[18:47:46] "GET /api/siteinfo HTTP/1.1" 200 -
[18:47:56] "GET /api/siteinfo HTTP/1.1" 200 -
[18:48:06] "GET /api/siteinfo HTTP/1.1" 200 -
[18:48:16] "GET /api/siteinfo HTTP/1.1" 200 -
[18:48:26] "GET /api/siteinfo HTTP/1.1" 200 -
[18:48:36] "GET /api/siteinfo HTTP/1.1" 200 -
[18:48:46] "GET /api/siteinfo HTTP/1.1" 200 -
[18:48:56] "GET /api/siteinfo HTTP/1.1" 200 -
[18:49:06] "GET /api/siteinfo HTTP/1.1" 200 -
[18:49:16] "GET /api/siteinfo HTTP/1.1" 200 -
[18:49:26] "GET /api/siteinfo HTTP/1.1" 200 -
[18:49:36] "GET /api/siteinfo HTTP/1.1" 200 -
[18:49:46] "GET /api/siteinfo HTTP/1.1" 200 -
[18:49:56] "GET /api/siteinfo HTTP/1.1" 200 -
[18:50:06] "GET /api/siteinfo HTTP/1.1" 200 -
[18:50:16] "GET /api/siteinfo HTTP/1.1" 200 -
[18:50:26] "GET /api/siteinfo HTTP/1.1" 200 -
[18:50:36] "GET /api/siteinfo HTTP/1.1" 200 -
[18:50:46] "GET /api/siteinfo HTTP/1.1" 200 -
[18:50:56] "GET /api/siteinfo HTTP/1.1" 200 -
[18:51:06] "GET /api/siteinfo HTTP/1.1" 200 -
[18:51:16] "GET /api/siteinfo HTTP/1.1" 200 -
[18:51:26] "GET /api/siteinfo HTTP/1.1" 200 -
[18:51:36] "GET /api/siteinfo HTTP/1.1" 200 -
[18:51:46] "GET /api/siteinfo HTTP/1.1" 200 -
[18:51:56] "GET /api/siteinfo HTTP/1.1" 200 -
[18:52:06] "GET /api/siteinfo HTTP/1.1" 200 -
[18:52:16] "GET /api/siteinfo HTTP/1.1" 200 -
[18:52:26] "GET /api/siteinfo HTTP/1.1" 200 -
[18:52:36] "GET /api/siteinfo HTTP/1.1" 200 -
[18:52:46] "GET /api/siteinfo HTTP/1.1" 200 -
[18:52:56] "GET /api/siteinfo HTTP/1.1" 200 -
[18:53:06] "GET /api/siteinfo HTTP/1.1" 200 -
[18:53:16] "GET /api/siteinfo HTTP/1.1" 200 -
[18:53:26] "GET /api/siteinfo HTTP/1.1" 200 -
[18:53:36] "GET /api/siteinfo HTTP/1.1" 200 -
[18:53:46] "GET /api/siteinfo HTTP/1.1" 200 -
[18:53:56] "GET /api/siteinfo HTTP/1.1" 200 -
[18:54:06] "GET /api/siteinfo HTTP/1.1" 200 -
[18:54:16] "GET /api/siteinfo HTTP/1.1" 200 -
[18:54:26] "GET /api/siteinfo HTTP/1.1" 200 -
[18:54:36] "GET /api/siteinfo HTTP/1.1" 200 -
[18:54:46] "GET /api/siteinfo HTTP/1.1" 200 -
[18:54:56] "GET /api/siteinfo HTTP/1.1" 200 -
[18:55:06] "GET /api/siteinfo HTTP/1.1" 200 -
[18:55:16] "GET /api/siteinfo HTTP/1.1" 200 -
[18:55:26] "GET /api/siteinfo HTTP/1.1" 200 -
[18:55:37] "GET /api/siteinfo HTTP/1.1" 200 -
[18:55:47] "GET /api/siteinfo HTTP/1.1" 200 -
[18:55:57] "GET /api/siteinfo HTTP/1.1" 200 -
[18:56:07] "GET /api/siteinfo HTTP/1.1" 200 -
[18:56:17] "GET /api/siteinfo HTTP/1.1" 200 -
[18:56:27] "GET /api/siteinfo HTTP/1.1" 200 -
[18:56:37] "GET /api/siteinfo HTTP/1.1" 200 -
[18:56:47] "GET /api/siteinfo HTTP/1.1" 200 -
[18:56:57] "GET /api/siteinfo HTTP/1.1" 200 -
[18:57:07] "GET /api/siteinfo HTTP/1.1" 200 -
[18:57:17] "GET /api/siteinfo HTTP/1.1" 200 -
[18:57:27] "GET /api/siteinfo HTTP/1.1" 200 -
[18:57:37] "GET /api/siteinfo HTTP/1.1" 200 -
[18:57:47] "GET /api/siteinfo HTTP/1.1" 200 -
[18:57:57] "GET /api/siteinfo HTTP/1.1" 200 -
[18:58:07] "GET /api/siteinfo HTTP/1.1" 200 -
[18:58:17] "GET /api/siteinfo HTTP/1.1" 200 -
[18:58:27] "GET /api/siteinfo HTTP/1.1" 200 -
[18:58:37] "GET /api/siteinfo HTTP/1.1" 200 -
[18:58:47] "GET /api/siteinfo HTTP/1.1" 200 -
[18:58:57] "GET /api/siteinfo HTTP/1.1" 200 -
[18:59:07] "GET /api/siteinfo HTTP/1.1" 200 -
[18:59:17] "GET /api/siteinfo HTTP/1.1" 200 -
[18:59:27] "GET /api/siteinfo HTTP/1.1" 200 -
[18:59:37] "GET /api/siteinfo HTTP/1.1" 200 -
[18:59:47] "GET /api/siteinfo HTTP/1.1" 200 -
[18:59:57] "GET /api/siteinfo HTTP/1.1" 200 -
[19:00:07] "GET /api/siteinfo HTTP/1.1" 200 -
[19:00:17] "GET /api/siteinfo HTTP/1.1" 200 -
[19:00:27] "GET /api/siteinfo HTTP/1.1" 200 -
[19:00:37] "GET /api/siteinfo HTTP/1.1" 200 -
[19:00:47] "GET /api/siteinfo HTTP/1.1" 200 -
[19:00:57] "GET /api/siteinfo HTTP/1.1" 200 -
[19:01:07] "GET /api/siteinfo HTTP/1.1" 200 -
[19:01:17] "GET /api/siteinfo HTTP/1.1" 200 -
[19:01:27] "GET /api/siteinfo HTTP/1.1" 200 -
[19:01:37] "GET /api/siteinfo HTTP/1.1" 200 -
[19:01:47] "GET /api/siteinfo HTTP/1.1" 200 -
[19:01:57] "GET /api/siteinfo HTTP/1.1" 200 -
[19:02:07] "GET /api/siteinfo HTTP/1.1" 200 -
[19:02:17] "GET /api/siteinfo HTTP/1.1" 200 -
[19:02:27] "GET /api/siteinfo HTTP/1.1" 200 -
[19:02:37] "GET /api/siteinfo HTTP/1.1" 200 -
[19:02:47] "GET /api/siteinfo HTTP/1.1" 200 -
[19:02:57] "GET /api/siteinfo HTTP/1.1" 200 -
[19:03:07] "GET /api/siteinfo HTTP/1.1" 200 -
[19:03:17] "GET /api/siteinfo HTTP/1.1" 200 -
[19:03:27] "GET /api/siteinfo HTTP/1.1" 200 -
[19:03:37] "GET /api/siteinfo HTTP/1.1" 200 -
[19:03:47] "GET /api/siteinfo HTTP/1.1" 200 -
[19:03:57] "GET /api/siteinfo HTTP/1.1" 200 -
[19:04:07] "GET /api/siteinfo HTTP/1.1" 200 -
[19:04:17] "GET /api/siteinfo HTTP/1.1" 200 -
[19:04:27] "GET /api/siteinfo HTTP/1.1" 200 -
[19:04:37] "GET /api/siteinfo HTTP/1.1" 200 -
[19:04:47] "GET /api/siteinfo HTTP/1.1" 200 -
[19:04:57] "GET /api/siteinfo HTTP/1.1" 200 -
[19:05:07] "GET /api/siteinfo HTTP/1.1" 200 -
[19:05:17] "GET /api/siteinfo HTTP/1.1" 200 -
[19:05:27] "GET /api/siteinfo HTTP/1.1" 200 -
[19:05:37] "GET /api/siteinfo HTTP/1.1" 200 -
[19:05:47] "GET /api/siteinfo HTTP/1.1" 200 -
[19:05:57] "GET /api/siteinfo HTTP/1.1" 200 -
[19:06:07] "GET /api/siteinfo HTTP/1.1" 200 -
[19:06:17] "GET /api/siteinfo HTTP/1.1" 200 -
[19:06:27] "GET /api/siteinfo HTTP/1.1" 200 -
[19:06:37] "GET /api/siteinfo HTTP/1.1" 200 -
[19:06:47] "GET /api/siteinfo HTTP/1.1" 200 -
[19:06:57] "GET /api/siteinfo HTTP/1.1" 200 -
[19:07:07] "GET /api/siteinfo HTTP/1.1" 200 -
[19:07:17] "GET /api/siteinfo HTTP/1.1" 200 -
[19:07:27] "GET /api/siteinfo HTTP/1.1" 200 -
[19:07:37] "GET /api/siteinfo HTTP/1.1" 200 -
[19:07:47] "GET /api/siteinfo HTTP/1.1" 200 -
[19:07:57] "GET /api/siteinfo HTTP/1.1" 200 -
[19:08:07] "GET /api/siteinfo HTTP/1.1" 200 -
[19:08:17] "GET /api/siteinfo HTTP/1.1" 200 -
[19:08:27] "GET /api/siteinfo HTTP/1.1" 200 -
[19:08:37] "GET /api/siteinfo HTTP/1.1" 200 -
[19:08:47] "GET /api/siteinfo HTTP/1.1" 200 -
[19:08:57] "GET /api/siteinfo HTTP/1.1" 200 -
[19:09:07] "GET /api/siteinfo HTTP/1.1" 200 -
[19:09:17] "GET /api/siteinfo HTTP/1.1" 200 -
[19:09:27] "GET /api/siteinfo HTTP/1.1" 200 -
[19:09:37] "GET /api/siteinfo HTTP/1.1" 200 -
[19:09:47] "GET /api/siteinfo HTTP/1.1" 200 -
[19:09:57] "GET /api/siteinfo HTTP/1.1" 200 -
[19:10:07] "GET /api/siteinfo HTTP/1.1" 200 -
[19:10:17] "GET /api/siteinfo HTTP/1.1" 200 -
[19:10:27] "GET /api/siteinfo HTTP/1.1" 200 -
[19:10:37] "GET /api/siteinfo HTTP/1.1" 200 -
[19:10:48] "GET /api/siteinfo HTTP/1.1" 200 -
[19:10:58] "GET /api/siteinfo HTTP/1.1" 200 -
[19:11:08] "GET /api/siteinfo HTTP/1.1" 200 -
[19:11:18] "GET /api/siteinfo HTTP/1.1" 200 -
[19:11:28] "GET /api/siteinfo HTTP/1.1" 200 -
[19:11:38] "GET /api/siteinfo HTTP/1.1" 200 -
[19:11:48] "GET /api/siteinfo HTTP/1.1" 200 -
[19:11:58] "GET /api/siteinfo HTTP/1.1" 200 -
[19:12:08] "GET /api/siteinfo HTTP/1.1" 200 -
[19:12:18] "GET /api/siteinfo HTTP/1.1" 200 -
[19:12:28] "GET /api/siteinfo HTTP/1.1" 200 -
[19:12:38] "GET /api/siteinfo HTTP/1.1" 200 -
[19:12:48] "GET /api/siteinfo HTTP/1.1" 200 -
[19:12:58] "GET /api/siteinfo HTTP/1.1" 200 -
[19:13:08] "GET /api/siteinfo HTTP/1.1" 200 -
[19:13:18] "GET /api/siteinfo HTTP/1.1" 200 -
[19:13:28] "GET /api/siteinfo HTTP/1.1" 200 -
[19:13:38] "GET /api/siteinfo HTTP/1.1" 200 -
[19:13:48] "GET /api/siteinfo HTTP/1.1" 200 -
[19:13:58] "GET /api/siteinfo HTTP/1.1" 200 -
[19:14:08] "GET /api/siteinfo HTTP/1.1" 200 -
[19:14:18] "GET /api/siteinfo HTTP/1.1" 200 -============================================================
  FENEMOF - Site web démarré
  Ouvrez le site : http://localhost:8000
  Sur un autre appareil du même réseau, utilisez l'adresse IP de ce PC
  Espace créateur : http://localhost:8000/createur
  Appuyez sur Ctrl+C pour arrêter.
============================================================
[20:47:18] "GET /api/siteinfo HTTP/1.1" 200 -
[20:47:28] "GET /api/siteinfo HTTP/1.1" 200 -
[20:47:38] "GET /api/siteinfo HTTP/1.1" 200 -
[20:47:48] "GET /api/siteinfo HTTP/1.1" 200 -
[20:47:58] "GET /api/siteinfo HTTP/1.1" 200 -
[20:48:08] "GET /api/siteinfo HTTP/1.1" 200 -
[20:48:18] "GET /api/siteinfo HTTP/1.1" 200 -
[20:48:28] "GET /api/siteinfo HTTP/1.1" 200 -
[20:48:38] "GET /api/siteinfo HTTP/1.1" 200 -
[20:48:48] "GET /api/siteinfo HTTP/1.1" 200 -
[20:48:58] "GET /api/siteinfo HTTP/1.1" 200 -
[20:49:08] "GET /api/siteinfo HTTP/1.1" 200 -
[20:49:18] "GET /api/siteinfo HTTP/1.1" 200 -
[20:49:28] "GET /api/siteinfo HTTP/1.1" 200 -
[20:49:38] "GET /api/siteinfo HTTP/1.1" 200 -
[20:49:48] "GET /api/siteinfo HTTP/1.1" 200 -
[20:49:59] "GET /api/siteinfo HTTP/1.1" 200 -
[20:50:09] "GET /api/siteinfo HTTP/1.1" 200 -
[20:50:19] "GET /api/siteinfo HTTP/1.1" 200 -
[20:50:29] "GET /api/siteinfo HTTP/1.1" 200 -
[20:50:39] "GET /api/siteinfo HTTP/1.1" 200 -
[20:50:49] "GET /api/siteinfo HTTP/1.1" 200 -
[20:50:59] "GET /api/siteinfo HTTP/1.1" 200 -
[20:51:09] "GET /api/siteinfo HTTP/1.1" 200 -
[20:51:19] "GET /api/siteinfo HTTP/1.1" 200 -
[20:51:29] "GET /api/siteinfo HTTP/1.1" 200 -
[20:51:39] "GET /api/siteinfo HTTP/1.1" 200 -
[20:51:49] "GET /api/siteinfo HTTP/1.1" 200 -
[20:51:59] "GET /api/siteinfo HTTP/1.1" 200 -
[20:52:09] "GET /api/siteinfo HTTP/1.1" 200 -
[20:52:19] "GET /api/siteinfo HTTP/1.1" 200 -
[20:52:29] "GET /api/siteinfo HTTP/1.1" 200 -
[20:52:39] "GET /api/siteinfo HTTP/1.1" 200 -
[20:52:49] "GET /api/siteinfo HTTP/1.1" 200 -
[20:52:59] "GET /api/siteinfo HTTP/1.1" 200 -
[20:53:09] "GET /api/siteinfo HTTP/1.1" 200 -
[20:53:19] "GET /api/siteinfo HTTP/1.1" 200 -
[20:53:29] "GET /api/siteinfo HTTP/1.1" 200 -
[20:53:39] "GET /api/siteinfo HTTP/1.1" 200 -
[20:53:49] "GET /api/siteinfo HTTP/1.1" 200 -
[20:53:59] "GET /api/siteinfo HTTP/1.1" 200 -
[20:54:09] "GET /api/siteinfo HTTP/1.1" 200 -
[20:54:19] "GET /api/siteinfo HTTP/1.1" 200 -
[20:54:29] "GET /api/siteinfo HTTP/1.1" 200 -
[20:54:39] "GET /api/siteinfo HTTP/1.1" 200 -
[20:54:49] "GET /api/siteinfo HTTP/1.1" 200 -
[20:54:59] "GET /api/siteinfo HTTP/1.1" 200 -
[20:55:09] "GET /api/siteinfo HTTP/1.1" 200 -
[20:55:19] "GET /api/siteinfo HTTP/1.1" 200 -
[20:55:29] "GET /api/siteinfo HTTP/1.1" 200 -
[20:55:39] "GET /api/siteinfo HTTP/1.1" 200 -
[20:55:49] "GET /api/siteinfo HTTP/1.1" 200 -
[20:55:59] "GET /api/siteinfo HTTP/1.1" 200 -
[20:56:09] "GET /api/siteinfo HTTP/1.1" 200 -
[20:56:19] "GET /api/siteinfo HTTP/1.1" 200 -
[20:56:29] "GET /api/siteinfo HTTP/1.1" 200 -
[20:56:39] "GET /api/siteinfo HTTP/1.1" 200 -
[20:56:49] "GET /api/siteinfo HTTP/1.1" 200 -
[20:56:59] "GET /api/siteinfo HTTP/1.1" 200 -
[20:57:09] "GET /api/siteinfo HTTP/1.1" 200 -
[20:57:19] "GET /api/siteinfo HTTP/1.1" 200 -
[20:57:29] "GET /api/siteinfo HTTP/1.1" 200 -
[20:57:39] "GET /api/siteinfo HTTP/1.1" 200 -
[20:57:49] "GET /api/siteinfo HTTP/1.1" 200 -
[20:57:59] "GET /api/siteinfo HTTP/1.1" 200 -
[20:58:09] "GET /api/siteinfo HTTP/1.1" 200 -
[20:58:19] "GET /api/siteinfo HTTP/1.1" 200 -
[20:58:29] "GET /api/siteinfo HTTP/1.1" 200 -
[20:58:39] "GET /api/siteinfo HTTP/1.1" 200 -
[20:58:49] "GET /api/siteinfo HTTP/1.1" 200 -
[20:58:59] "GET /api/siteinfo HTTP/1.1" 200 -
[20:59:09] "GET /api/siteinfo HTTP/1.1" 200 -
[20:59:19] "GET /api/siteinfo HTTP/1.1" 200 -
[20:59:29] "GET /api/siteinfo HTTP/1.1" 200 -
[20:59:39] "GET /api/siteinfo HTTP/1.1" 200 -
[20:59:49] "GET /api/siteinfo HTTP/1.1" 200 -
[20:59:59] "GET /api/siteinfo HTTP/1.1" 200 -
[21:00:09] "GET /api/siteinfo HTTP/1.1" 200 -
[21:00:20] "GET /api/siteinfo HTTP/1.1" 200 -
[21:00:30] "GET /api/siteinfo HTTP/1.1" 200 -
[21:00:40] "GET /api/siteinfo HTTP/1.1" 200 -
[21:00:50] "GET /api/siteinfo HTTP/1.1" 200 -
[21:01:00] "GET /api/siteinfo HTTP/1.1" 200 -
[21:01:10] "GET /api/siteinfo HTTP/1.1" 200 -
[21:01:20] "GET /api/siteinfo HTTP/1.1" 200 -
[21:01:30] "GET /api/siteinfo HTTP/1.1" 200 -
[21:01:40] "GET /api/siteinfo HTTP/1.1" 200 -
[21:01:50] "GET /api/siteinfo HTTP/1.1" 200 -
[21:02:00] "GET /api/siteinfo HTTP/1.1" 200 -
[21:02:10] "GET /api/siteinfo HTTP/1.1" 200 -
[21:02:20] "GET /api/siteinfo HTTP/1.1" 200 -
[21:02:30] "GET /api/siteinfo HTTP/1.1" 200 -
[21:02:40] "GET /api/siteinfo HTTP/1.1" 200 -
[21:02:50] "GET /api/siteinfo HTTP/1.1" 200 -
[21:03:00] "GET /api/siteinfo HTTP/1.1" 200 -
[21:03:10] "GET /api/siteinfo HTTP/1.1" 200 -
[21:03:20] "GET /api/siteinfo HTTP/1.1" 200 -
[21:03:30] "GET /api/siteinfo HTTP/1.1" 200 -
[21:03:40] "GET /api/siteinfo HTTP/1.1" 200 -
[21:03:50] "GET /api/siteinfo HTTP/1.1" 200 -
[21:04:00] "GET /api/siteinfo HTTP/1.1" 200 -
[21:04:10] "GET /api/siteinfo HTTP/1.1" 200 -
[21:04:20] "GET /api/siteinfo HTTP/1.1" 200 -
[21:04:30] "GET /api/siteinfo HTTP/1.1" 200 -
[21:04:40] "GET /api/siteinfo HTTP/1.1" 200 -
[21:04:50] "GET /api/siteinfo HTTP/1.1" 200 -
[21:05:00] "GET /api/siteinfo HTTP/1.1" 200 -
[21:05:10] "GET /api/siteinfo HTTP/1.1" 200 -
[21:05:20] "GET /api/siteinfo HTTP/1.1" 200 -
[21:05:30] "GET /api/siteinfo HTTP/1.1" 200 -
[21:05:40] "GET /api/siteinfo HTTP/1.1" 200 -
[21:05:50] "GET /api/siteinfo HTTP/1.1" 200 -
[21:06:00] "GET /api/siteinfo HTTP/1.1" 200 -
[21:06:10] "GET /api/siteinfo HTTP/1.1" 200 -
[21:06:20] "GET /api/siteinfo HTTP/1.1" 200 -
[21:06:30] "GET /api/siteinfo HTTP/1.1" 200 -
[21:06:40] "GET /api/siteinfo HTTP/1.1" 200 -
[21:06:50] "GET /api/siteinfo HTTP/1.1" 200 -
[21:07:00] "GET /api/siteinfo HTTP/1.1" 200 -
[21:07:10] "GET /api/siteinfo HTTP/1.1" 200 -
[21:07:20] "GET /api/siteinfo HTTP/1.1" 200 -
[21:07:30] "GET /api/siteinfo HTTP/1.1" 200 -
[21:07:40] "GET /api/siteinfo HTTP/1.1" 200 -
[21:07:50] "GET /api/siteinfo HTTP/1.1" 200 -
[21:08:00] "GET /api/siteinfo HTTP/1.1" 200 -
[21:08:10] "GET /api/siteinfo HTTP/1.1" 200 -
[21:08:20] "GET /api/siteinfo HTTP/1.1" 200 -
[21:08:30] "GET /api/siteinfo HTTP/1.1" 200 -
[21:08:40] "GET /api/siteinfo HTTP/1.1" 200 -
[21:08:50] "GET /api/siteinfo HTTP/1.1" 200 -
[21:09:00] "GET /api/siteinfo HTTP/1.1" 200 -
[21:09:10] "GET /api/siteinfo HTTP/1.1" 200 -
[21:09:20] "GET /api/siteinfo HTTP/1.1" 200 -
[21:09:30] "GET /api/siteinfo HTTP/1.1" 200 -
[21:09:40] "GET /api/siteinfo HTTP/1.1" 200 -
[21:09:50] "GET /api/siteinfo HTTP/1.1" 200 -
[21:10:00] "GET /api/siteinfo HTTP/1.1" 200 -
[21:10:10] "GET /api/siteinfo HTTP/1.1" 200 -
[21:10:20] "GET /api/siteinfo HTTP/1.1" 200 -
[21:10:31] "GET /api/siteinfo HTTP/1.1" 200 -
[21:10:41] "GET /api/siteinfo HTTP/1.1" 200 -
[21:10:51] "GET /api/siteinfo HTTP/1.1" 200 -
[21:11:01] "GET /api/siteinfo HTTP/1.1" 200 -
[21:11:11] "GET /api/siteinfo HTTP/1.1" 200 -
[21:11:21] "GET /api/siteinfo HTTP/1.1" 200 -
[21:11:31] "GET /api/siteinfo HTTP/1.1" 200 -
[21:11:41] "GET /api/siteinfo HTTP/1.1" 200 -
[21:11:51] "GET /api/siteinfo HTTP/1.1" 200 -
[21:12:01] "GET /api/siteinfo HTTP/1.1" 200 -
[21:12:11] "GET /api/siteinfo HTTP/1.1" 200 -
[21:12:21] "GET /api/siteinfo HTTP/1.1" 200 -
[21:12:31] "GET /api/siteinfo HTTP/1.1" 200 -
[21:12:41] "GET /api/siteinfo HTTP/1.1" 200 -
[21:12:51] "GET /api/siteinfo HTTP/1.1" 200 -
[21:13:01] "GET /api/siteinfo HTTP/1.1" 200 -
[21:13:11] "GET /api/siteinfo HTTP/1.1" 200 -
[21:13:21] "GET /api/siteinfo HTTP/1.1" 200 -
[21:13:31] "GET /api/siteinfo HTTP/1.1" 200 -
[21:13:41] "GET /api/siteinfo HTTP/1.1" 200 -
[21:13:51] "GET /api/siteinfo HTTP/1.1" 200 -
[21:14:01] "GET /api/siteinfo HTTP/1.1" 200 -
[21:14:11] "GET /api/siteinfo HTTP/1.1" 200 -
[21:14:21] "GET /api/siteinfo HTTP/1.1" 200 -
[21:14:31] "GET /api/siteinfo HTTP/1.1" 200 -
[21:14:41] "GET /api/siteinfo HTTP/1.1" 200 -
[21:14:51] "GET /api/siteinfo HTTP/1.1" 200 -
[21:15:01] "GET /api/siteinfo HTTP/1.1" 200 -
[21:15:11] "GET /api/siteinfo HTTP/1.1" 200 -
[21:15:21] "GET /api/siteinfo HTTP/1.1" 200 -
[21:15:31] "GET /api/siteinfo HTTP/1.1" 200 -
[21:15:41] "GET /api/siteinfo HTTP/1.1" 200 -
[21:15:51] "GET /api/siteinfo HTTP/1.1" 200 -
[21:16:01] "GET /api/siteinfo HTTP/1.1" 200 -
[21:16:11] "GET /api/siteinfo HTTP/1.1" 200 -
[21:16:21] "GET /api/siteinfo HTTP/1.1" 200 -
[21:16:31] "GET /api/siteinfo HTTP/1.1" 200 -
[21:16:41] "GET /api/siteinfo HTTP/1.1" 200 -
[21:16:51] "GET /api/siteinfo HTTP/1.1" 200 -
[21:17:01] "GET /api/siteinfo HTTP/1.1" 200 -
[21:17:11] "GET /api/siteinfo HTTP/1.1" 200 -
[21:17:21] "GET /api/siteinfo HTTP/1.1" 200 -
[21:17:31] "GET /api/siteinfo HTTP/1.1" 200 -
[21:17:41] "GET /api/siteinfo HTTP/1.1" 200 -
[21:17:51] "GET /api/siteinfo HTTP/1.1" 200 -
[21:18:01] "GET /api/siteinfo HTTP/1.1" 200 -
[21:18:11] "GET /api/siteinfo HTTP/1.1" 200 -
[21:18:21] "GET /api/siteinfo HTTP/1.1" 200 -
[21:18:31] "GET /api/siteinfo HTTP/1.1" 200 -
[21:18:41] "GET /api/siteinfo HTTP/1.1" 200 -
[21:18:51] "GET /api/siteinfo HTTP/1.1" 200 -
[21:19:01] "GET /api/siteinfo HTTP/1.1" 200 -
[21:19:11] "GET /api/siteinfo HTTP/1.1" 200 -
[21:19:22] "GET /api/siteinfo HTTP/1.1" 200 -
[21:19:32] "GET /api/siteinfo HTTP/1.1" 200 -
[21:19:42] "GET /api/siteinfo HTTP/1.1" 200 -
[21:19:52] "GET /api/siteinfo HTTP/1.1" 200 -
[21:20:02] "GET /api/siteinfo HTTP/1.1" 200 -
[21:20:12] "GET /api/siteinfo HTTP/1.1" 200 -
[21:20:22] "GET /api/siteinfo HTTP/1.1" 200 -
[21:20:32] "GET /api/siteinfo HTTP/1.1" 200 -
[21:20:42] "GET /api/siteinfo HTTP/1.1" 200 -
[21:20:52] "GET /api/siteinfo HTTP/1.1" 200 -
[21:21:02] "GET /api/siteinfo HTTP/1.1" 200 -
[21:21:12] "GET /api/siteinfo HTTP/1.1" 200 -
[21:21:22] "GET /api/siteinfo HTTP/1.1" 200 -
[21:21:32] "GET /api/siteinfo HTTP/1.1" 200 -
[21:21:42] "GET /api/siteinfo HTTP/1.1" 200 -
[21:21:52] "GET /api/siteinfo HTTP/1.1" 200 -
[21:22:02] "GET /api/siteinfo HTTP/1.1" 200 -
[21:22:12] "GET /api/siteinfo HTTP/1.1" 200 -
[21:22:22] "GET /api/siteinfo HTTP/1.1" 200 -
[21:22:32] "GET /api/siteinfo HTTP/1.1" 200 -
[21:22:42] "GET /api/siteinfo HTTP/1.1" 200 -
[21:22:52] "GET /api/siteinfo HTTP/1.1" 200 -
[21:23:02] "GET /api/siteinfo HTTP/1.1" 200 -
[21:23:12] "GET /api/siteinfo HTTP/1.1" 200 -
[21:23:22] "GET /api/siteinfo HTTP/1.1" 200 -
[21:23:32] "GET /api/siteinfo HTTP/1.1" 200 -
[21:23:42] "GET /api/siteinfo HTTP/1.1" 200 -
[21:23:52] "GET /api/siteinfo HTTP/1.1" 200 -
[21:24:02] "GET /api/siteinfo HTTP/1.1" 200 -
[21:24:12] "GET /api/siteinfo HTTP/1.1" 200 -
[21:24:22] "GET /api/siteinfo HTTP/1.1" 200 -
[21:24:32] "GET /api/siteinfo HTTP/1.1" 200 -
[21:24:42] "GET /api/siteinfo HTTP/1.1" 200 -
[21:24:52] "GET /api/siteinfo HTTP/1.1" 200 -
[21:25:02] "GET /api/siteinfo HTTP/1.1" 200 -
[21:25:12] "GET /api/siteinfo HTTP/1.1" 200 -
[21:25:22] "GET /api/siteinfo HTTP/1.1" 200 -
[21:25:32] "GET /api/siteinfo HTTP/1.1" 200 -
[21:25:42] "GET /api/siteinfo HTTP/1.1" 200 -
[21:25:52] "GET /api/siteinfo HTTP/1.1" 200 -
[21:26:02] "GET /api/siteinfo HTTP/1.1" 200 -
[21:26:12] "GET /api/siteinfo HTTP/1.1" 200 -
[21:26:22] "GET /api/siteinfo HTTP/1.1" 200 -
[21:26:32] "GET /api/siteinfo HTTP/1.1" 200 -
[21:26:42] "GET /api/siteinfo HTTP/1.1" 200 -
[21:26:52] "GET /api/siteinfo HTTP/1.1" 200 -
[21:27:02] "GET /api/siteinfo HTTP/1.1" 200 -
[21:27:12] "GET /api/siteinfo HTTP/1.1" 200 -
[21:27:22] "GET /api/siteinfo HTTP/1.1" 200 -
[21:27:32] "GET /api/siteinfo HTTP/1.1" 200 -
[21:27:42] "GET /api/siteinfo HTTP/1.1" 200 -
[21:27:52] "GET /api/siteinfo HTTP/1.1" 200 -
[21:28:02] "GET /api/siteinfo HTTP/1.1" 200 -
[21:28:12] "GET /api/siteinfo HTTP/1.1" 200 -
[21:28:22] "GET /api/siteinfo HTTP/1.1" 200 -
[21:28:32] "GET /api/siteinfo HTTP/1.1" 200 -
[21:28:42] "GET /api/siteinfo HTTP/1.1" 200 -
[21:28:52] "GET /api/siteinfo HTTP/1.1" 200 -
[21:29:02] "GET /api/siteinfo HTTP/1.1" 200 -
[21:29:12] "GET /api/siteinfo HTTP/1.1" 200 -
[21:29:22] "GET /api/siteinfo HTTP/1.1" 200 -
[21:29:32] "GET /api/siteinfo HTTP/1.1" 200 -
[21:29:42] "GET /api/siteinfo HTTP/1.1" 200 -
[21:29:52] "GET /api/siteinfo HTTP/1.1" 200 -
[21:30:02] "GET /api/siteinfo HTTP/1.1" 200 -
[21:30:12] "GET /api/siteinfo HTTP/1.1" 200 -
[21:30:22] "GET /api/siteinfo HTTP/1.1" 200 -
[21:30:32] "GET /api/siteinfo HTTP/1.1" 200 -
[21:30:42] "GET /api/siteinfo HTTP/1.1" 200 -
[21:30:52] "GET /api/siteinfo HTTP/1.1" 200 -
[21:31:02] "GET /api/siteinfo HTTP/1.1" 200 -
[21:31:12] "GET /api/siteinfo HTTP/1.1" 200 -
[21:31:22] "GET /api/siteinfo HTTP/1.1" 200 -
[21:31:32] "GET /api/siteinfo HTTP/1.1" 200 -
[21:31:42] "GET /api/siteinfo HTTP/1.1" 200 -
[21:31:53] "GET /api/siteinfo HTTP/1.1" 200 -
[21:32:03] "GET /api/siteinfo HTTP/1.1" 200 -
[21:32:13] "GET /api/siteinfo HTTP/1.1" 200 -
[21:32:23] "GET /api/siteinfo HTTP/1.1" 200 -
[21:32:33] "GET /api/siteinfo HTTP/1.1" 200 -
[21:32:43] "GET /api/siteinfo HTTP/1.1" 200 -
[21:32:53] "GET /api/siteinfo HTTP/1.1" 200 -
[21:33:03] "GET /api/siteinfo HTTP/1.1" 200 -
[21:33:13] "GET /api/siteinfo HTTP/1.1" 200 -
[21:33:23] "GET /api/siteinfo HTTP/1.1" 200 -
[21:33:33] "GET /api/siteinfo HTTP/1.1" 200 -
[21:33:43] "GET /api/siteinfo HTTP/1.1" 200 -
[21:33:53] "GET /api/siteinfo HTTP/1.1" 200 -
[21:34:03] "GET /api/siteinfo HTTP/1.1" 200 -
[21:34:13] "GET /api/siteinfo HTTP/1.1" 200 -
[21:34:23] "GET /api/siteinfo HTTP/1.1" 200 -
[21:34:33] "GET /api/siteinfo HTTP/1.1" 200 -
[21:34:43] "GET /api/siteinfo HTTP/1.1" 200 -
[21:34:53] "GET /api/siteinfo HTTP/1.1" 200 -
[21:35:03] "GET /api/siteinfo HTTP/1.1" 200 -
[21:35:13] "GET /api/siteinfo HTTP/1.1" 200 -
[21:35:23] "GET /api/siteinfo HTTP/1.1" 200 -
[21:35:33] "GET /api/siteinfo HTTP/1.1" 200 -
[21:35:43] "GET /api/siteinfo HTTP/1.1" 200 -
[21:35:53] "GET /api/siteinfo HTTP/1.1" 200 -
[21:36:03] "GET /api/siteinfo HTTP/1.1" 200 -
[21:36:13] "GET /api/siteinfo HTTP/1.1" 200 -
[21:36:23] "GET /api/siteinfo HTTP/1.1" 200 -
[21:36:33] "GET /api/siteinfo HTTP/1.1" 200 -
[21:36:43] "GET /api/siteinfo HTTP/1.1" 200 -
[21:36:53] "GET /api/siteinfo HTTP/1.1" 200 -
[21:37:03] "GET /api/siteinfo HTTP/1.1" 200 -
[21:37:13] "GET /api/siteinfo HTTP/1.1" 200 -
[21:37:23] "GET /api/siteinfo HTTP/1.1" 200 -
[21:37:33] "GET /api/siteinfo HTTP/1.1" 200 -
[21:37:43] "GET /api/siteinfo HTTP/1.1" 200 -
[21:37:53] "GET /api/siteinfo HTTP/1.1" 200 -
[21:38:03] "GET /api/siteinfo HTTP/1.1" 200 -
[21:38:13] "GET /api/siteinfo HTTP/1.1" 200 -
[21:38:23] "GET /api/siteinfo HTTP/1.1" 200 -
[21:38:33] "GET /api/siteinfo HTTP/1.1" 200 -
[21:38:43] "GET /api/siteinfo HTTP/1.1" 200 -
[21:38:53] "GET /api/siteinfo HTTP/1.1" 200 -
[21:39:03] "GET /api/siteinfo HTTP/1.1" 200 -
[21:39:13] "GET /api/siteinfo HTTP/1.1" 200 -
[21:39:23] "GET /api/siteinfo HTTP/1.1" 200 -
[21:39:33] "GET /api/siteinfo HTTP/1.1" 200 -
[21:39:43] "GET /api/siteinfo HTTP/1.1" 200 -
[21:39:53] "GET /api/siteinfo HTTP/1.1" 200 -
[21:40:03] "GET /api/siteinfo HTTP/1.1" 200 -
[21:40:13] "GET /api/siteinfo HTTP/1.1" 200 -
[21:40:23] "GET /api/siteinfo HTTP/1.1" 200 -
[21:40:33] "GET /api/siteinfo HTTP/1.1" 200 -
[21:40:43] "GET /api/siteinfo HTTP/1.1" 200 -
[21:40:53] "GET /api/siteinfo HTTP/1.1" 200 -
[21:41:03] "GET /api/siteinfo HTTP/1.1" 200 -
[21:41:13] "GET /api/siteinfo HTTP/1.1" 200 -
[21:41:23] "GET /api/siteinfo HTTP/1.1" 200 -
[21:41:33] "GET /api/siteinfo HTTP/1.1" 200 -
[21:41:43] "GET /api/siteinfo HTTP/1.1" 200 -
[21:41:53] "GET /api/siteinfo HTTP/1.1" 200 -
[21:42:03] "GET /api/siteinfo HTTP/1.1" 200 -
[21:42:13] "GET /api/siteinfo HTTP/1.1" 200 -
[21:42:23] "GET /api/siteinfo HTTP/1.1" 200 -
[21:42:33] "GET /api/siteinfo HTTP/1.1" 200 -
[21:42:43] "GET /api/siteinfo HTTP/1.1" 200 -
[21:42:53] "GET /api/siteinfo HTTP/1.1" 200 -
[21:43:03] "GET /api/siteinfo HTTP/1.1" 200 -
[21:43:13] "GET /api/siteinfo HTTP/1.1" 200 -
[21:43:23] "GET /api/siteinfo HTTP/1.1" 200 -
[21:43:33] "GET /api/siteinfo HTTP/1.1" 200 -
[21:43:43] "GET /api/siteinfo HTTP/1.1" 200 -
[21:43:53] "GET /api/siteinfo HTTP/1.1" 200 -
[21:44:03] "GET /api/siteinfo HTTP/1.1" 200 -
[21:44:13] "GET /api/siteinfo HTTP/1.1" 200 -
[21:44:23] "GET /api/siteinfo HTTP/1.1" 200 -
[21:44:33] "GET /api/siteinfo HTTP/1.1" 200 -
[21:44:43] "GET /api/siteinfo HTTP/1.1" 200 -
[21:44:53] "GET /api/siteinfo HTTP/1.1" 200 -
[21:45:03] "GET /api/siteinfo HTTP/1.1" 200 -
[21:45:13] "GET /api/siteinfo HTTP/1.1" 200 -
[21:45:23] "GET /api/siteinfo HTTP/1.1" 200 -
[21:45:33] "GET /api/siteinfo HTTP/1.1" 200 -
[21:45:43] "GET /api/siteinfo HTTP/1.1" 200 -
[21:45:53] "GET /api/siteinfo HTTP/1.1" 200 -
[21:46:03] "GET /api/siteinfo HTTP/1.1" 200 -
[21:46:13] "GET /api/siteinfo HTTP/1.1" 200 -
[21:46:23] "GET /api/siteinfo HTTP/1.1" 200 -
[21:46:33] "GET /api/siteinfo HTTP/1.1" 200 -
[21:46:43] "GET /api/siteinfo HTTP/1.1" 200 -
[21:46:53] "GET /api/siteinfo HTTP/1.1" 200 -
[21:47:03] "GET /api/siteinfo HTTP/1.1" 200 -
[21:47:13] "GET /api/siteinfo HTTP/1.1" 200 -
[21:47:23] "GET /api/siteinfo HTTP/1.1" 200 -
[21:47:33] "GET /api/siteinfo HTTP/1.1" 200 -
[21:47:43] "GET /api/siteinfo HTTP/1.1" 200 -
[21:47:53] "GET /api/siteinfo HTTP/1.1" 200 -
[21:48:03] "GET /api/siteinfo HTTP/1.1" 200 -
[21:48:13] "GET /api/siteinfo HTTP/1.1" 200 -
[21:48:23] "GET /api/siteinfo HTTP/1.1" 200 -
[21:48:33] "GET /api/siteinfo HTTP/1.1" 200 -
[21:48:43] "GET /api/siteinfo HTTP/1.1" 200 -
[21:48:53] "GET /api/siteinfo HTTP/1.1" 200 -
[21:49:03] "GET /api/siteinfo HTTP/1.1" 200 -
[21:49:13] "GET /api/siteinfo HTTP/1.1" 200 -
[21:49:23] "GET /api/siteinfo HTTP/1.1" 200 -
[21:49:33] "GET /api/siteinfo HTTP/1.1" 200 -
[21:49:43] "GET /api/siteinfo HTTP/1.1" 200 -
[21:49:53] "GET /api/siteinfo HTTP/1.1" 200 -
[21:50:03] "GET /api/siteinfo HTTP/1.1" 200 -
[21:50:13] "GET /api/siteinfo HTTP/1.1" 200 -
[21:50:23] "GET /api/siteinfo HTTP/1.1" 200 -
[21:50:33] "GET /api/siteinfo HTTP/1.1" 200 -
[21:50:44] "GET /api/siteinfo HTTP/1.1" 200 -
[21:50:54] "GET /api/siteinfo HTTP/1.1" 200 -
[21:51:04] "GET /api/siteinfo HTTP/1.1" 200 -
[21:51:14] "GET /api/siteinfo HTTP/1.1" 200 -
[21:51:24] "GET /api/siteinfo HTTP/1.1" 200 -
[21:51:34] "GET /api/siteinfo HTTP/1.1" 200 -
[21:51:44] "GET /api/siteinfo HTTP/1.1" 200 -
[21:51:54] "GET /api/siteinfo HTTP/1.1" 200 -
[21:52:04] "GET /api/siteinfo HTTP/1.1" 200 -
[21:52:14] "GET /api/siteinfo HTTP/1.1" 200 -
[21:52:24] "GET /api/siteinfo HTTP/1.1" 200 -
[21:52:34] "GET /api/siteinfo HTTP/1.1" 200 -
[21:52:44] "GET /api/siteinfo HTTP/1.1" 200 -
[21:52:54] "GET /api/siteinfo HTTP/1.1" 200 -
[21:53:04] "GET /api/siteinfo HTTP/1.1" 200 -
[21:53:14] "GET /api/siteinfo HTTP/1.1" 200 -
[21:53:24] "GET /api/siteinfo HTTP/1.1" 200 -
[21:53:34] "GET /api/siteinfo HTTP/1.1" 200 -
[21:53:44] "GET /api/siteinfo HTTP/1.1" 200 -
[21:53:54] "GET /api/siteinfo HTTP/1.1" 200 -
[21:54:04] "GET /api/siteinfo HTTP/1.1" 200 -
[21:54:14] "GET /api/siteinfo HTTP/1.1" 200 -
[21:54:24] "GET /api/siteinfo HTTP/1.1" 200 -
[21:54:34] "GET /api/siteinfo HTTP/1.1" 200 -
[21:54:44] "GET /api/siteinfo HTTP/1.1" 200 -
[21:54:54] "GET /api/siteinfo HTTP/1.1" 200 -
[21:55:04] "GET /api/siteinfo HTTP/1.1" 200 -
[21:55:14] "GET /api/siteinfo HTTP/1.1" 200 -
[21:55:24] "GET /api/siteinfo HTTP/1.1" 200 -
[21:55:34] "GET /api/siteinfo HTTP/1.1" 200 -
[21:55:44] "GET /api/siteinfo HTTP/1.1" 200 -
[21:55:54] "GET /api/siteinfo HTTP/1.1" 200 -
[21:56:04] "GET /api/siteinfo HTTP/1.1" 200 -
[21:56:14] "GET /api/siteinfo HTTP/1.1" 200 -
[21:56:24] "GET /api/siteinfo HTTP/1.1" 200 -
[21:56:34] "GET /api/siteinfo HTTP/1.1" 200 -
[21:56:44] "GET /api/siteinfo HTTP/1.1" 200 -
[21:56:54] "GET /api/siteinfo HTTP/1.1" 200 -
[21:57:04] "GET /api/siteinfo HTTP/1.1" 200 -
[21:57:14] "GET /api/siteinfo HTTP/1.1" 200 -
[21:57:24] "GET /api/siteinfo HTTP/1.1" 200 -
[21:57:34] "GET /api/siteinfo HTTP/1.1" 200 -
[21:57:44] "GET /api/siteinfo HTTP/1.1" 200 -
[21:57:54] "GET /api/siteinfo HTTP/1.1" 200 -
[21:58:04] "GET /api/siteinfo HTTP/1.1" 200 -
[21:58:14] "GET /api/siteinfo HTTP/1.1" 200 -
[21:58:24] "GET /api/siteinfo HTTP/1.1" 200 -
[21:58:34] "GET /api/siteinfo HTTP/1.1" 200 -
[21:58:44] "GET /api/siteinfo HTTP/1.1" 200 -
[21:58:54] "GET /api/siteinfo HTTP/1.1" 200 -
[21:59:04] "GET /api/siteinfo HTTP/1.1" 200 -
[21:59:14] "GET /api/siteinfo HTTP/1.1" 200 -
[21:59:24] "GET /api/siteinfo HTTP/1.1" 200 -
[21:59:34] "GET /api/siteinfo HTTP/1.1" 200 -
[21:59:44] "GET /api/siteinfo HTTP/1.1" 200 -
[21:59:54] "GET /api/siteinfo HTTP/1.1" 200 -
[22:00:04] "GET /api/siteinfo HTTP/1.1" 200 -
[22:00:14] "GET /api/siteinfo HTTP/1.1" 200 -
[22:00:24] "GET /api/siteinfo HTTP/1.1" 200 -
[22:00:34] "GET /api/siteinfo HTTP/1.1" 200 -
[22:00:44] "GET /api/siteinfo HTTP/1.1" 200 -
[22:00:54] "GET /api/siteinfo HTTP/1.1" 200 -
[22:01:04] "GET /api/siteinfo HTTP/1.1" 200 -
[22:01:14] "GET /api/siteinfo HTTP/1.1" 200 -
[22:01:24] "GET /api/siteinfo HTTP/1.1" 200 -
[22:01:34] "GET /api/siteinfo HTTP/1.1" 200 -
[22:01:44] "GET /api/siteinfo HTTP/1.1" 200 -
[22:01:54] "GET /api/siteinfo HTTP/1.1" 200 -
[22:02:04] "GET /api/siteinfo HTTP/1.1" 200 -
[22:02:14] "GET /api/siteinfo HTTP/1.1" 200 -
[22:02:24] "GET /api/siteinfo HTTP/1.1" 200 -
[22:02:34] "GET /api/siteinfo HTTP/1.1" 200 -
[22:02:44] "GET /api/siteinfo HTTP/1.1" 200 -
[22:02:54] "GET /api/siteinfo HTTP/1.1" 200 -
[22:03:04] "GET /api/siteinfo HTTP/1.1" 200 -
[22:03:14] "GET /api/siteinfo HTTP/1.1" 200 -
[22:03:25] "GET /api/siteinfo HTTP/1.1" 200 -
[22:03:35] "GET /api/siteinfo HTTP/1.1" 200 -
[22:03:45] "GET /api/siteinfo HTTP/1.1" 200 -
[22:03:55] "GET /api/siteinfo HTTP/1.1" 200 -
[22:04:05] "GET /api/siteinfo HTTP/1.1" 200 -
[22:04:15] "GET /api/siteinfo HTTP/1.1" 200 -
[22:04:25] "GET /api/siteinfo HTTP/1.1" 200 -
[22:04:35] "GET /api/siteinfo HTTP/1.1" 200 -
[22:04:45] "GET /api/siteinfo HTTP/1.1" 200 -
[22:04:55] "GET /api/siteinfo HTTP/1.1" 200 -
[22:05:05] "GET /api/siteinfo HTTP/1.1" 200 -
[22:05:15] "GET /api/siteinfo HTTP/1.1" 200 -
[22:05:25] "GET /api/siteinfo HTTP/1.1" 200 -
[22:05:35] "GET /api/siteinfo HTTP/1.1" 200 -
[22:05:45] "GET /api/siteinfo HTTP/1.1" 200 -
[22:05:55] "GET /api/siteinfo HTTP/1.1" 200 -
[22:06:05] "GET /api/siteinfo HTTP/1.1" 200 -
[22:06:15] "GET /api/siteinfo HTTP/1.1" 200 -
[22:06:25] "GET /api/siteinfo HTTP/1.1" 200 -
[22:06:35] "GET /api/siteinfo HTTP/1.1" 200 -
[22:06:45] "GET /api/siteinfo HTTP/1.1" 200 -
[22:06:55] "GET /api/siteinfo HTTP/1.1" 200 -
[22:07:05] "GET /api/siteinfo HTTP/1.1" 200 -
[22:07:15] "GET /api/siteinfo HTTP/1.1" 200 -
[22:07:25] "GET /api/siteinfo HTTP/1.1" 200 -
[22:07:35] "GET /api/siteinfo HTTP/1.1" 200 -
[22:07:45] "GET /api/siteinfo HTTP/1.1" 200 -
[22:07:55] "GET /api/siteinfo HTTP/1.1" 200 -
[22:08:05] "GET /api/siteinfo HTTP/1.1" 200 -
[22:08:15] "GET /api/siteinfo HTTP/1.1" 200 -
[22:08:25] "GET /api/siteinfo HTTP/1.1" 200 -
[22:08:35] "GET /api/siteinfo HTTP/1.1" 200 -
[22:08:45] "GET /api/siteinfo HTTP/1.1" 200 -
[22:08:55] "GET /api/siteinfo HTTP/1.1" 200 -
[22:09:05] "GET /api/siteinfo HTTP/1.1" 200 -
[22:09:15] "GET /api/siteinfo HTTP/1.1" 200 -
[22:09:25] "GET /api/siteinfo HTTP/1.1" 200 -
[22:09:35] "GET /api/siteinfo HTTP/1.1" 200 -
[22:09:45] "GET /api/siteinfo HTTP/1.1" 200 -
[22:09:55] "GET /api/siteinfo HTTP/1.1" 200 -
[22:10:05] "GET /api/siteinfo HTTP/1.1" 200 -
[22:10:15] "GET /api/siteinfo HTTP/1.1" 200 -
[22:10:25] "GET /api/siteinfo HTTP/1.1" 200 -
[22:10:35] "GET /api/siteinfo HTTP/1.1" 200 -
[22:10:45] "GET /api/siteinfo HTTP/1.1" 200 -
[22:10:55] "GET /api/siteinfo HTTP/1.1" 200 -
[22:11:05] "GET /api/siteinfo HTTP/1.1" 200 -
[22:11:15] "GET /api/siteinfo HTTP/1.1" 200 -
[22:11:25] "GET /api/siteinfo HTTP/1.1" 200 -
[22:11:35] "GET /api/siteinfo HTTP/1.1" 200 -
[22:11:45] "GET /api/siteinfo HTTP/1.1" 200 -
[22:11:55] "GET /api/siteinfo HTTP/1.1" 200 -
[22:12:05] "GET /api/siteinfo HTTP/1.1" 200 -
[22:12:15] "GET /api/siteinfo HTTP/1.1" 200 -
[22:12:25] "GET /api/siteinfo HTTP/1.1" 200 -
[22:12:35] "GET /api/siteinfo HTTP/1.1" 200 -
[22:12:45] "GET /api/siteinfo HTTP/1.1" 200 -
[22:12:55] "GET /api/siteinfo HTTP/1.1" 200 -
[22:13:05] "GET /api/siteinfo HTTP/1.1" 200 -
[22:13:15] "GET /api/siteinfo HTTP/1.1" 200 -
[22:13:25] "GET /api/siteinfo HTTP/1.1" 200 -
[22:13:35] "GET /api/siteinfo HTTP/1.1" 200 -
[22:13:45] "GET /api/siteinfo HTTP/1.1" 200 -
[22:13:55] "GET /api/siteinfo HTTP/1.1" 200 -
[22:14:05] "GET /api/siteinfo HTTP/1.1" 200 -
[22:14:15] "GET /api/siteinfo HTTP/1.1" 200 -
[22:14:25] "GET /api/siteinfo HTTP/1.1" 200 -
[22:14:35] "GET /api/siteinfo HTTP/1.1" 200 -
[22:14:45] "GET /api/siteinfo HTTP/1.1" 200 -
[22:14:55] "GET /api/siteinfo HTTP/1.1" 200 -
[22:15:05] "GET /api/siteinfo HTTP/1.1" 200 -
[22:15:15] "GET /api/siteinfo HTTP/1.1" 200 -
[22:15:25] "GET /api/siteinfo HTTP/1.1" 200 -
[22:15:35] "GET /api/siteinfo HTTP/1.1" 200 -
[22:15:45] "GET /api/siteinfo HTTP/1.1" 200 -
[22:15:55] "GET /api/siteinfo HTTP/1.1" 200 -
[22:16:05] "GET /api/siteinfo HTTP/1.1" 200 -
[22:16:15] "GET /api/siteinfo HTTP/1.1" 200 -
[22:16:25] "GET /api/siteinfo HTTP/1.1" 200 -
[22:16:35] "GET /api/siteinfo HTTP/1.1" 200 -
[22:16:45] "GET /api/siteinfo HTTP/1.1" 200 -
[22:16:55] "GET /api/siteinfo HTTP/1.1" 200 -
[22:17:05] "GET /api/siteinfo HTTP/1.1" 200 -
[22:17:15] "GET /api/siteinfo HTTP/1.1" 200 -
[22:17:25] "GET /api/siteinfo HTTP/1.1" 200 -
[22:17:35] "GET /api/siteinfo HTTP/1.1" 200 -
[22:17:46] "GET /api/siteinfo HTTP/1.1" 200 -
[22:17:56] "GET /api/siteinfo HTTP/1.1" 200 -
[22:18:06] "GET /api/siteinfo HTTP/1.1" 200 -
[22:18:16] "GET /api/siteinfo HTTP/1.1" 200 -
[22:18:26] "GET /api/siteinfo HTTP/1.1" 200 -
[22:18:36] "GET /api/siteinfo HTTP/1.1" 200 -
[22:18:46] "GET /api/siteinfo HTTP/1.1" 200 -
[22:18:56] "GET /api/siteinfo HTTP/1.1" 200 -
[22:19:06] "GET /api/siteinfo HTTP/1.1" 200 -
[22:19:16] "GET /api/siteinfo HTTP/1.1" 200 -
[22:19:26] "GET /api/siteinfo HTTP/1.1" 200 -
[22:19:36] "GET /api/siteinfo HTTP/1.1" 200 -
[22:19:46] "GET /api/siteinfo HTTP/1.1" 200 -
[22:19:56] "GET /api/siteinfo HTTP/1.1" 200 -
[22:20:06] "GET /api/siteinfo HTTP/1.1" 200 -
[22:20:16] "GET /api/siteinfo HTTP/1.1" 200 -
[22:20:26] "GET /api/siteinfo HTTP/1.1" 200 -
[22:20:36] "GET /api/siteinfo HTTP/1.1" 200 -
[22:20:46] "GET /api/siteinfo HTTP/1.1" 200 -
[22:20:56] "GET /api/siteinfo HTTP/1.1" 200 -
[22:21:06] "GET /api/siteinfo HTTP/1.1" 200 -
[22:21:16] "GET /api/siteinfo HTTP/1.1" 200 -
[22:21:26] "GET /api/siteinfo HTTP/1.1" 200 -
[22:21:36] "GET /api/siteinfo HTTP/1.1" 200 -
[22:21:46] "GET /api/siteinfo HTTP/1.1" 200 -
[22:21:56] "GET /api/siteinfo HTTP/1.1" 200 -
[22:22:06] "GET /api/siteinfo HTTP/1.1" 200 -
[22:22:16] "GET /api/siteinfo HTTP/1.1" 200 -
[22:22:26] "GET /api/siteinfo HTTP/1.1" 200 -
[22:22:36] "GET /api/siteinfo HTTP/1.1" 200 -
[22:22:46] "GET /api/siteinfo HTTP/1.1" 200 -
[22:22:56] "GET /api/siteinfo HTTP/1.1" 200 -
[22:23:06] "GET /api/siteinfo HTTP/1.1" 200 -
[22:23:16] "GET /api/siteinfo HTTP/1.1" 200 -
[22:23:26] "GET /api/siteinfo HTTP/1.1" 200 -
[22:23:36] "GET /api/siteinfo HTTP/1.1" 200 -
[22:23:46] "GET /api/siteinfo HTTP/1.1" 200 -
[22:23:56] "GET /api/siteinfo HTTP/1.1" 200 -
[22:24:06] "GET /api/siteinfo HTTP/1.1" 200 -
[22:24:16] "GET /api/siteinfo HTTP/1.1" 200 -
[22:24:26] "GET /api/siteinfo HTTP/1.1" 200 -
[22:24:36] "GET /api/siteinfo HTTP/1.1" 200 -
[22:24:46] "GET /api/siteinfo HTTP/1.1" 200 -
[22:24:56] "GET /api/siteinfo HTTP/1.1" 200 -
[22:25:06] "GET /api/siteinfo HTTP/1.1" 200 -
[22:25:16] "GET /api/siteinfo HTTP/1.1" 200 -
[22:25:26] "GET /api/siteinfo HTTP/1.1" 200 -
[22:25:36] "GET /api/siteinfo HTTP/1.1" 200 -
[22:25:46] "GET /api/siteinfo HTTP/1.1" 200 -
[22:25:56] "GET /api/siteinfo HTTP/1.1" 200 -
[22:26:06] "GET /api/siteinfo HTTP/1.1" 200 -
[22:26:16] "GET /api/siteinfo HTTP/1.1" 200 -
[22:26:26] "GET /api/siteinfo HTTP/1.1" 200 -
[22:26:36] "GET /api/siteinfo HTTP/1.1" 200 -
[22:26:46] "GET /api/siteinfo HTTP/1.1" 200 -
[22:26:56] "GET /api/siteinfo HTTP/1.1" 200 -
[22:27:06] "GET /api/siteinfo HTTP/1.1" 200 -
[22:27:16] "GET /api/siteinfo HTTP/1.1" 200 -
[22:27:26] "GET /api/siteinfo HTTP/1.1" 200 -
[22:27:36] "GET /api/siteinfo HTTP/1.1" 200 -
[22:27:46] "GET /api/siteinfo HTTP/1.1" 200 -
[22:27:56] "GET /api/siteinfo HTTP/1.1" 200 -
[22:28:06] "GET /api/siteinfo HTTP/1.1" 200 -
[22:28:16] "GET /api/siteinfo HTTP/1.1" 200 -
[22:28:26] "GET /api/siteinfo HTTP/1.1" 200 -
[22:28:36] "GET /api/siteinfo HTTP/1.1" 200 -
[22:28:46] "GET /api/siteinfo HTTP/1.1" 200 -
[22:28:56] "GET /api/siteinfo HTTP/1.1" 200 -
[22:29:06] "GET /api/siteinfo HTTP/1.1" 200 -
[22:29:16] "GET /api/siteinfo HTTP/1.1" 200 -
[22:29:26] "GET /api/siteinfo HTTP/1.1" 200 -
[22:29:36] "GET /api/siteinfo HTTP/1.1" 200 -
[22:29:46] "GET /api/siteinfo HTTP/1.1" 200 -
[22:29:56] "GET /api/siteinfo HTTP/1.1" 200 -
[22:30:06] "GET /api/siteinfo HTTP/1.1" 200 -
[22:30:16] "GET /api/siteinfo HTTP/1.1" 200 -
[22:30:26] "GET /api/siteinfo HTTP/1.1" 200 -
[22:30:36] "GET /api/siteinfo HTTP/1.1" 200 -
[22:30:46] "GET /api/siteinfo HTTP/1.1" 200 -
[22:30:56] "GET /api/siteinfo HTTP/1.1" 200 -
[22:31:06] "GET /api/siteinfo HTTP/1.1" 200 -
[22:31:16] "GET /api/siteinfo HTTP/1.1" 200 -
[22:31:26] "GET /api/siteinfo HTTP/1.1" 200 -
[22:31:36] "GET /api/siteinfo HTTP/1.1" 200 -
[22:31:46] "GET /api/siteinfo HTTP/1.1" 200 -
[22:31:56] "GET /api/siteinfo HTTP/1.1" 200 -
[22:32:06] "GET /api/siteinfo HTTP/1.1" 200 -
[22:32:16] "GET /api/siteinfo HTTP/1.1" 200 -
[22:32:26] "GET /api/siteinfo HTTP/1.1" 200 -
[22:32:36] "GET /api/siteinfo HTTP/1.1" 200 -
[22:32:46] "GET /api/siteinfo HTTP/1.1" 200 -
[22:32:56] "GET /api/siteinfo HTTP/1.1" 200 -
[22:33:06] "GET /api/siteinfo HTTP/1.1" 200 -
[22:33:16] "GET /api/siteinfo HTTP/1.1" 200 -
[22:33:26] "GET /api/siteinfo HTTP/1.1" 200 -
[22:33:36] "GET /api/siteinfo HTTP/1.1" 200 -
[22:33:46] "GET /api/siteinfo HTTP/1.1" 200 -
[22:33:56] "GET /api/siteinfo HTTP/1.1" 200 -
[22:34:06] "GET /api/siteinfo HTTP/1.1" 200 -
[22:34:16] "GET /api/siteinfo HTTP/1.1" 200 -
[22:34:27] "GET /api/siteinfo HTTP/1.1" 200 -
[22:34:37] "GET /api/siteinfo HTTP/1.1" 200 -
[22:34:47] "GET /api/siteinfo HTTP/1.1" 200 -
[22:34:57] "GET /api/siteinfo HTTP/1.1" 200 -
[22:35:07] "GET /api/siteinfo HTTP/1.1" 200 -
[22:35:17] "GET /api/siteinfo HTTP/1.1" 200 -
[22:35:27] "GET /api/siteinfo HTTP/1.1" 200 -
[22:35:37] "GET /api/siteinfo HTTP/1.1" 200 -
[22:35:47] "GET /api/siteinfo HTTP/1.1" 200 -
[22:35:57] "GET /api/siteinfo HTTP/1.1" 200 -
[22:36:07] "GET /api/siteinfo HTTP/1.1" 200 -
[22:36:17] "GET /api/siteinfo HTTP/1.1" 200 -
[22:36:27] "GET /api/siteinfo HTTP/1.1" 200 -
[22:36:37] "GET /api/siteinfo HTTP/1.1" 200 -
[22:36:47] "GET /api/siteinfo HTTP/1.1" 200 -
[22:36:57] "GET /api/siteinfo HTTP/1.1" 200 -
[22:37:07] "GET /api/siteinfo HTTP/1.1" 200 -
[22:37:17] "GET /api/siteinfo HTTP/1.1" 200 -
[22:37:27] "GET /api/siteinfo HTTP/1.1" 200 -
[22:37:37] "GET /api/siteinfo HTTP/1.1" 200 -
[22:37:47] "GET /api/siteinfo HTTP/1.1" 200 -
[22:37:57] "GET /api/siteinfo HTTP/1.1" 200 -
[22:38:07] "GET /api/siteinfo HTTP/1.1" 200 -
[22:38:17] "GET /api/siteinfo HTTP/1.1" 200 -
[22:38:27] "GET /api/siteinfo HTTP/1.1" 200 -
[22:38:37] "GET /api/siteinfo HTTP/1.1" 200 -
[22:38:47] "GET /api/siteinfo HTTP/1.1" 200 -
[22:38:57] "GET /api/siteinfo HTTP/1.1" 200 -
[22:39:07] "GET /api/siteinfo HTTP/1.1" 200 -
[22:39:17] "GET /api/siteinfo HTTP/1.1" 200 -
[22:39:27] "GET /api/siteinfo HTTP/1.1" 200 -
[22:39:37] "GET /api/siteinfo HTTP/1.1" 200 -
[22:39:47] "GET /api/siteinfo HTTP/1.1" 200 -
[22:39:57] "GET /api/siteinfo HTTP/1.1" 200 -
[22:40:07] "GET /api/siteinfo HTTP/1.1" 200 -
[22:40:17] "GET /api/siteinfo HTTP/1.1" 200 -
[22:40:27] "GET /api/siteinfo HTTP/1.1" 200 -
[22:40:37] "GET /api/siteinfo HTTP/1.1" 200 -
[22:40:47] "GET /api/siteinfo HTTP/1.1" 200 -
[22:40:57] "GET /api/siteinfo HTTP/1.1" 200 -
[22:41:07] "GET /api/siteinfo HTTP/1.1" 200 -
[22:41:17] "GET /api/siteinfo HTTP/1.1" 200 -
[22:41:27] "GET /api/siteinfo HTTP/1.1" 200 -
[22:41:37] "GET /api/siteinfo HTTP/1.1" 200 -
[22:41:47] "GET /api/siteinfo HTTP/1.1" 200 -
[22:41:57] "GET /api/siteinfo HTTP/1.1" 200 -
[22:42:07] "GET /api/siteinfo HTTP/1.1" 200 -
[22:42:17] "GET /api/siteinfo HTTP/1.1" 200 -
[22:42:27] "GET /api/siteinfo HTTP/1.1" 200 -
[22:42:37] "GET /api/siteinfo HTTP/1.1" 200 -
[22:42:47] "GET /api/siteinfo HTTP/1.1" 200 -
[22:42:57] "GET /api/siteinfo HTTP/1.1" 200 -
[22:43:07] "GET /api/siteinfo HTTP/1.1" 200 -
[22:43:17] "GET /api/siteinfo HTTP/1.1" 200 -
[22:43:27] "GET /api/siteinfo HTTP/1.1" 200 -
[22:43:37] "GET /api/siteinfo HTTP/1.1" 200 -
[22:43:47] "GET /api/siteinfo HTTP/1.1" 200 -
[22:43:57] "GET /api/siteinfo HTTP/1.1" 200 -
[22:44:07] "GET /api/siteinfo HTTP/1.1" 200 -
[22:44:17] "GET /api/siteinfo HTTP/1.1" 200 -
[22:44:27] "GET /api/siteinfo HTTP/1.1" 200 -
[22:44:37] "GET /api/siteinfo HTTP/1.1" 200 -
[22:44:47] "GET /api/siteinfo HTTP/1.1" 200 -
[22:44:58] "GET /api/siteinfo HTTP/1.1" 200 -
[22:45:08] "GET /api/siteinfo HTTP/1.1" 200 -
[22:45:18] "GET /api/siteinfo HTTP/1.1" 200 -
[22:45:28] "GET /api/siteinfo HTTP/1.1" 200 -
[22:45:38] "GET /api/siteinfo HTTP/1.1" 200 -
[22:45:48] "GET /api/siteinfo HTTP/1.1" 200 -
[22:45:58] "GET /api/siteinfo HTTP/1.1" 200 -
[22:46:08] "GET /api/siteinfo HTTP/1.1" 200 -
[22:46:18] "GET /api/siteinfo HTTP/1.1" 200 -
[22:46:28] "GET /api/siteinfo HTTP/1.1" 200 -
[22:46:38] "GET /api/siteinfo HTTP/1.1" 200 -
[22:46:48] "GET /api/siteinfo HTTP/1.1" 200 -
[22:46:58] "GET /api/siteinfo HTTP/1.1" 200 -
[22:47:08] "GET /api/siteinfo HTTP/1.1" 200 -
[22:47:18] "GET /api/siteinfo HTTP/1.1" 200 -
[22:47:28] "GET /api/siteinfo HTTP/1.1" 200 -
[22:47:38] "GET /api/siteinfo HTTP/1.1" 200 -
[22:47:48] "GET /api/siteinfo HTTP/1.1" 200 -
[22:47:58] "GET /api/siteinfo HTTP/1.1" 200 -
[22:48:08] "GET /api/siteinfo HTTP/1.1" 200 -
[22:48:18] "GET /api/siteinfo HTTP/1.1" 200 -
[22:48:28] "GET /api/siteinfo HTTP/1.1" 200 -
[22:48:38] "GET /api/siteinfo HTTP/1.1" 200 -
[22:48:48] "GET /api/siteinfo HTTP/1.1" 200 -
[22:48:58] "GET /api/siteinfo HTTP/1.1" 200 -
[22:49:08] "GET /api/siteinfo HTTP/1.1" 200 -
[22:49:18] "GET /api/siteinfo HTTP/1.1" 200 -
[22:49:28] "GET /api/siteinfo HTTP/1.1" 200 -
[22:49:38] "GET /api/siteinfo HTTP/1.1" 200 -
[22:49:48] "GET /api/siteinfo HTTP/1.1" 200 -
[22:49:58] "GET /api/siteinfo HTTP/1.1" 200 -
[22:50:08] "GET /api/siteinfo HTTP/1.1" 200 -
[22:50:18] "GET /api/siteinfo HTTP/1.1" 200 -
[22:50:28] "GET /api/siteinfo HTTP/1.1" 200 -
[22:50:38] "GET /api/siteinfo HTTP/1.1" 200 -
[22:50:48] "GET /api/siteinfo HTTP/1.1" 200 -
[22:50:58] "GET /api/siteinfo HTTP/1.1" 200 -
[22:51:08] "GET /api/siteinfo HTTP/1.1" 200 -
[22:51:18] "GET /api/siteinfo HTTP/1.1" 200 -
[22:51:28] "GET /api/siteinfo HTTP/1.1" 200 -
[22:51:38] "GET /api/siteinfo HTTP/1.1" 200 -
[22:51:48] "GET /api/siteinfo HTTP/1.1" 200 -
[22:51:58] "GET /api/siteinfo HTTP/1.1" 200 -
[22:52:08] "GET /api/siteinfo HTTP/1.1" 200 -
[22:52:18] "GET /api/siteinfo HTTP/1.1" 200 -
[22:52:28] "GET /api/siteinfo HTTP/1.1" 200 -
[22:52:38] "GET /api/siteinfo HTTP/1.1" 200 -
[22:52:48] "GET /api/siteinfo HTTP/1.1" 200 -
[22:52:58] "GET /api/siteinfo HTTP/1.1" 200 -
[22:53:08] "GET /api/siteinfo HTTP/1.1" 200 -
[22:53:18] "GET /api/siteinfo HTTP/1.1" 200 -
[22:53:28] "GET /api/siteinfo HTTP/1.1" 200 -
[22:53:38] "GET /api/siteinfo HTTP/1.1" 200 -
[22:53:48] "GET /api/siteinfo HTTP/1.1" 200 -
[22:53:58] "GET /api/siteinfo HTTP/1.1" 200 -
[22:54:08] "GET /api/siteinfo HTTP/1.1" 200 -
[22:54:18] "GET /api/siteinfo HTTP/1.1" 200 -
[22:54:28] "GET /api/siteinfo HTTP/1.1" 200 -
[22:54:38] "GET /api/siteinfo HTTP/1.1" 200 -
[22:54:48] "GET /api/siteinfo HTTP/1.1" 200 -
[22:54:58] "GET /api/siteinfo HTTP/1.1" 200 -
[22:55:08] "GET /api/siteinfo HTTP/1.1" 200 -
[22:55:18] "GET /api/siteinfo HTTP/1.1" 200 -
[22:55:28] "GET /api/siteinfo HTTP/1.1" 200 -
[22:55:38] "GET /api/siteinfo HTTP/1.1" 200 -
[22:55:48] "GET /api/siteinfo HTTP/1.1" 200 -
[22:55:58] "GET /api/siteinfo HTTP/1.1" 200 -
[22:56:08] "GET /api/siteinfo HTTP/1.1" 200 -
[22:56:18] "GET /api/siteinfo HTTP/1.1" 200 -
[22:56:28] "GET /api/siteinfo HTTP/1.1" 200 -
[22:56:38] "GET /api/siteinfo HTTP/1.1" 200 -
[22:56:48] "GET /api/siteinfo HTTP/1.1" 200 -
[22:56:58] "GET /api/siteinfo HTTP/1.1" 200 -
[22:57:08] "GET /api/siteinfo HTTP/1.1" 200 -
[22:57:18] "GET /api/siteinfo HTTP/1.1" 200 -
[22:57:28] "GET /api/siteinfo HTTP/1.1" 200 -
[22:57:38] "GET /api/siteinfo HTTP/1.1" 200 -
[22:57:49] "GET /api/siteinfo HTTP/1.1" 200 -
[22:57:59] "GET /api/siteinfo HTTP/1.1" 200 -
[22:58:09] "GET /api/siteinfo HTTP/1.1" 200 -
[22:58:19] "GET /api/siteinfo HTTP/1.1" 200 -
[22:58:29] "GET /api/siteinfo HTTP/1.1" 200 -
[22:58:39] "GET /api/siteinfo HTTP/1.1" 200 -
[22:58:49] "GET /api/siteinfo HTTP/1.1" 200 -
[22:58:59] "GET /api/siteinfo HTTP/1.1" 200 -
[22:59:09] "GET /api/siteinfo HTTP/1.1" 200 -
[22:59:19] "GET /api/siteinfo HTTP/1.1" 200 -
[22:59:29] "GET /api/siteinfo HTTP/1.1" 200 -
[22:59:39] "GET /api/siteinfo HTTP/1.1" 200 -
[22:59:49] "GET /api/siteinfo HTTP/1.1" 200 -
[22:59:59] "GET /api/siteinfo HTTP/1.1" 200 -
[23:00:09] "GET /api/siteinfo HTTP/1.1" 200 -
[23:00:19] "GET /api/siteinfo HTTP/1.1" 200 -
[23:00:29] "GET /api/siteinfo HTTP/1.1" 200 -
[23:00:39] "GET /api/siteinfo HTTP/1.1" 200 -
[23:00:49] "GET /api/siteinfo HTTP/1.1" 200 -
[23:00:59] "GET /api/siteinfo HTTP/1.1" 200 -
[23:01:09] "GET /api/siteinfo HTTP/1.1" 200 -
[23:01:19] "GET /api/siteinfo HTTP/1.1" 200 -
[23:01:29] "GET /api/siteinfo HTTP/1.1" 200 -
[23:01:39] "GET /api/siteinfo HTTP/1.1" 200 -
[23:01:49] "GET /api/siteinfo HTTP/1.1" 200 -
[23:01:59] "GET /api/siteinfo HTTP/1.1" 200 -
[23:02:09] "GET /api/siteinfo HTTP/1.1" 200 -
[23:02:19] "GET /api/siteinfo HTTP/1.1" 200 -
[23:02:29] "GET /api/siteinfo HTTP/1.1" 200 -
[23:02:39] "GET /api/siteinfo HTTP/1.1" 200 -
[23:02:49] "GET /api/siteinfo HTTP/1.1" 200 -
[23:02:59] "GET /api/siteinfo HTTP/1.1" 200 -
[23:03:09] "GET /api/siteinfo HTTP/1.1" 200 -
[23:03:19] "GET /api/siteinfo HTTP/1.1" 200 -
[23:03:29] "GET /api/siteinfo HTTP/1.1" 200 -
[23:03:39] "GET /api/siteinfo HTTP/1.1" 200 -
[23:03:49] "GET /api/siteinfo HTTP/1.1" 200 -
[23:03:59] "GET /api/siteinfo HTTP/1.1" 200 -
[23:04:09] "GET /api/siteinfo HTTP/1.1" 200 -
[23:04:20] "GET /api/siteinfo HTTP/1.1" 200 -
[23:04:30] "GET /api/siteinfo HTTP/1.1" 200 -
[23:04:40] "GET /api/siteinfo HTTP/1.1" 200 -
[23:04:50] "GET /api/siteinfo HTTP/1.1" 200 -
[23:05:00] "GET /api/siteinfo HTTP/1.1" 200 -
[23:05:10] "GET /api/siteinfo HTTP/1.1" 200 -
[23:05:20] "GET /api/siteinfo HTTP/1.1" 200 -
[23:05:30] "GET /api/siteinfo HTTP/1.1" 200 -
[23:05:40] "GET /api/siteinfo HTTP/1.1" 200 -
[23:05:50] "GET /api/siteinfo HTTP/1.1" 200 -
[23:06:00] "GET /api/siteinfo HTTP/1.1" 200 -
[23:06:10] "GET /api/siteinfo HTTP/1.1" 200 -
[23:06:20] "GET /api/siteinfo HTTP/1.1" 200 -
[23:06:30] "GET /api/siteinfo HTTP/1.1" 200 -
[23:06:40] "GET /api/siteinfo HTTP/1.1" 200 -
[23:06:50] "GET /api/siteinfo HTTP/1.1" 200 -
[23:07:00] "GET /api/siteinfo HTTP/1.1" 200 -
[23:07:10] "GET /api/siteinfo HTTP/1.1" 200 -
[23:07:20] "GET /api/siteinfo HTTP/1.1" 200 -
[23:07:30] "GET /api/siteinfo HTTP/1.1" 200 -
[23:07:40] "GET /api/siteinfo HTTP/1.1" 200 -
[23:07:50] "GET /api/siteinfo HTTP/1.1" 200 -
[23:08:00] "GET /api/siteinfo HTTP/1.1" 200 -
[23:08:10] "GET /api/siteinfo HTTP/1.1" 200 -
[23:08:20] "GET /api/siteinfo HTTP/1.1" 200 -
[23:08:30] "GET /api/siteinfo HTTP/1.1" 200 -
[23:08:40] "GET /api/siteinfo HTTP/1.1" 200 -
[23:08:50] "GET /api/siteinfo HTTP/1.1" 200 -
[23:09:00] "GET /api/siteinfo HTTP/1.1" 200 -
[23:09:10] "GET /api/siteinfo HTTP/1.1" 200 -
[23:09:20] "GET /api/siteinfo HTTP/1.1" 200 -
[23:09:30] "GET /api/siteinfo HTTP/1.1" 200 -
[23:09:40] "GET /api/siteinfo HTTP/1.1" 200 -
[23:09:50] "GET /api/siteinfo HTTP/1.1" 200 -
[23:10:00] "GET /api/siteinfo HTTP/1.1" 200 -
[23:10:10] "GET /api/siteinfo HTTP/1.1" 200 -
[23:10:20] "GET /api/siteinfo HTTP/1.1" 200 -
[23:10:30] "GET /api/siteinfo HTTP/1.1" 200 -
[23:10:40] "GET /api/siteinfo HTTP/1.1" 200 -
[23:10:50] "GET /api/siteinfo HTTP/1.1" 200 -
[23:11:00] "GET /api/siteinfo HTTP/1.1" 200 -
[23:11:10] "GET /api/siteinfo HTTP/1.1" 200 -
[23:11:20] "GET /api/siteinfo HTTP/1.1" 200 -
[23:11:30] "GET /api/siteinfo HTTP/1.1" 200 -
[23:11:40] "GET /api/siteinfo HTTP/1.1" 200 -
[23:11:50] "GET /api/siteinfo HTTP/1.1" 200 -
[23:12:00] "GET /api/siteinfo HTTP/1.1" 200 -
[23:12:10] "GET /api/siteinfo HTTP/1.1" 200 -
[23:12:20] "GET /api/siteinfo HTTP/1.1" 200 -
[23:12:30] "GET /api/siteinfo HTTP/1.1" 200 -
[23:12:40] "GET /api/siteinfo HTTP/1.1" 200 -
[23:12:50] "GET /api/siteinfo HTTP/1.1" 200 -
[23:13:00] "GET /api/siteinfo HTTP/1.1" 200 -
[23:13:10] "GET /api/siteinfo HTTP/1.1" 200 -
[23:13:20] "GET /api/siteinfo HTTP/1.1" 200 -
[23:13:30] "GET /api/siteinfo HTTP/1.1" 200 -
[23:13:40] "GET /api/siteinfo HTTP/1.1" 200 -
[23:13:50] "GET /api/siteinfo HTTP/1.1" 200 -
[23:14:00] "GET /api/siteinfo HTTP/1.1" 200 -
[23:14:10] "GET /api/siteinfo HTTP/1.1" 200 -
[23:14:20] "GET /api/siteinfo HTTP/1.1" 200 -
[23:14:30] "GET /api/siteinfo HTTP/1.1" 200 -
[23:14:40] "GET /api/siteinfo HTTP/1.1" 200 -
[23:14:50] "GET /api/siteinfo HTTP/1.1" 200 -
[23:15:00] "GET /api/siteinfo HTTP/1.1" 200 -
[23:15:10] "GET /api/siteinfo HTTP/1.1" 200 -
[23:15:20] "GET /api/siteinfo HTTP/1.1" 200 -
[23:15:30] "GET /api/siteinfo HTTP/1.1" 200 -
[23:15:40] "GET /api/siteinfo HTTP/1.1" 200 -
[23:15:50] "GET /api/siteinfo HTTP/1.1" 200 -
[23:16:00] "GET /api/siteinfo HTTP/1.1" 200 -
[23:16:10] "GET /api/siteinfo HTTP/1.1" 200 -
[23:16:20] "GET /api/siteinfo HTTP/1.1" 200 -
[23:16:30] "GET /api/siteinfo HTTP/1.1" 200 -
[23:16:40] "GET /api/siteinfo HTTP/1.1" 200 -
[23:16:50] "GET /api/siteinfo HTTP/1.1" 200 -
[23:17:00] "GET /api/siteinfo HTTP/1.1" 200 -
[23:17:10] "GET /api/siteinfo HTTP/1.1" 200 -
[23:17:20] "GET /api/siteinfo HTTP/1.1" 200 -
[23:17:30] "GET /api/siteinfo HTTP/1.1" 200 -
[23:17:41] "GET /api/siteinfo HTTP/1.1" 200 -
[23:17:51] "GET /api/siteinfo HTTP/1.1" 200 -
[23:18:01] "GET /api/siteinfo HTTP/1.1" 200 -
[23:18:11] "GET /api/siteinfo HTTP/1.1" 200 -
[23:18:21] "GET /api/siteinfo HTTP/1.1" 200 -
[23:18:31] "GET /api/siteinfo HTTP/1.1" 200 -
[23:18:41] "GET /api/siteinfo HTTP/1.1" 200 -
[23:18:51] "GET /api/siteinfo HTTP/1.1" 200 -
[23:19:01] "GET /api/siteinfo HTTP/1.1" 200 -
[23:19:11] "GET /api/siteinfo HTTP/1.1" 200 -
[23:19:21] "GET /api/siteinfo HTTP/1.1" 200 -
[23:19:31] "GET /api/siteinfo HTTP/1.1" 200 -
[23:19:41] "GET /api/siteinfo HTTP/1.1" 200 -
[23:19:51] "GET /api/siteinfo HTTP/1.1" 200 -
[23:20:01] "GET /api/siteinfo HTTP/1.1" 200 -
[23:20:11] "GET /api/siteinfo HTTP/1.1" 200 -
[23:20:21] "GET /api/siteinfo HTTP/1.1" 200 -
[23:20:31] "GET /api/siteinfo HTTP/1.1" 200 -
[23:20:41] "GET /api/siteinfo HTTP/1.1" 200 -
[23:20:51] "GET /api/siteinfo HTTP/1.1" 200 -
[23:21:01] "GET /api/siteinfo HTTP/1.1" 200 -
[23:21:11] "GET /api/siteinfo HTTP/1.1" 200 -
[23:21:21] "GET /api/siteinfo HTTP/1.1" 200 -
[23:21:31] "GET /api/siteinfo HTTP/1.1" 200 -
[23:21:41] "GET /api/siteinfo HTTP/1.1" 200 -
[23:21:51] "GET /api/siteinfo HTTP/1.1" 200 -
[23:22:01] "GET /api/siteinfo HTTP/1.1" 200 -
[23:22:11] "GET /api/siteinfo HTTP/1.1" 200 -
[23:22:21] "GET /api/siteinfo HTTP/1.1" 200 -
[23:22:31] "GET /api/siteinfo HTTP/1.1" 200 -
[23:22:41] "GET /api/siteinfo HTTP/1.1" 200 -
[23:22:51] "GET /api/siteinfo HTTP/1.1" 200 -
[23:23:01] "GET /api/siteinfo HTTP/1.1" 200 -
[23:23:11] "GET /api/siteinfo HTTP/1.1" 200 -
[23:23:21] "GET /api/siteinfo HTTP/1.1" 200 -
[23:23:31] "GET /api/siteinfo HTTP/1.1" 200 -
[23:23:41] "GET /api/siteinfo HTTP/1.1" 200 -
[23:23:51] "GET /api/siteinfo HTTP/1.1" 200 -
[23:24:01] "GET /api/siteinfo HTTP/1.1" 200 -
[23:24:11] "GET /api/siteinfo HTTP/1.1" 200 -
[23:24:21] "GET /api/siteinfo HTTP/1.1" 200 -
[23:24:31] "GET /api/siteinfo HTTP/1.1" 200 -
[23:24:41] "GET /api/siteinfo HTTP/1.1" 200 -
[23:24:51] "GET /api/siteinfo HTTP/1.1" 200 -
[23:25:01] "GET /api/siteinfo HTTP/1.1" 200 -
[23:25:11] "GET /api/siteinfo HTTP/1.1" 200 -
[23:25:21] "GET /api/siteinfo HTTP/1.1" 200 -
[23:25:31] "GET /api/siteinfo HTTP/1.1" 200 -
[23:25:41] "GET /api/siteinfo HTTP/1.1" 200 -
[23:25:51] "GET /api/siteinfo HTTP/1.1" 200 -
[23:26:01] "GET /api/siteinfo HTTP/1.1" 200 -
[23:26:11] "GET /api/siteinfo HTTP/1.1" 200 -
[23:26:21] "GET /api/siteinfo HTTP/1.1" 200 -
[23:26:31] "GET /api/siteinfo HTTP/1.1" 200 -
[23:26:41] "GET /api/siteinfo HTTP/1.1" 200 -
[23:26:51] "GET /api/siteinfo HTTP/1.1" 200 -
[23:27:01] "GET /api/siteinfo HTTP/1.1" 200 -
[23:27:11] "GET /api/siteinfo HTTP/1.1" 200 -
[23:27:21] "GET /api/siteinfo HTTP/1.1" 200 -
[23:27:31] "GET /api/siteinfo HTTP/1.1" 200 -
[23:27:41] "GET /api/siteinfo HTTP/1.1" 200 -
[23:27:51] "GET /api/siteinfo HTTP/1.1" 200 -
[23:28:01] "GET /api/siteinfo HTTP/1.1" 200 -
[23:28:11] "GET /api/siteinfo HTTP/1.1" 200 -
[23:28:21] "GET /api/siteinfo HTTP/1.1" 200 -
[23:28:31] "GET /api/siteinfo HTTP/1.1" 200 -
[23:28:41] "GET /api/siteinfo HTTP/1.1" 200 -
[23:28:51] "GET /api/siteinfo HTTP/1.1" 200 -
[23:29:01] "GET /api/siteinfo HTTP/1.1" 200 -
[23:29:11] "GET /api/siteinfo HTTP/1.1" 200 -
[23:29:21] "GET /api/siteinfo HTTP/1.1" 200 -
[23:29:31] "GET /api/siteinfo HTTP/1.1" 200 -
[23:29:42] "GET /api/siteinfo HTTP/1.1" 200 -
[23:29:52] "GET /api/siteinfo HTTP/1.1" 200 -
[23:30:02] "GET /api/siteinfo HTTP/1.1" 200 -
[23:30:12] "GET /api/siteinfo HTTP/1.1" 200 -
[23:30:22] "GET /api/siteinfo HTTP/1.1" 200 -
[23:30:32] "GET /api/siteinfo HTTP/1.1" 200 -
[23:30:42] "GET /api/siteinfo HTTP/1.1" 200 -
[23:30:52] "GET /api/siteinfo HTTP/1.1" 200 -
[23:31:02] "GET /api/siteinfo HTTP/1.1" 200 -
[23:31:12] "GET /api/siteinfo HTTP/1.1" 200 -
[23:31:22] "GET /api/siteinfo HTTP/1.1" 200 -
[23:31:32] "GET /api/siteinfo HTTP/1.1" 200 -
[23:31:42] "GET /api/siteinfo HTTP/1.1" 200 -
[23:31:52] "GET /api/siteinfo HTTP/1.1" 200 -
[23:32:02] "GET /api/siteinfo HTTP/1.1" 200 -
[23:32:12] "GET /api/siteinfo HTTP/1.1" 200 -
[23:32:22] "GET /api/siteinfo HTTP/1.1" 200 -
[23:32:32] "GET /api/siteinfo HTTP/1.1" 200 -
[23:32:42] "GET /api/siteinfo HTTP/1.1" 200 -
[23:32:52] "GET /api/siteinfo HTTP/1.1" 200 -
[23:33:02] "GET /api/siteinfo HTTP/1.1" 200 -
[23:33:12] "GET /api/siteinfo HTTP/1.1" 200 -
[23:33:22] "GET /api/siteinfo HTTP/1.1" 200 -
[23:33:32] "GET /api/siteinfo HTTP/1.1" 200 -
[23:33:42] "GET /api/siteinfo HTTP/1.1" 200 -
[23:33:52] "GET /api/siteinfo HTTP/1.1" 200 -
[23:34:02] "GET /api/siteinfo HTTP/1.1" 200 -
[23:34:12] "GET /api/siteinfo HTTP/1.1" 200 -
[23:34:22] "GET /api/siteinfo HTTP/1.1" 200 -
[23:34:32] "GET /api/siteinfo HTTP/1.1" 200 -
[23:34:42] "GET /api/siteinfo HTTP/1.1" 200 -
[23:34:52] "GET /api/siteinfo HTTP/1.1" 200 -
[23:35:02] "GET /api/siteinfo HTTP/1.1" 200 -
[23:35:12] "GET /api/siteinfo HTTP/1.1" 200 -
[23:35:22] "GET /api/siteinfo HTTP/1.1" 200 -
[23:35:32] "GET /api/siteinfo HTTP/1.1" 200 -
[23:35:42] "GET /api/siteinfo HTTP/1.1" 200 -
[23:35:52] "GET /api/siteinfo HTTP/1.1" 200 -
[23:36:02] "GET /api/siteinfo HTTP/1.1" 200 -
[23:36:12] "GET /api/siteinfo HTTP/1.1" 200 -
[23:36:22] "GET /api/siteinfo HTTP/1.1" 200 -
[23:36:32] "GET /api/siteinfo HTTP/1.1" 200 -
[23:36:42] "GET /api/siteinfo HTTP/1.1" 200 -
[23:36:52] "GET /api/siteinfo HTTP/1.1" 200 -
[23:37:02] "GET /api/siteinfo HTTP/1.1" 200 -
[23:37:12] "GET /api/siteinfo HTTP/1.1" 200 -
[23:37:22] "GET /api/siteinfo HTTP/1.1" 200 -
[23:37:32] "GET /api/siteinfo HTTP/1.1" 200 -
[23:37:42] "GET /api/siteinfo HTTP/1.1" 200 -
[23:37:52] "GET /api/siteinfo HTTP/1.1" 200 -
[23:38:02] "GET /api/siteinfo HTTP/1.1" 200 -
[23:38:12] "GET /api/siteinfo HTTP/1.1" 200 -
[23:38:22] "GET /api/siteinfo HTTP/1.1" 200 -
[23:38:32] "GET /api/siteinfo HTTP/1.1" 200 -
[23:38:42] "GET /api/siteinfo HTTP/1.1" 200 -
[23:38:52] "GET /api/siteinfo HTTP/1.1" 200 -
[23:39:02] "GET /api/siteinfo HTTP/1.1" 200 -
[23:39:12] "GET /api/siteinfo HTTP/1.1" 200 -
[23:39:22] "GET /api/siteinfo HTTP/1.1" 200 -
[23:39:32] "GET /api/siteinfo HTTP/1.1" 200 -
[23:39:42] "GET /api/siteinfo HTTP/1.1" 200 -
[23:39:52] "GET /api/siteinfo HTTP/1.1" 200 -
[23:40:02] "GET /api/siteinfo HTTP/1.1" 200 -
[23:40:12] "GET /api/siteinfo HTTP/1.1" 200 -
[23:40:22] "GET /api/siteinfo HTTP/1.1" 200 -
[23:40:32] "GET /api/siteinfo HTTP/1.1" 200 -
[23:40:42] "GET /api/siteinfo HTTP/1.1" 200 -
[23:40:52] "GET /api/siteinfo HTTP/1.1" 200 -
[23:41:02] "GET /api/siteinfo HTTP/1.1" 200 -
[23:41:12] "GET /api/siteinfo HTTP/1.1" 200 -
[23:41:22] "GET /api/siteinfo HTTP/1.1" 200 -
[23:41:32] "GET /api/siteinfo HTTP/1.1" 200 -
[23:41:42] "GET /api/siteinfo HTTP/1.1" 200 -
[23:41:52] "GET /api/siteinfo HTTP/1.1" 200 -
[23:42:02] "GET /api/siteinfo HTTP/1.1" 200 -
[23:42:12] "GET /api/siteinfo HTTP/1.1" 200 -
[23:42:22] "GET /api/siteinfo HTTP/1.1" 200 -
[23:42:32] "GET /api/siteinfo HTTP/1.1" 200 -
[23:42:42] "GET /api/siteinfo HTTP/1.1" 200 -
[23:42:52] "GET /api/siteinfo HTTP/1.1" 200 -
[23:43:02] "GET /api/siteinfo HTTP/1.1" 200 -
[23:43:12] "GET /api/siteinfo HTTP/1.1" 200 -
[23:43:22] "GET /api/siteinfo HTTP/1.1" 200 -
[23:43:32] "GET /api/siteinfo HTTP/1.1" 200 -
[23:43:42] "GET /api/siteinfo HTTP/1.1" 200 -
[23:43:52] "GET /api/siteinfo HTTP/1.1" 200 -
[23:44:02] "GET /api/siteinfo HTTP/1.1" 200 -
[23:44:12] "GET /api/siteinfo HTTP/1.1" 200 -
[23:44:22] "GET /api/siteinfo HTTP/1.1" 200 -
[23:44:32] "GET /api/siteinfo HTTP/1.1" 200 -
[23:44:43] "GET /api/siteinfo HTTP/1.1" 200 -
[23:44:53] "GET /api/siteinfo HTTP/1.1" 200 -
[23:45:03] "GET /api/siteinfo HTTP/1.1" 200 -
[23:45:13] "GET /api/siteinfo HTTP/1.1" 200 -
[23:45:23] "GET /api/siteinfo HTTP/1.1" 200 -
[23:45:33] "GET /api/siteinfo HTTP/1.1" 200 -
[23:45:43] "GET /api/siteinfo HTTP/1.1" 200 -
[23:45:53] "GET /api/siteinfo HTTP/1.1" 200 -
[23:46:03] "GET /api/siteinfo HTTP/1.1" 200 -
[23:46:13] "GET /api/siteinfo HTTP/1.1" 200 -
[23:46:23] "GET /api/siteinfo HTTP/1.1" 200 -
[23:46:33] "GET /api/siteinfo HTTP/1.1" 200 -
[23:46:43] "GET /api/siteinfo HTTP/1.1" 200 -
[23:46:53] "GET /api/siteinfo HTTP/1.1" 200 -
[23:47:03] "GET /api/siteinfo HTTP/1.1" 200 -
[23:47:13] "GET /api/siteinfo HTTP/1.1" 200 -
[23:47:23] "GET /api/siteinfo HTTP/1.1" 200 -
[23:47:33] "GET /api/siteinfo HTTP/1.1" 200 -
[23:47:43] "GET /api/siteinfo HTTP/1.1" 200 -
[23:47:53] "GET /api/siteinfo HTTP/1.1" 200 -
[23:48:03] "GET /api/siteinfo HTTP/1.1" 200 -
[23:48:13] "GET /api/siteinfo HTTP/1.1" 200 -
[23:48:23] "GET /api/siteinfo HTTP/1.1" 200 -
[23:48:33] "GET /api/siteinfo HTTP/1.1" 200 -
[23:48:43] "GET /api/siteinfo HTTP/1.1" 200 -
[23:48:53] "GET /api/siteinfo HTTP/1.1" 200 -
[23:49:03] "GET /api/siteinfo HTTP/1.1" 200 -
[23:49:13] "GET /api/siteinfo HTTP/1.1" 200 -
[23:49:23] "GET /api/siteinfo HTTP/1.1" 200 -
[23:49:33] "GET /api/siteinfo HTTP/1.1" 200 -
[23:49:43] "GET /api/siteinfo HTTP/1.1" 200 -
[23:49:53] "GET /api/siteinfo HTTP/1.1" 200 -
[23:50:03] "GET /api/siteinfo HTTP/1.1" 200 -
[23:50:13] "GET /api/siteinfo HTTP/1.1" 200 -
[23:50:23] "GET /api/siteinfo HTTP/1.1" 200 -
[23:50:33] "GET /api/siteinfo HTTP/1.1" 200 -
[23:50:43] "GET /api/siteinfo HTTP/1.1" 200 -
[23:50:53] "GET /api/siteinfo HTTP/1.1" 200 -
[23:51:03] "GET /api/siteinfo HTTP/1.1" 200 -
[23:51:13] "GET /api/siteinfo HTTP/1.1" 200 -
[23:51:24] "GET /api/siteinfo HTTP/1.1" 200 -
[23:51:34] "GET /api/siteinfo HTTP/1.1" 200 -
[23:51:44] "GET /api/siteinfo HTTP/1.1" 200 -
[23:51:54] "GET /api/siteinfo HTTP/1.1" 200 -
[23:52:04] "GET /api/siteinfo HTTP/1.1" 200 -
[23:52:14] "GET /api/siteinfo HTTP/1.1" 200 -
[23:52:24] "GET /api/siteinfo HTTP/1.1" 200 -
[23:52:34] "GET /api/siteinfo HTTP/1.1" 200 -
[23:52:44] "GET /api/siteinfo HTTP/1.1" 200 -
[23:52:54] "GET /api/siteinfo HTTP/1.1" 200 -
[23:53:04] "GET /api/siteinfo HTTP/1.1" 200 -
[23:53:14] "GET /api/siteinfo HTTP/1.1" 200 -
[23:53:24] "GET /api/siteinfo HTTP/1.1" 200 -
[23:53:34] "GET /api/siteinfo HTTP/1.1" 200 -
[23:53:44] "GET /api/siteinfo HTTP/1.1" 200 -
[23:53:54] "GET /api/siteinfo HTTP/1.1" 200 -
[23:54:04] "GET /api/siteinfo HTTP/1.1" 200 -
[23:54:14] "GET /api/siteinfo HTTP/1.1" 200 -
[23:54:24] "GET /api/siteinfo HTTP/1.1" 200 -
[23:54:34] "GET /api/siteinfo HTTP/1.1" 200 -
[23:54:44] "GET /api/siteinfo HTTP/1.1" 200 -
[23:54:54] "GET /api/siteinfo HTTP/1.1" 200 -
[23:55:04] "GET /api/siteinfo HTTP/1.1" 200 -
[23:55:14] "GET /api/siteinfo HTTP/1.1" 200 -
[23:55:24] "GET /api/siteinfo HTTP/1.1" 200 -
[23:55:34] "GET /api/siteinfo HTTP/1.1" 200 -
[23:55:44] "GET /api/siteinfo HTTP/1.1" 200 -
[23:55:54] "GET /api/siteinfo HTTP/1.1" 200 -
[23:56:04] "GET /api/siteinfo HTTP/1.1" 200 -
[23:56:14] "GET /api/siteinfo HTTP/1.1" 200 -
[23:56:24] "GET /api/siteinfo HTTP/1.1" 200 -
[23:56:34] "GET /api/siteinfo HTTP/1.1" 200 -
[23:56:44] "GET /api/siteinfo HTTP/1.1" 200 -
[23:56:54] "GET /api/siteinfo HTTP/1.1" 200 -
[23:57:04] "GET /api/siteinfo HTTP/1.1" 200 -
[23:57:14] "GET /api/siteinfo HTTP/1.1" 200 -
[23:57:24] "GET /api/siteinfo HTTP/1.1" 200 -
[23:57:34] "GET /api/siteinfo HTTP/1.1" 200 -
[23:57:44] "GET /api/siteinfo HTTP/1.1" 200 -
[23:57:54] "GET /api/siteinfo HTTP/1.1" 200 -
[23:58:04] "GET /api/siteinfo HTTP/1.1" 200 -
[23:58:14] "GET /api/siteinfo HTTP/1.1" 200 -
[23:58:24] "GET /api/siteinfo HTTP/1.1" 200 -
[23:58:34] "GET /api/siteinfo HTTP/1.1" 200 -
[23:58:44] "GET /api/siteinfo HTTP/1.1" 200 -
[23:58:54] "GET /api/siteinfo HTTP/1.1" 200 -
[23:59:04] "GET /api/siteinfo HTTP/1.1" 200 -
[23:59:14] "GET /api/siteinfo HTTP/1.1" 200 -
[23:59:24] "GET /api/siteinfo HTTP/1.1" 200 -
[23:59:34] "GET /api/siteinfo HTTP/1.1" 200 -
[23:59:44] "GET /api/siteinfo HTTP/1.1" 200 -
[23:59:54] "GET /api/siteinfo HTTP/1.1" 200 -
[00:00:04] "GET /api/siteinfo HTTP/1.1" 200 -
[00:00:14] "GET /api/siteinfo HTTP/1.1" 200 -
[00:00:24] "GET /api/siteinfo HTTP/1.1" 200 -
[00:00:34] "GET /api/siteinfo HTTP/1.1" 200 -
[00:00:44] "GET /api/siteinfo HTTP/1.1" 200 -
[00:00:54] "GET /api/siteinfo HTTP/1.1" 200 -
[00:01:04] "GET /api/siteinfo HTTP/1.1" 200 -
[00:01:14] "GET /api/siteinfo HTTP/1.1" 200 -
[00:01:24] "GET /api/siteinfo HTTP/1.1" 200 -
[00:01:34] "GET /api/siteinfo HTTP/1.1" 200 -
[00:01:44] "GET /api/siteinfo HTTP/1.1" 200 -
[00:01:54] "GET /api/siteinfo HTTP/1.1" 200 -
[00:02:04] "GET /api/siteinfo HTTP/1.1" 200 -
[00:02:14] "GET /api/siteinfo HTTP/1.1" 200 -
[00:02:24] "GET /api/siteinfo HTTP/1.1" 200 -
[00:02:34] "GET /api/siteinfo HTTP/1.1" 200 -
[00:02:44] "GET /api/siteinfo HTTP/1.1" 200 -
[00:02:55] "GET /api/siteinfo HTTP/1.1" 200 -
[00:03:05] "GET /api/siteinfo HTTP/1.1" 200 -
[00:03:15] "GET /api/siteinfo HTTP/1.1" 200 -
[00:03:25] "GET /api/siteinfo HTTP/1.1" 200 -
[00:03:35] "GET /api/siteinfo HTTP/1.1" 200 -
[00:03:45] "GET /api/siteinfo HTTP/1.1" 200 -
[00:03:55] "GET /api/siteinfo HTTP/1.1" 200 -
[00:04:05] "GET /api/siteinfo HTTP/1.1" 200 -
[00:04:15] "GET /api/siteinfo HTTP/1.1" 200 -
[00:04:25] "GET /api/siteinfo HTTP/1.1" 200 -
[00:04:35] "GET /api/siteinfo HTTP/1.1" 200 -
[00:04:45] "GET /api/siteinfo HTTP/1.1" 200 -
[00:04:55] "GET /api/siteinfo HTTP/1.1" 200 -
[00:05:05] "GET /api/siteinfo HTTP/1.1" 200 -
[00:05:15] "GET /api/siteinfo HTTP/1.1" 200 -
[00:05:25] "GET /api/siteinfo HTTP/1.1" 200 -
[00:05:35] "GET /api/siteinfo HTTP/1.1" 200 -
[00:05:45] "GET /api/siteinfo HTTP/1.1" 200 -
[00:05:55] "GET /api/siteinfo HTTP/1.1" 200 -
[00:06:05] "GET /api/siteinfo HTTP/1.1" 200 -
[00:06:15] "GET /api/siteinfo HTTP/1.1" 200 -
[00:06:25] "GET /api/siteinfo HTTP/1.1" 200 -
[00:06:35] "GET /api/siteinfo HTTP/1.1" 200 -
[00:06:45] "GET /api/siteinfo HTTP/1.1" 200 -
[00:06:55] "GET /api/siteinfo HTTP/1.1" 200 -
[00:07:05] "GET /api/siteinfo HTTP/1.1" 200 -
[00:07:15] "GET /api/siteinfo HTTP/1.1" 200 -
[00:07:25] "GET /api/siteinfo HTTP/1.1" 200 -
[00:07:35] "GET /api/siteinfo HTTP/1.1" 200 -
[00:07:45] "GET /api/siteinfo HTTP/1.1" 200 -
[00:07:55] "GET /api/siteinfo HTTP/1.1" 200 -
[00:08:05] "GET /api/siteinfo HTTP/1.1" 200 -
[00:08:15] "GET /api/siteinfo HTTP/1.1" 200 -
[00:08:25] "GET /api/siteinfo HTTP/1.1" 200 -
[00:08:35] "GET /api/siteinfo HTTP/1.1" 200 -
[00:08:45] "GET /api/siteinfo HTTP/1.1" 200 -
[00:08:55] "GET /api/siteinfo HTTP/1.1" 200 -
[00:09:05] "GET /api/siteinfo HTTP/1.1" 200 -
[00:09:15] "GET /api/siteinfo HTTP/1.1" 200 -
[00:09:25] "GET /api/siteinfo HTTP/1.1" 200 -
[00:09:35] "GET /api/siteinfo HTTP/1.1" 200 -
[00:09:45] "GET /api/siteinfo HTTP/1.1" 200 -
[00:09:55] "GET /api/siteinfo HTTP/1.1" 200 -
[00:10:05] "GET /api/siteinfo HTTP/1.1" 200 -
[00:10:15] "GET /api/siteinfo HTTP/1.1" 200 -
[00:10:25] "GET /api/siteinfo HTTP/1.1" 200 -
[00:10:35] "GET /api/siteinfo HTTP/1.1" 200 -
[00:10:45] "GET /api/siteinfo HTTP/1.1" 200 -
[00:10:55] "GET /api/siteinfo HTTP/1.1" 200 -
[00:11:05] "GET /api/siteinfo HTTP/1.1" 200 -
[00:11:15] "GET /api/siteinfo HTTP/1.1" 200 -
[00:11:25] "GET /api/siteinfo HTTP/1.1" 200 -
[00:11:35] "GET /api/siteinfo HTTP/1.1" 200 -
[00:11:45] "GET /api/siteinfo HTTP/1.1" 200 -
[00:11:55] "GET /api/siteinfo HTTP/1.1" 200 -
[00:12:05] "GET /api/siteinfo HTTP/1.1" 200 -
[00:12:15] "GET /api/siteinfo HTTP/1.1" 200 -
[00:12:25] "GET /api/siteinfo HTTP/1.1" 200 -
[00:12:35] "GET /api/siteinfo HTTP/1.1" 200 -
[00:12:45] "GET /api/siteinfo HTTP/1.1" 200 -
[00:12:55] "GET /api/siteinfo HTTP/1.1" 200 -
[00:13:05] "GET /api/siteinfo HTTP/1.1" 200 -
[00:13:15] "GET /api/siteinfo HTTP/1.1" 200 -
[00:13:25] "GET /api/siteinfo HTTP/1.1" 200 -
[00:13:35] "GET /api/siteinfo HTTP/1.1" 200 -
[00:13:45] "GET /api/siteinfo HTTP/1.1" 200 -
[00:13:55] "GET /api/siteinfo HTTP/1.1" 200 -
[00:14:05] "GET /api/siteinfo HTTP/1.1" 200 -
[00:14:15] "GET /api/siteinfo HTTP/1.1" 200 -
[00:14:25] "GET /api/siteinfo HTTP/1.1" 200 -
[00:14:35] "GET /api/siteinfo HTTP/1.1" 200 -
[00:14:45] "GET /api/siteinfo HTTP/1.1" 200 -
[00:14:55] "GET /api/siteinfo HTTP/1.1" 200 -
[00:15:05] "GET /api/siteinfo HTTP/1.1" 200 -
[00:15:15] "GET /api/siteinfo HTTP/1.1" 200 -
[00:15:25] "GET /api/siteinfo HTTP/1.1" 200 -
[00:15:35] "GET /api/siteinfo HTTP/1.1" 200 -
[00:15:45] "GET /api/siteinfo HTTP/1.1" 200 -
[00:15:55] "GET /api/siteinfo HTTP/1.1" 200 -
[00:16:05] "GET /api/siteinfo HTTP/1.1" 200 -
[00:16:15] "GET /api/siteinfo HTTP/1.1" 200 -
[00:16:25] "GET /api/siteinfo HTTP/1.1" 200 -
[00:16:35] "GET /api/siteinfo HTTP/1.1" 200 -
[00:16:45] "GET /api/siteinfo HTTP/1.1" 200 -
[00:16:55] "GET /api/siteinfo HTTP/1.1" 200 -
[00:17:05] "GET /api/siteinfo HTTP/1.1" 200 -
[00:17:15] "GET /api/siteinfo HTTP/1.1" 200 -
[00:17:25] "GET /api/siteinfo HTTP/1.1" 200 -
[00:17:35] "GET /api/siteinfo HTTP/1.1" 200 -
[00:17:45] "GET /api/siteinfo HTTP/1.1" 200 -
[00:17:55] "GET /api/siteinfo HTTP/1.1" 200 -
[00:18:05] "GET /api/siteinfo HTTP/1.1" 200 -
[00:18:15] "GET /api/siteinfo HTTP/1.1" 200 -
[00:18:25] "GET /api/siteinfo HTTP/1.1" 200 -
[00:18:35] "GET /api/siteinfo HTTP/1.1" 200 -
[00:18:45] "GET /api/siteinfo HTTP/1.1" 200 -
[00:18:55] "GET /api/siteinfo HTTP/1.1" 200 -
[00:19:05] "GET /api/siteinfo HTTP/1.1" 200 -
[00:19:16] "GET /api/siteinfo HTTP/1.1" 200 -
[00:19:26] "GET /api/siteinfo HTTP/1.1" 200 -
[00:19:36] "GET /api/siteinfo HTTP/1.1" 200 -
[00:19:46] "GET /api/siteinfo HTTP/1.1" 200 -
[00:19:56] "GET /api/siteinfo HTTP/1.1" 200 -
[00:20:06] "GET /api/siteinfo HTTP/1.1" 200 -
[00:20:16] "GET /api/siteinfo HTTP/1.1" 200 -
[00:20:26] "GET /api/siteinfo HTTP/1.1" 200 -
[00:20:36] "GET /api/siteinfo HTTP/1.1" 200 -
[00:20:46] "GET /api/siteinfo HTTP/1.1" 200 -
[00:20:56] "GET /api/siteinfo HTTP/1.1" 200 -
[00:21:06] "GET /api/siteinfo HTTP/1.1" 200 -
[00:21:16] "GET /api/siteinfo HTTP/1.1" 200 -
[00:21:26] "GET /api/siteinfo HTTP/1.1" 200 -
[00:21:36] "GET /api/siteinfo HTTP/1.1" 200 -
[00:21:46] "GET /api/siteinfo HTTP/1.1" 200 -
[00:21:56] "GET /api/siteinfo HTTP/1.1" 200 -
[00:22:06] "GET /api/siteinfo HTTP/1.1" 200 -
[00:22:16] "GET /api/siteinfo HTTP/1.1" 200 -
[00:22:26] "GET /api/siteinfo HTTP/1.1" 200 -
[00:22:36] "GET /api/siteinfo HTTP/1.1" 200 -
[00:22:46] "GET /api/siteinfo HTTP/1.1" 200 -
[00:22:56] "GET /api/siteinfo HTTP/1.1" 200 -
[00:23:06] "GET /api/siteinfo HTTP/1.1" 200 -
[00:23:16] "GET /api/siteinfo HTTP/1.1" 200 -
[00:23:26] "GET /api/siteinfo HTTP/1.1" 200 -
[00:23:36] "GET /api/siteinfo HTTP/1.1" 200 -
[00:23:46] "GET /api/siteinfo HTTP/1.1" 200 -
[00:23:56] "GET /api/siteinfo HTTP/1.1" 200 -
[00:24:06] "GET /api/siteinfo HTTP/1.1" 200 -
[00:24:16] "GET /api/siteinfo HTTP/1.1" 200 -
[00:24:26] "GET /api/siteinfo HTTP/1.1" 200 -
[00:24:36] "GET /api/siteinfo HTTP/1.1" 200 -
[00:24:46] "GET /api/siteinfo HTTP/1.1" 200 -
[00:24:56] "GET /api/siteinfo HTTP/1.1" 200 -
[00:25:06] "GET /api/siteinfo HTTP/1.1" 200 -
[00:25:16] "GET /api/siteinfo HTTP/1.1" 200 -
[00:25:26] "GET /api/siteinfo HTTP/1.1" 200 -
[00:25:36] "GET /api/siteinfo HTTP/1.1" 200 -
[00:25:46] "GET /api/siteinfo HTTP/1.1" 200 -
[00:25:56] "GET /api/siteinfo HTTP/1.1" 200 -
[00:26:06] "GET /api/siteinfo HTTP/1.1" 200 -
[00:26:16] "GET /api/siteinfo HTTP/1.1" 200 -
[00:26:26] "GET /api/siteinfo HTTP/1.1" 200 -
[00:26:36] "GET /api/siteinfo HTTP/1.1" 200 -
[00:26:46] "GET /api/siteinfo HTTP/1.1" 200 -
[00:26:56] "GET /api/siteinfo HTTP/1.1" 200 -
[00:27:06] "GET /api/siteinfo HTTP/1.1" 200 -
[00:27:16] "GET /api/siteinfo HTTP/1.1" 200 -
[00:27:26] "GET /api/siteinfo HTTP/1.1" 200 -
[00:27:36] "GET /api/siteinfo HTTP/1.1" 200 -
[00:27:46] "GET /api/siteinfo HTTP/1.1" 200 -
[00:27:56] "GET /api/siteinfo HTTP/1.1" 200 -
[00:28:06] "GET /api/siteinfo HTTP/1.1" 200 -
[00:28:16] "GET /api/siteinfo HTTP/1.1" 200 -
[00:28:26] "GET /api/siteinfo HTTP/1.1" 200 -
[00:28:36] "GET /api/siteinfo HTTP/1.1" 200 -
[00:28:46] "GET /api/siteinfo HTTP/1.1" 200 -
[00:28:56] "GET /api/siteinfo HTTP/1.1" 200 -
[00:29:06] "GET /api/siteinfo HTTP/1.1" 200 -
[00:29:16] "GET /api/siteinfo HTTP/1.1" 200 -
[00:29:26] "GET /api/siteinfo HTTP/1.1" 200 -
[00:29:36] "GET /api/siteinfo HTTP/1.1" 200 -
[00:29:46] "GET /api/siteinfo HTTP/1.1" 200 -
[00:29:56] "GET /api/siteinfo HTTP/1.1" 200 -
[00:30:06] "GET /api/siteinfo HTTP/1.1" 200 -
[00:30:16] "GET /api/siteinfo HTTP/1.1" 200 -
[00:30:26] "GET /api/siteinfo HTTP/1.1" 200 -
[00:30:36] "GET /api/siteinfo HTTP/1.1" 200 -
[00:30:47] "GET /api/siteinfo HTTP/1.1" 200 -
[00:30:57] "GET /api/siteinfo HTTP/1.1" 200 -
[00:31:07] "GET /api/siteinfo HTTP/1.1" 200 -
[00:31:17] "GET /api/siteinfo HTTP/1.1" 200 -
[00:31:27] "GET /api/siteinfo HTTP/1.1" 200 -
[00:31:37] "GET /api/siteinfo HTTP/1.1" 200 -
[00:31:47] "GET /api/siteinfo HTTP/1.1" 200 -
[00:31:57] "GET /api/siteinfo HTTP/1.1" 200 -
[00:32:07] "GET /api/siteinfo HTTP/1.1" 200 -
[00:32:17] "GET /api/siteinfo HTTP/1.1" 200 -
[00:32:27] "GET /api/siteinfo HTTP/1.1" 200 -
[00:32:37] "GET /api/siteinfo HTTP/1.1" 200 -
[00:32:47] "GET /api/siteinfo HTTP/1.1" 200 -
[00:32:57] "GET /api/siteinfo HTTP/1.1" 200 -
[00:33:07] "GET /api/siteinfo HTTP/1.1" 200 -
[00:33:17] "GET /api/siteinfo HTTP/1.1" 200 -
[00:33:27] "GET /api/siteinfo HTTP/1.1" 200 -
[00:33:37] "GET /api/siteinfo HTTP/1.1" 200 -
[00:33:47] "GET /api/siteinfo HTTP/1.1" 200 -
[00:33:57] "GET /api/siteinfo HTTP/1.1" 200 -
[00:34:07] "GET /api/siteinfo HTTP/1.1" 200 -
[00:34:17] "GET /api/siteinfo HTTP/1.1" 200 -
[00:34:27] "GET /api/siteinfo HTTP/1.1" 200 -
[00:34:37] "GET /api/siteinfo HTTP/1.1" 200 -
[00:34:47] "GET /api/siteinfo HTTP/1.1" 200 -
[00:34:57] "GET /api/siteinfo HTTP/1.1" 200 -
[00:35:07] "GET /api/siteinfo HTTP/1.1" 200 -
[00:35:17] "GET /api/siteinfo HTTP/1.1" 200 -
[00:35:27] "GET /api/siteinfo HTTP/1.1" 200 -
[00:35:37] "GET /api/siteinfo HTTP/1.1" 200 -
[00:35:47] "GET /api/siteinfo HTTP/1.1" 200 -
[00:35:57] "GET /api/siteinfo HTTP/1.1" 200 -
[00:36:07] "GET /api/siteinfo HTTP/1.1" 200 -
[00:36:17] "GET /api/siteinfo HTTP/1.1" 200 -
[00:36:27] "GET /api/siteinfo HTTP/1.1" 200 -
[00:36:37] "GET /api/siteinfo HTTP/1.1" 200 -
[00:36:47] "GET /api/siteinfo HTTP/1.1" 200 -
[00:36:57] "GET /api/siteinfo HTTP/1.1" 200 -
[00:37:07] "GET /api/siteinfo HTTP/1.1" 200 -
[00:37:17] "GET /api/siteinfo HTTP/1.1" 200 -
[00:37:27] "GET /api/siteinfo HTTP/1.1" 200 -
[00:37:37] "GET /api/siteinfo HTTP/1.1" 200 -
[00:37:47] "GET /api/siteinfo HTTP/1.1" 200 -
[00:37:57] "GET /api/siteinfo HTTP/1.1" 200 -
[00:38:07] "GET /api/siteinfo HTTP/1.1" 200 -
[00:38:17] "GET /api/siteinfo HTTP/1.1" 200 -
[00:38:27] "GET /api/siteinfo HTTP/1.1" 200 -
[00:38:37] "GET /api/siteinfo HTTP/1.1" 200 -
[00:38:47] "GET /api/siteinfo HTTP/1.1" 200 -
[00:38:57] "GET /api/siteinfo HTTP/1.1" 200 -
[00:39:07] "GET /api/siteinfo HTTP/1.1" 200 -
[00:39:17] "GET /api/siteinfo HTTP/1.1" 200 -
[00:39:27] "GET /api/siteinfo HTTP/1.1" 200 -
[00:39:37] "GET /api/siteinfo HTTP/1.1" 200 -
[00:39:47] "GET /api/siteinfo HTTP/1.1" 200 -
[00:39:57] "GET /api/siteinfo HTTP/1.1" 200 -
[00:40:07] "GET /api/siteinfo HTTP/1.1" 200 -
[00:40:17] "GET /api/siteinfo HTTP/1.1" 200 -
[00:40:27] "GET /api/siteinfo HTTP/1.1" 200 -
[00:40:38] "GET /api/siteinfo HTTP/1.1" 200 -
[00:40:48] "GET /api/siteinfo HTTP/1.1" 200 -
[00:40:58] "GET /api/siteinfo HTTP/1.1" 200 -
[00:41:08] "GET /api/siteinfo HTTP/1.1" 200 -
[00:41:18] "GET /api/siteinfo HTTP/1.1" 200 -
[00:41:28] "GET /api/siteinfo HTTP/1.1" 200 -
[00:41:38] "GET /api/siteinfo HTTP/1.1" 200 -
[00:41:48] "GET /api/siteinfo HTTP/1.1" 200 -
[00:41:58] "GET /api/siteinfo HTTP/1.1" 200 -
[00:42:08] "GET /api/siteinfo HTTP/1.1" 200 -
[00:42:18] "GET /api/siteinfo HTTP/1.1" 200 -
[00:42:28] "GET /api/siteinfo HTTP/1.1" 200 -
[00:42:38] "GET /api/siteinfo HTTP/1.1" 200 -
[00:42:48] "GET /api/siteinfo HTTP/1.1" 200 -
[00:42:58] "GET /api/siteinfo HTTP/1.1" 200 -
[00:43:08] "GET /api/siteinfo HTTP/1.1" 200 -
[00:43:18] "GET /api/siteinfo HTTP/1.1" 200 -
[00:43:28] "GET /api/siteinfo HTTP/1.1" 200 -
[00:43:38] "GET /api/siteinfo HTTP/1.1" 200 -
[00:43:48] "GET /api/siteinfo HTTP/1.1" 200 -
[00:43:58] "GET /api/siteinfo HTTP/1.1" 200 -
[00:44:08] "GET /api/siteinfo HTTP/1.1" 200 -
[00:44:18] "GET /api/siteinfo HTTP/1.1" 200 -
[00:44:28] "GET /api/siteinfo HTTP/1.1" 200 -
[00:44:38] "GET /api/siteinfo HTTP/1.1" 200 -
[00:44:48] "GET /api/siteinfo HTTP/1.1" 200 -
[00:44:58] "GET /api/siteinfo HTTP/1.1" 200 -
[00:45:08] "GET /api/siteinfo HTTP/1.1" 200 -
[00:45:18] "GET /api/siteinfo HTTP/1.1" 200 -
[00:45:28] "GET /api/siteinfo HTTP/1.1" 200 -
[00:45:38] "GET /api/siteinfo HTTP/1.1" 200 -
[00:45:48] "GET /api/siteinfo HTTP/1.1" 200 -
[00:45:58] "GET /api/siteinfo HTTP/1.1" 200 -
[00:46:08] "GET /api/siteinfo HTTP/1.1" 200 -
[00:46:18] "GET /api/siteinfo HTTP/1.1" 200 -
[00:46:28] "GET /api/siteinfo HTTP/1.1" 200 -
[00:46:38] "GET /api/siteinfo HTTP/1.1" 200 -
[00:46:48] "GET /api/siteinfo HTTP/1.1" 200 -
[00:46:58] "GET /api/siteinfo HTTP/1.1" 200 -
[00:47:08] "GET /api/siteinfo HTTP/1.1" 200 -
[00:47:18] "GET /api/siteinfo HTTP/1.1" 200 -
[00:47:28] "GET /api/siteinfo HTTP/1.1" 200 -
[00:47:38] "GET /api/siteinfo HTTP/1.1" 200 -
[00:47:48] "GET /api/siteinfo HTTP/1.1" 200 -
[00:47:58] "GET /api/siteinfo HTTP/1.1" 200 -
[00:48:08] "GET /api/siteinfo HTTP/1.1" 200 -
[00:48:18] "GET /api/siteinfo HTTP/1.1" 200 -
[00:48:28] "GET /api/siteinfo HTTP/1.1" 200 -
[00:48:38] "GET /api/siteinfo HTTP/1.1" 200 -
[00:48:48] "GET /api/siteinfo HTTP/1.1" 200 -
[00:48:58] "GET /api/siteinfo HTTP/1.1" 200 -
[00:49:08] "GET /api/siteinfo HTTP/1.1" 200 -
[00:49:18] "GET /api/siteinfo HTTP/1.1" 200 -
[00:49:28] "GET /api/siteinfo HTTP/1.1" 200 -
[00:49:38] "GET /api/siteinfo HTTP/1.1" 200 -
[00:49:48] "GET /api/siteinfo HTTP/1.1" 200 -
[00:49:58] "GET /api/siteinfo HTTP/1.1" 200 -
[00:50:08] "GET /api/siteinfo HTTP/1.1" 200 -
[00:50:18] "GET /api/siteinfo HTTP/1.1" 200 -
[00:50:28] "GET /api/siteinfo HTTP/1.1" 200 -
[00:50:38] "GET /api/siteinfo HTTP/1.1" 200 -
[00:50:48] "GET /api/siteinfo HTTP/1.1" 200 -
[00:50:58] "GET /api/siteinfo HTTP/1.1" 200 -
[00:51:08] "GET /api/siteinfo HTTP/1.1" 200 -
[00:51:18] "GET /api/siteinfo HTTP/1.1" 200 -
[00:51:28] "GET /api/siteinfo HTTP/1.1" 200 -
[00:51:38] "GET /api/siteinfo HTTP/1.1" 200 -
[00:51:48] "GET /api/siteinfo HTTP/1.1" 200 -
[00:51:58] "GET /api/siteinfo HTTP/1.1" 200 -
[00:52:08] "GET /api/siteinfo HTTP/1.1" 200 -
[00:52:18] "GET /api/siteinfo HTTP/1.1" 200 -
[00:52:28] "GET /api/siteinfo HTTP/1.1" 200 -
[00:52:38] "GET /api/siteinfo HTTP/1.1" 200 -
[00:52:48] "GET /api/siteinfo HTTP/1.1" 200 -
[00:52:58] "GET /api/siteinfo HTTP/1.1" 200 -
[00:53:08] "GET /api/siteinfo HTTP/1.1" 200 -
[00:53:18] "GET /api/siteinfo HTTP/1.1" 200 -
[00:53:28] "GET /api/siteinfo HTTP/1.1" 200 -
[00:53:38] "GET /api/siteinfo HTTP/1.1" 200 -
[00:53:49] "GET /api/siteinfo HTTP/1.1" 200 -
[00:53:59] "GET /api/siteinfo HTTP/1.1" 200 -
[00:54:09] "GET /api/siteinfo HTTP/1.1" 200 -
[00:54:19] "GET /api/siteinfo HTTP/1.1" 200 -
[00:54:29] "GET /api/siteinfo HTTP/1.1" 200 -
[00:54:39] "GET /api/siteinfo HTTP/1.1" 200 -
[00:54:49] "GET /api/siteinfo HTTP/1.1" 200 -
[00:54:59] "GET /api/siteinfo HTTP/1.1" 200 -
[00:55:09] "GET /api/siteinfo HTTP/1.1" 200 -
[00:55:19] "GET /api/siteinfo HTTP/1.1" 200 -
[00:55:29] "GET /api/siteinfo HTTP/1.1" 200 -
[00:55:39] "GET /api/siteinfo HTTP/1.1" 200 -
[00:55:49] "GET /api/siteinfo HTTP/1.1" 200 -
[00:55:59] "GET /api/siteinfo HTTP/1.1" 200 -
[00:56:09] "GET /api/siteinfo HTTP/1.1" 200 -
[00:56:19] "GET /api/siteinfo HTTP/1.1" 200 -
[00:56:29] "GET /api/siteinfo HTTP/1.1" 200 -
[00:56:39] "GET /api/siteinfo HTTP/1.1" 200 -
[00:56:49] "GET /api/siteinfo HTTP/1.1" 200 -
[00:56:59] "GET /api/siteinfo HTTP/1.1" 200 -
[00:57:09] "GET /api/siteinfo HTTP/1.1" 200 -
[00:57:19] "GET /api/siteinfo HTTP/1.1" 200 -
[00:57:29] "GET /api/siteinfo HTTP/1.1" 200 -
[00:57:39] "GET /api/siteinfo HTTP/1.1" 200 -
[00:57:49] "GET /api/siteinfo HTTP/1.1" 200 -
[00:57:59] "GET /api/siteinfo HTTP/1.1" 200 -
[00:58:09] "GET /api/siteinfo HTTP/1.1" 200 -
[00:58:19] "GET /api/siteinfo HTTP/1.1" 200 -
[00:58:29] "GET /api/siteinfo HTTP/1.1" 200 -
[00:58:39] "GET /api/siteinfo HTTP/1.1" 200 -
[00:58:49] "GET /api/siteinfo HTTP/1.1" 200 -
[00:58:59] "GET /api/siteinfo HTTP/1.1" 200 -
[00:59:09] "GET /api/siteinfo HTTP/1.1" 200 -
[00:59:19] "GET /api/siteinfo HTTP/1.1" 200 -
[00:59:29] "GET /api/siteinfo HTTP/1.1" 200 -
[00:59:39] "GET /api/siteinfo HTTP/1.1" 200 -
[00:59:49] "GET /api/siteinfo HTTP/1.1" 200 -
[00:59:59] "GET /api/siteinfo HTTP/1.1" 200 -
[01:00:09] "GET /api/siteinfo HTTP/1.1" 200 -
[01:00:19] "GET /api/siteinfo HTTP/1.1" 200 -
[01:00:29] "GET /api/siteinfo HTTP/1.1" 200 -
[01:00:39] "GET /api/siteinfo HTTP/1.1" 200 -
[01:00:49] "GET /api/siteinfo HTTP/1.1" 200 -
[01:00:59] "GET /api/siteinfo HTTP/1.1" 200 -
[01:01:09] "GET /api/siteinfo HTTP/1.1" 200 -
[01:01:19] "GET /api/siteinfo HTTP/1.1" 200 -
[01:01:29] "GET /api/siteinfo HTTP/1.1" 200 -
[01:01:39] "GET /api/siteinfo HTTP/1.1" 200 -
[01:01:49] "GET /api/siteinfo HTTP/1.1" 200 -
[01:01:59] "GET /api/siteinfo HTTP/1.1" 200 -
[01:02:09] "GET /api/siteinfo HTTP/1.1" 200 -
[01:02:19] "GET /api/siteinfo HTTP/1.1" 200 -
[01:02:29] "GET /api/siteinfo HTTP/1.1" 200 -
[01:02:39] "GET /api/siteinfo HTTP/1.1" 200 -
[01:02:49] "GET /api/siteinfo HTTP/1.1" 200 -
[01:02:59] "GET /api/siteinfo HTTP/1.1" 200 -
[01:03:09] "GET /api/siteinfo HTTP/1.1" 200 -
[01:03:19] "GET /api/siteinfo HTTP/1.1" 200 -
[01:03:29] "GET /api/siteinfo HTTP/1.1" 200 -
[01:03:39] "GET /api/siteinfo HTTP/1.1" 200 -
[01:03:49] "GET /api/siteinfo HTTP/1.1" 200 -
[01:03:59] "GET /api/siteinfo HTTP/1.1" 200 -
[01:04:10] "GET /api/siteinfo HTTP/1.1" 200 -
[01:04:20] "GET /api/siteinfo HTTP/1.1" 200 -
[01:04:30] "GET /api/siteinfo HTTP/1.1" 200 -
[01:04:40] "GET /api/siteinfo HTTP/1.1" 200 -
[01:04:50] "GET /api/siteinfo HTTP/1.1" 200 -
[01:05:00] "GET /api/siteinfo HTTP/1.1" 200 -
[01:05:10] "GET /api/siteinfo HTTP/1.1" 200 -
[01:05:20] "GET /api/siteinfo HTTP/1.1" 200 -
[01:05:30] "GET /api/siteinfo HTTP/1.1" 200 -
[01:05:40] "GET /api/siteinfo HTTP/1.1" 200 -
[01:05:50] "GET /api/siteinfo HTTP/1.1" 200 -
[01:06:00] "GET /api/siteinfo HTTP/1.1" 200 -
[01:06:10] "GET /api/siteinfo HTTP/1.1" 200 -
[01:06:20] "GET /api/siteinfo HTTP/1.1" 200 -
[01:06:30] "GET /api/siteinfo HTTP/1.1" 200 -
[01:06:40] "GET /api/siteinfo HTTP/1.1" 200 -
[01:06:50] "GET /api/siteinfo HTTP/1.1" 200 -
[01:07:00] "GET /api/siteinfo HTTP/1.1" 200 -
[01:07:10] "GET /api/siteinfo HTTP/1.1" 200 -
[01:07:20] "GET /api/siteinfo HTTP/1.1" 200 -
[01:07:30] "GET /api/siteinfo HTTP/1.1" 200 -
[01:07:40] "GET /api/siteinfo HTTP/1.1" 200 -
[01:07:50] "GET /api/siteinfo HTTP/1.1" 200 -
[01:08:00] "GET /api/siteinfo HTTP/1.1" 200 -
[01:08:10] "GET /api/siteinfo HTTP/1.1" 200 -
[01:08:20] "GET /api/siteinfo HTTP/1.1" 200 -
[01:08:30] "GET /api/siteinfo HTTP/1.1" 200 -
[01:08:40] "GET /api/siteinfo HTTP/1.1" 200 -
[01:08:50] "GET /api/siteinfo HTTP/1.1" 200 -
[01:09:00] "GET /api/siteinfo HTTP/1.1" 200 -
[01:09:10] "GET /api/siteinfo HTTP/1.1" 200 -
[01:09:20] "GET /api/siteinfo HTTP/1.1" 200 -
[01:09:30] "GET /api/siteinfo HTTP/1.1" 200 -
[01:09:40] "GET /api/siteinfo HTTP/1.1" 200 -
[01:09:50] "GET /api/siteinfo HTTP/1.1" 200 -
[01:10:00] "GET /api/siteinfo HTTP/1.1" 200 -
[01:10:11] "GET /api/siteinfo HTTP/1.1" 200 -
[01:10:21] "GET /api/siteinfo HTTP/1.1" 200 -
[01:10:31] "GET /api/siteinfo HTTP/1.1" 200 -
[01:10:41] "GET /api/siteinfo HTTP/1.1" 200 -
[01:10:51] "GET /api/siteinfo HTTP/1.1" 200 -
[01:11:01] "GET /api/siteinfo HTTP/1.1" 200 -
[01:11:11] "GET /api/siteinfo HTTP/1.1" 200 -
[01:11:21] "GET /api/siteinfo HTTP/1.1" 200 -
[01:11:31] "GET /api/siteinfo HTTP/1.1" 200 -
[01:11:41] "GET /api/siteinfo HTTP/1.1" 200 -
[01:11:51] "GET /api/siteinfo HTTP/1.1" 200 -
[01:12:01] "GET /api/siteinfo HTTP/1.1" 200 -
[01:12:11] "GET /api/siteinfo HTTP/1.1" 200 -
[01:12:21] "GET /api/siteinfo HTTP/1.1" 200 -
[01:12:31] "GET /api/siteinfo HTTP/1.1" 200 -
[01:12:41] "GET /api/siteinfo HTTP/1.1" 200 -
[01:12:51] "GET /api/siteinfo HTTP/1.1" 200 -
[01:13:01] "GET /api/siteinfo HTTP/1.1" 200 -
[01:13:11] "GET /api/siteinfo HTTP/1.1" 200 -
[01:13:21] "GET /api/siteinfo HTTP/1.1" 200 -
[01:13:31] "GET /api/siteinfo HTTP/1.1" 200 -
[01:13:41] "GET /api/siteinfo HTTP/1.1" 200 -
[01:13:51] "GET /api/siteinfo HTTP/1.1" 200 -
[01:14:01] "GET /api/siteinfo HTTP/1.1" 200 -
[01:14:11] "GET /api/siteinfo HTTP/1.1" 200 -
[01:14:21] "GET /api/siteinfo HTTP/1.1" 200 -
[01:14:31] "GET /api/siteinfo HTTP/1.1" 200 -
[01:14:41] "GET /api/siteinfo HTTP/1.1" 200 -
[01:14:51] "GET /api/siteinfo HTTP/1.1" 200 -
[01:15:01] "GET /api/siteinfo HTTP/1.1" 200 -
[01:15:11] "GET /api/siteinfo HTTP/1.1" 200 -
[01:15:21] "GET /api/siteinfo HTTP/1.1" 200 -
[01:15:31] "GET /api/siteinfo HTTP/1.1" 200 -
[01:15:41] "GET /api/siteinfo HTTP/1.1" 200 -
[01:15:51] "GET /api/siteinfo HTTP/1.1" 200 -
[01:16:01] "GET /api/siteinfo HTTP/1.1" 200 -
[01:16:11] "GET /api/siteinfo HTTP/1.1" 200 -
[01:16:21] "GET /api/siteinfo HTTP/1.1" 200 -
[01:16:31] "GET /api/siteinfo HTTP/1.1" 200 -
[01:16:41] "GET /api/siteinfo HTTP/1.1" 200 -
[01:16:51] "GET /api/siteinfo HTTP/1.1" 200 -
[01:17:01] "GET /api/siteinfo HTTP/1.1" 200 -
[01:17:11] "GET /api/siteinfo HTTP/1.1" 200 -
[01:17:21] "GET /api/siteinfo HTTP/1.1" 200 -
[01:17:31] "GET /api/siteinfo HTTP/1.1" 200 -
[01:17:41] "GET /api/siteinfo HTTP/1.1" 200 -
[01:17:51] "GET /api/siteinfo HTTP/1.1" 200 -
[01:18:01] "GET /api/siteinfo HTTP/1.1" 200 -
[01:18:11] "GET /api/siteinfo HTTP/1.1" 200 -
[01:18:21] "GET /api/siteinfo HTTP/1.1" 200 -
[01:18:31] "GET /api/siteinfo HTTP/1.1" 200 -
[01:18:41] "GET /api/siteinfo HTTP/1.1" 200 -
[01:18:51] "GET /api/siteinfo HTTP/1.1" 200 -
[01:19:01] "GET /api/siteinfo HTTP/1.1" 200 -
[01:19:11] "GET /api/siteinfo HTTP/1.1" 200 -
[01:19:21] "GET /api/siteinfo HTTP/1.1" 200 -
[01:19:31] "GET /api/siteinfo HTTP/1.1" 200 -
[01:19:41] "GET /api/siteinfo HTTP/1.1" 200 -
[01:19:51] "GET /api/siteinfo HTTP/1.1" 200 -
[01:20:01] "GET /api/siteinfo HTTP/1.1" 200 -
[01:20:11] "GET /api/siteinfo HTTP/1.1" 200 -
[01:20:21] "GET /api/siteinfo HTTP/1.1" 200 -
[01:20:31] "GET /api/siteinfo HTTP/1.1" 200 -
[01:20:41] "GET /api/siteinfo HTTP/1.1" 200 -
[01:20:51] "GET /api/siteinfo HTTP/1.1" 200 -
[01:21:01] "GET /api/siteinfo HTTP/1.1" 200 -
[01:21:11] "GET /api/siteinfo HTTP/1.1" 200 -
[01:21:21] "GET /api/siteinfo HTTP/1.1" 200 -
[01:21:31] "GET /api/siteinfo HTTP/1.1" 200 -
[01:21:41] "GET /api/siteinfo HTTP/1.1" 200 -
[01:21:51] "GET /api/siteinfo HTTP/1.1" 200 -
[01:22:01] "GET /api/siteinfo HTTP/1.1" 200 -
[01:22:11] "GET /api/siteinfo HTTP/1.1" 200 -
[01:22:21] "GET /api/siteinfo HTTP/1.1" 200 -
[01:22:32] "GET /api/siteinfo HTTP/1.1" 200 -
[01:22:42] "GET /api/siteinfo HTTP/1.1" 200 -
[01:22:52] "GET /api/siteinfo HTTP/1.1" 200 -
[01:23:02] "GET /api/siteinfo HTTP/1.1" 200 -
[01:23:12] "GET /api/siteinfo HTTP/1.1" 200 -
[01:23:22] "GET /api/siteinfo HTTP/1.1" 200 -
[01:23:32] "GET /api/siteinfo HTTP/1.1" 200 -
[01:23:42] "GET /api/siteinfo HTTP/1.1" 200 -
[01:23:52] "GET /api/siteinfo HTTP/1.1" 200 -
[01:24:02] "GET /api/siteinfo HTTP/1.1" 200 -
[01:24:12] "GET /api/siteinfo HTTP/1.1" 200 -
[01:24:22] "GET /api/siteinfo HTTP/1.1" 200 -
[01:24:32] "GET /api/siteinfo HTTP/1.1" 200 -
[01:24:42] "GET /api/siteinfo HTTP/1.1" 200 -
[01:24:52] "GET /api/siteinfo HTTP/1.1" 200 -
[01:25:02] "GET /api/siteinfo HTTP/1.1" 200 -
[01:25:12] "GET /api/siteinfo HTTP/1.1" 200 -
[01:25:22] "GET /api/siteinfo HTTP/1.1" 200 -
[01:25:32] "GET /api/siteinfo HTTP/1.1" 200 -
[01:25:42] "GET /api/siteinfo HTTP/1.1" 200 -
[01:25:52] "GET /api/siteinfo HTTP/1.1" 200 -
[01:26:02] "GET /api/siteinfo HTTP/1.1" 200 -
[01:26:12] "GET /api/siteinfo HTTP/1.1" 200 -
[01:26:22] "GET /api/siteinfo HTTP/1.1" 200 -
[01:26:32] "GET /api/siteinfo HTTP/1.1" 200 -
[01:26:42] "GET /api/siteinfo HTTP/1.1" 200 -
[01:26:52] "GET /api/siteinfo HTTP/1.1" 200 -
[01:27:02] "GET /api/siteinfo HTTP/1.1" 200 -
[01:27:12] "GET /api/siteinfo HTTP/1.1" 200 -
[01:27:22] "GET /api/siteinfo HTTP/1.1" 200 -
[01:27:32] "GET /api/siteinfo HTTP/1.1" 200 -
[01:27:42] "GET /api/siteinfo HTTP/1.1" 200 -
[01:27:52] "GET /api/siteinfo HTTP/1.1" 200 -
[01:28:02] "GET /api/siteinfo HTTP/1.1" 200 -
[01:28:12] "GET /api/siteinfo HTTP/1.1" 200 -
[01:28:22] "GET /api/siteinfo HTTP/1.1" 200 -
[01:28:32] "GET /api/siteinfo HTTP/1.1" 200 -
[01:28:42] "GET /api/siteinfo HTTP/1.1" 200 -
[01:28:52] "GET /api/siteinfo HTTP/1.1" 200 -
[01:29:02] "GET /api/siteinfo HTTP/1.1" 200 -
[01:29:12] "GET /api/siteinfo HTTP/1.1" 200 -
[01:29:22] "GET /api/siteinfo HTTP/1.1" 200 -
[01:29:32] "GET /api/siteinfo HTTP/1.1" 200 -
[01:29:42] "GET /api/siteinfo HTTP/1.1" 200 -
[01:29:52] "GET /api/siteinfo HTTP/1.1" 200 -
[01:30:02] "GET /api/siteinfo HTTP/1.1" 200 -
[01:30:12] "GET /api/siteinfo HTTP/1.1" 200 -
[01:30:22] "GET /api/siteinfo HTTP/1.1" 200 -
[01:30:32] "GET /api/siteinfo HTTP/1.1" 200 -
[01:30:42] "GET /api/siteinfo HTTP/1.1" 200 -
[01:30:52] "GET /api/siteinfo HTTP/1.1" 200 -
[01:31:02] "GET /api/siteinfo HTTP/1.1" 200 -
[01:31:12] "GET /api/siteinfo HTTP/1.1" 200 -
[01:31:22] "GET /api/siteinfo HTTP/1.1" 200 -
[01:31:32] "GET /api/siteinfo HTTP/1.1" 200 -
[01:31:43] "GET /api/siteinfo HTTP/1.1" 200 -
[01:31:53] "GET /api/siteinfo HTTP/1.1" 200 -
[01:32:03] "GET /api/siteinfo HTTP/1.1" 200 -
[01:32:13] "GET /api/siteinfo HTTP/1.1" 200 -
[01:32:23] "GET /api/siteinfo HTTP/1.1" 200 -
[01:32:33] "GET /api/siteinfo HTTP/1.1" 200 -
[01:32:43] "GET /api/siteinfo HTTP/1.1" 200 -
[01:32:53] "GET /api/siteinfo HTTP/1.1" 200 -
[01:33:03] "GET /api/siteinfo HTTP/1.1" 200 -
[01:33:13] "GET /api/siteinfo HTTP/1.1" 200 -
[01:33:23] "GET /api/siteinfo HTTP/1.1" 200 -
[01:33:33] "GET /api/siteinfo HTTP/1.1" 200 -
[01:33:43] "GET /api/siteinfo HTTP/1.1" 200 -
[01:33:53] "GET /api/siteinfo HTTP/1.1" 200 -
[01:34:03] "GET /api/siteinfo HTTP/1.1" 200 -
[01:34:13] "GET /api/siteinfo HTTP/1.1" 200 -
[01:34:23] "GET /api/siteinfo HTTP/1.1" 200 -
[01:34:33] "GET /api/siteinfo HTTP/1.1" 200 -
[01:34:43] "GET /api/siteinfo HTTP/1.1" 200 -
[01:34:53] "GET /api/siteinfo HTTP/1.1" 200 -
[01:35:03] "GET /api/siteinfo HTTP/1.1" 200 -
[01:35:13] "GET /api/siteinfo HTTP/1.1" 200 -
[01:35:23] "GET /api/siteinfo HTTP/1.1" 200 -
[01:35:33] "GET /api/siteinfo HTTP/1.1" 200 -
[01:35:43] "GET /api/siteinfo HTTP/1.1" 200 -
[01:35:53] "GET /api/siteinfo HTTP/1.1" 200 -
[01:36:03] "GET /api/siteinfo HTTP/1.1" 200 -
[01:36:13] "GET /api/siteinfo HTTP/1.1" 200 -
[01:36:23] "GET /api/siteinfo HTTP/1.1" 200 -
[01:36:33] "GET /api/siteinfo HTTP/1.1" 200 -
[01:36:43] "GET /api/siteinfo HTTP/1.1" 200 -
[01:36:53] "GET /api/siteinfo HTTP/1.1" 200 -
[01:37:03] "GET /api/siteinfo HTTP/1.1" 200 -
[01:37:13] "GET /api/siteinfo HTTP/1.1" 200 -
[01:37:23] "GET /api/siteinfo HTTP/1.1" 200 -
[01:37:33] "GET /api/siteinfo HTTP/1.1" 200 -
[01:37:43] "GET /api/siteinfo HTTP/1.1" 200 -
[01:37:53] "GET /api/siteinfo HTTP/1.1" 200 -
[01:38:03] "GET /api/siteinfo HTTP/1.1" 200 -
[01:38:13] "GET /api/siteinfo HTTP/1.1" 200 -
[01:38:23] "GET /api/siteinfo HTTP/1.1" 200 -
[01:38:33] "GET /api/siteinfo HTTP/1.1" 200 -
[01:38:43] "GET /api/siteinfo HTTP/1.1" 200 -
[01:38:53] "GET /api/siteinfo HTTP/1.1" 200 -
[01:39:03] "GET /api/siteinfo HTTP/1.1" 200 -
[01:39:13] "GET /api/siteinfo HTTP/1.1" 200 -
[01:39:23] "GET /api/siteinfo HTTP/1.1" 200 -
[01:39:33] "GET /api/siteinfo HTTP/1.1" 200 -
[01:39:43] "GET /api/siteinfo HTTP/1.1" 200 -
[01:39:53] "GET /api/siteinfo HTTP/1.1" 200 -
[01:40:03] "GET /api/siteinfo HTTP/1.1" 200 -
[01:40:13] "GET /api/siteinfo HTTP/1.1" 200 -
[01:40:23] "GET /api/siteinfo HTTP/1.1" 200 -
[01:40:33] "GET /api/siteinfo HTTP/1.1" 200 -
[01:40:43] "GET /api/siteinfo HTTP/1.1" 200 -
[01:40:53] "GET /api/siteinfo HTTP/1.1" 200 -
[01:41:03] "GET /api/siteinfo HTTP/1.1" 200 -
[01:41:13] "GET /api/siteinfo HTTP/1.1" 200 -
[01:41:23] "GET /api/siteinfo HTTP/1.1" 200 -
[01:41:33] "GET /api/siteinfo HTTP/1.1" 200 -
[01:41:43] "GET /api/siteinfo HTTP/1.1" 200 -
[01:41:53] "GET /api/siteinfo HTTP/1.1" 200 -
[01:42:03] "GET /api/siteinfo HTTP/1.1" 200 -
[01:42:13] "GET /api/siteinfo HTTP/1.1" 200 -
[01:42:23] "GET /api/siteinfo HTTP/1.1" 200 -
[01:42:33] "GET /api/siteinfo HTTP/1.1" 200 -
[01:42:43] "GET /api/siteinfo HTTP/1.1" 200 -
[01:42:53] "GET /api/siteinfo HTTP/1.1" 200 -
[01:43:03] "GET /api/siteinfo HTTP/1.1" 200 -
[01:43:14] "GET /api/siteinfo HTTP/1.1" 200 -
[01:43:24] "GET /api/siteinfo HTTP/1.1" 200 -
[01:43:34] "GET /api/siteinfo HTTP/1.1" 200 -
[01:43:44] "GET /api/siteinfo HTTP/1.1" 200 -
[01:43:54] "GET /api/siteinfo HTTP/1.1" 200 -
[01:44:04] "GET /api/siteinfo HTTP/1.1" 200 -
[01:44:14] "GET /api/siteinfo HTTP/1.1" 200 -
[01:44:24] "GET /api/siteinfo HTTP/1.1" 200 -
[01:44:34] "GET /api/siteinfo HTTP/1.1" 200 -
[01:44:44] "GET /api/siteinfo HTTP/1.1" 200 -
[01:44:54] "GET /api/siteinfo HTTP/1.1" 200 -
[01:45:04] "GET /api/siteinfo HTTP/1.1" 200 -
[01:45:14] "GET /api/siteinfo HTTP/1.1" 200 -
[01:45:24] "GET /api/siteinfo HTTP/1.1" 200 -
[01:45:34] "GET /api/siteinfo HTTP/1.1" 200 -
[01:45:44] "GET /api/siteinfo HTTP/1.1" 200 -
[01:45:54] "GET /api/siteinfo HTTP/1.1" 200 -
[01:46:04] "GET /api/siteinfo HTTP/1.1" 200 -
[01:46:14] "GET /api/siteinfo HTTP/1.1" 200 -
[01:46:24] "GET /api/siteinfo HTTP/1.1" 200 -
[01:46:34] "GET /api/siteinfo HTTP/1.1" 200 -
[01:46:44] "GET /api/siteinfo HTTP/1.1" 200 -
[01:46:54] "GET /api/siteinfo HTTP/1.1" 200 -
[01:47:04] "GET /api/siteinfo HTTP/1.1" 200 -
[01:47:14] "GET /api/siteinfo HTTP/1.1" 200 -
[01:47:24] "GET /api/siteinfo HTTP/1.1" 200 -
[01:47:34] "GET /api/siteinfo HTTP/1.1" 200 -
[01:47:44] "GET /api/siteinfo HTTP/1.1" 200 -
[01:47:54] "GET /api/siteinfo HTTP/1.1" 200 -
[01:48:04] "GET /api/siteinfo HTTP/1.1" 200 -
[01:48:14] "GET /api/siteinfo HTTP/1.1" 200 -
[01:48:24] "GET /api/siteinfo HTTP/1.1" 200 -
[01:48:34] "GET /api/siteinfo HTTP/1.1" 200 -
[01:48:44] "GET /api/siteinfo HTTP/1.1" 200 -
[01:48:54] "GET /api/siteinfo HTTP/1.1" 200 -
[01:49:04] "GET /api/siteinfo HTTP/1.1" 200 -
[01:49:14] "GET /api/siteinfo HTTP/1.1" 200 -
[01:49:24] "GET /api/siteinfo HTTP/1.1" 200 -
[01:49:34] "GET /api/siteinfo HTTP/1.1" 200 -
[01:49:44] "GET /api/siteinfo HTTP/1.1" 200 -
[01:49:54] "GET /api/siteinfo HTTP/1.1" 200 -
[01:50:04] "GET /api/siteinfo HTTP/1.1" 200 -
[01:50:14] "GET /api/siteinfo HTTP/1.1" 200 -
[01:50:24] "GET /api/siteinfo HTTP/1.1" 200 -
[01:50:34] "GET /api/siteinfo HTTP/1.1" 200 -
[01:50:44] "GET /api/siteinfo HTTP/1.1" 200 -
[01:50:54] "GET /api/siteinfo HTTP/1.1" 200 -
[01:51:04] "GET /api/siteinfo HTTP/1.1" 200 -
[01:51:14] "GET /api/siteinfo HTTP/1.1" 200 -
[01:51:24] "GET /api/siteinfo HTTP/1.1" 200 -
[01:51:34] "GET /api/siteinfo HTTP/1.1" 200 -
[01:51:44] "GET /api/siteinfo HTTP/1.1" 200 -
[01:51:54] "GET /api/siteinfo HTTP/1.1" 200 -
[01:52:04] "GET /api/siteinfo HTTP/1.1" 200 -
[01:52:14] "GET /api/siteinfo HTTP/1.1" 200 -
[01:52:24] "GET /api/siteinfo HTTP/1.1" 200 -
[01:52:34] "GET /api/siteinfo HTTP/1.1" 200 -
[01:52:44] "GET /api/siteinfo HTTP/1.1" 200 -
[01:52:54] "GET /api/siteinfo HTTP/1.1" 200 -
[01:53:04] "GET /api/siteinfo HTTP/1.1" 200 -
[01:53:14] "GET /api/siteinfo HTTP/1.1" 200 -
[01:53:24] "GET /api/siteinfo HTTP/1.1" 200 -
[01:53:34] "GET /api/siteinfo HTTP/1.1" 200 -
[01:53:44] "GET /api/siteinfo HTTP/1.1" 200 -
[01:53:54] "GET /api/siteinfo HTTP/1.1" 200 -
[01:54:04] "GET /api/siteinfo HTTP/1.1" 200 -
[01:54:14] "GET /api/siteinfo HTTP/1.1" 200 -
[01:54:24] "GET /api/siteinfo HTTP/1.1" 200 -
[01:54:34] "GET /api/siteinfo HTTP/1.1" 200 -
[01:54:44] "GET /api/siteinfo HTTP/1.1" 200 -
[01:54:54] "GET /api/siteinfo HTTP/1.1" 200 -
[01:55:04] "GET /api/siteinfo HTTP/1.1" 200 -
[01:55:14] "GET /api/siteinfo HTTP/1.1" 200 -
[01:55:24] "GET /api/siteinfo HTTP/1.1" 200 -
[01:55:34] "GET /api/siteinfo HTTP/1.1" 200 -
[01:55:44] "GET /api/siteinfo HTTP/1.1" 200 -
[01:55:54] "GET /api/siteinfo HTTP/1.1" 200 -
[01:56:04] "GET /api/siteinfo HTTP/1.1" 200 -
[01:56:14] "GET /api/siteinfo HTTP/1.1" 200 -
[01:56:24] "GET /api/siteinfo HTTP/1.1" 200 -
[01:56:34] "GET /api/siteinfo HTTP/1.1" 200 -
[01:56:44] "GET /api/siteinfo HTTP/1.1" 200 -
[01:56:54] "GET /api/siteinfo HTTP/1.1" 200 -
[01:57:04] "GET /api/siteinfo HTTP/1.1" 200 -
[01:57:14] "GET /api/siteinfo HTTP/1.1" 200 -
[01:57:25] "GET /api/siteinfo HTTP/1.1" 200 -
[01:57:35] "GET /api/siteinfo HTTP/1.1" 200 -
[01:57:45] "GET /api/siteinfo HTTP/1.1" 200 -
[01:57:55] "GET /api/siteinfo HTTP/1.1" 200 -
[01:58:05] "GET /api/siteinfo HTTP/1.1" 200 -
[01:58:15] "GET /api/siteinfo HTTP/1.1" 200 -
[01:58:25] "GET /api/siteinfo HTTP/1.1" 200 -
[01:58:35] "GET /api/siteinfo HTTP/1.1" 200 -
[01:58:45] "GET /api/siteinfo HTTP/1.1" 200 -
[01:58:55] "GET /api/siteinfo HTTP/1.1" 200 -
[01:59:05] "GET /api/siteinfo HTTP/1.1" 200 -
[01:59:15] "GET /api/siteinfo HTTP/1.1" 200 -
[01:59:25] "GET /api/siteinfo HTTP/1.1" 200 -
[01:59:35] "GET /api/siteinfo HTTP/1.1" 200 -
[01:59:45] "GET /api/siteinfo HTTP/1.1" 200 -
[01:59:55] "GET /api/siteinfo HTTP/1.1" 200 -
[02:00:05] "GET /api/siteinfo HTTP/1.1" 200 -
[02:00:15] "GET /api/siteinfo HTTP/1.1" 200 -
[02:00:25] "GET /api/siteinfo HTTP/1.1" 200 -
[02:00:35] "GET /api/siteinfo HTTP/1.1" 200 -
[02:00:45] "GET /api/siteinfo HTTP/1.1" 200 -
[02:00:55] "GET /api/siteinfo HTTP/1.1" 200 -
[02:01:05] "GET /api/siteinfo HTTP/1.1" 200 -
[02:01:15] "GET /api/siteinfo HTTP/1.1" 200 -
[02:01:25] "GET /api/siteinfo HTTP/1.1" 200 -
[02:01:35] "GET /api/siteinfo HTTP/1.1" 200 -
[02:01:45] "GET /api/siteinfo HTTP/1.1" 200 -
[02:01:55] "GET /api/siteinfo HTTP/1.1" 200 -
[02:02:05] "GET /api/siteinfo HTTP/1.1" 200 -
[02:02:15] "GET /api/siteinfo HTTP/1.1" 200 -
[02:02:25] "GET /api/siteinfo HTTP/1.1" 200 -
[02:02:35] "GET /api/siteinfo HTTP/1.1" 200 -
[02:02:45] "GET /api/siteinfo HTTP/1.1" 200 -
[02:02:55] "GET /api/siteinfo HTTP/1.1" 200 -
[02:03:05] "GET /api/siteinfo HTTP/1.1" 200 -
[02:03:15] "GET /api/siteinfo HTTP/1.1" 200 -
[02:03:25] "GET /api/siteinfo HTTP/1.1" 200 -
[02:03:35] "GET /api/siteinfo HTTP/1.1" 200 -
[02:03:45] "GET /api/siteinfo HTTP/1.1" 200 -
[02:03:55] "GET /api/siteinfo HTTP/1.1" 200 -
[02:04:05] "GET /api/siteinfo HTTP/1.1" 200 -
[02:04:15] "GET /api/siteinfo HTTP/1.1" 200 -
[02:04:25] "GET /api/siteinfo HTTP/1.1" 200 -
[02:04:35] "GET /api/siteinfo HTTP/1.1" 200 -
[02:04:45] "GET /api/siteinfo HTTP/1.1" 200 -
[02:04:55] "GET /api/siteinfo HTTP/1.1" 200 -
[02:05:05] "GET /api/siteinfo HTTP/1.1" 200 -
[02:05:15] "GET /api/siteinfo HTTP/1.1" 200 -
[02:05:25] "GET /api/siteinfo HTTP/1.1" 200 -
[02:05:35] "GET /api/siteinfo HTTP/1.1" 200 -
[02:05:45] "GET /api/siteinfo HTTP/1.1" 200 -
[02:05:55] "GET /api/siteinfo HTTP/1.1" 200 -
[02:06:05] "GET /api/siteinfo HTTP/1.1" 200 -
[02:06:15] "GET /api/siteinfo HTTP/1.1" 200 -
[02:06:25] "GET /api/siteinfo HTTP/1.1" 200 -
[02:06:35] "GET /api/siteinfo HTTP/1.1" 200 -
[02:06:45] "GET /api/siteinfo HTTP/1.1" 200 -
[02:06:55] "GET /api/siteinfo HTTP/1.1" 200 -
[02:07:05] "GET /api/siteinfo HTTP/1.1" 200 -
[02:07:15] "GET /api/siteinfo HTTP/1.1" 200 -
[02:07:25] "GET /api/siteinfo HTTP/1.1" 200 -
[02:07:35] "GET /api/siteinfo HTTP/1.1" 200 -
[02:07:45] "GET /api/siteinfo HTTP/1.1" 200 -
[02:07:56] "GET /api/siteinfo HTTP/1.1" 200 -
[02:08:06] "GET /api/siteinfo HTTP/1.1" 200 -
[02:08:16] "GET /api/siteinfo HTTP/1.1" 200 -
[02:08:26] "GET /api/siteinfo HTTP/1.1" 200 -
[02:08:36] "GET /api/siteinfo HTTP/1.1" 200 -
[02:08:46] "GET /api/siteinfo HTTP/1.1" 200 -
[02:08:56] "GET /api/siteinfo HTTP/1.1" 200 -
[02:09:06] "GET /api/siteinfo HTTP/1.1" 200 -
[02:09:16] "GET /api/siteinfo HTTP/1.1" 200 -
[02:09:26] "GET /api/siteinfo HTTP/1.1" 200 -
[02:09:36] "GET /api/siteinfo HTTP/1.1" 200 -
[02:09:46] "GET /api/siteinfo HTTP/1.1" 200 -
[02:09:56] "GET /api/siteinfo HTTP/1.1" 200 -
[02:10:06] "GET /api/siteinfo HTTP/1.1" 200 -
[02:10:16] "GET /api/siteinfo HTTP/1.1" 200 -
[02:10:26] "GET /api/siteinfo HTTP/1.1" 200 -
[02:10:36] "GET /api/siteinfo HTTP/1.1" 200 -
[02:10:46] "GET /api/siteinfo HTTP/1.1" 200 -
[02:10:56] "GET /api/siteinfo HTTP/1.1" 200 -
[02:11:06] "GET /api/siteinfo HTTP/1.1" 200 -
[02:11:16] "GET /api/siteinfo HTTP/1.1" 200 -
[02:11:26] "GET /api/siteinfo HTTP/1.1" 200 -
[02:11:36] "GET /api/siteinfo HTTP/1.1" 200 -
[02:11:46] "GET /api/siteinfo HTTP/1.1" 200 -
[02:11:56] "GET /api/siteinfo HTTP/1.1" 200 -
[02:12:06] "GET /api/siteinfo HTTP/1.1" 200 -
[02:12:16] "GET /api/siteinfo HTTP/1.1" 200 -
[02:12:26] "GET /api/siteinfo HTTP/1.1" 200 -
[02:12:36] "GET /api/siteinfo HTTP/1.1" 200 -
[02:12:46] "GET /api/siteinfo HTTP/1.1" 200 -
[02:12:56] "GET /api/siteinfo HTTP/1.1" 200 -
[02:13:06] "GET /api/siteinfo HTTP/1.1" 200 -
[02:13:16] "GET /api/siteinfo HTTP/1.1" 200 -
[02:13:26] "GET /api/siteinfo HTTP/1.1" 200 -
[02:13:36] "GET /api/siteinfo HTTP/1.1" 200 -
[02:13:46] "GET /api/siteinfo HTTP/1.1" 200 -
[02:13:56] "GET /api/siteinfo HTTP/1.1" 200 -
[02:14:06] "GET /api/siteinfo HTTP/1.1" 200 -
[02:14:16] "GET /api/siteinfo HTTP/1.1" 200 -
[02:14:26] "GET /api/siteinfo HTTP/1.1" 200 -
[02:14:36] "GET /api/siteinfo HTTP/1.1" 200 -
[02:14:46] "GET /api/siteinfo HTTP/1.1" 200 -
[02:14:56] "GET /api/siteinfo HTTP/1.1" 200 -
[02:15:06] "GET /api/siteinfo HTTP/1.1" 200 -
[02:15:16] "GET /api/siteinfo HTTP/1.1" 200 -
[02:15:26] "GET /api/siteinfo HTTP/1.1" 200 -
[02:15:36] "GET /api/siteinfo HTTP/1.1" 200 -
[02:15:46] "GET /api/siteinfo HTTP/1.1" 200 -
[02:15:56] "GET /api/siteinfo HTTP/1.1" 200 -
[02:16:06] "GET /api/siteinfo HTTP/1.1" 200 -
[02:16:16] "GET /api/siteinfo HTTP/1.1" 200 -
[02:16:26] "GET /api/siteinfo HTTP/1.1" 200 -
[02:16:36] "GET /api/siteinfo HTTP/1.1" 200 -
[02:16:46] "GET /api/siteinfo HTTP/1.1" 200 -
[02:16:56] "GET /api/siteinfo HTTP/1.1" 200 -
[02:17:06] "GET /api/siteinfo HTTP/1.1" 200 -
[02:17:16] "GET /api/siteinfo HTTP/1.1" 200 -
[02:17:26] "GET /api/siteinfo HTTP/1.1" 200 -
[02:17:36] "GET /api/siteinfo HTTP/1.1" 200 -
[02:17:46] "GET /api/siteinfo HTTP/1.1" 200 -
[02:17:56] "GET /api/siteinfo HTTP/1.1" 200 -
[02:18:06] "GET /api/siteinfo HTTP/1.1" 200 -
[02:18:16] "GET /api/siteinfo HTTP/1.1" 200 -
[02:18:26] "GET /api/siteinfo HTTP/1.1" 200 -
[02:18:36] "GET /api/siteinfo HTTP/1.1" 200 -
[02:18:46] "GET /api/siteinfo HTTP/1.1" 200 -
[02:18:56] "GET /api/siteinfo HTTP/1.1" 200 -
[02:19:06] "GET /api/siteinfo HTTP/1.1" 200 -
[02:19:16] "GET /api/siteinfo HTTP/1.1" 200 -
[02:19:26] "GET /api/siteinfo HTTP/1.1" 200 -
[02:19:36] "GET /api/siteinfo HTTP/1.1" 200 -
[02:19:46] "GET /api/siteinfo HTTP/1.1" 200 -
[02:19:56] "GET /api/siteinfo HTTP/1.1" 200 -
[02:20:06] "GET /api/siteinfo HTTP/1.1" 200 -
[02:20:16] "GET /api/siteinfo HTTP/1.1" 200 -
[02:20:26] "GET /api/siteinfo HTTP/1.1" 200 -
[02:20:36] "GET /api/siteinfo HTTP/1.1" 200 -
[02:20:46] "GET /api/siteinfo HTTP/1.1" 200 -
[02:20:56] "GET /api/siteinfo HTTP/1.1" 200 -
[02:21:06] "GET /api/siteinfo HTTP/1.1" 200 -
[02:21:16] "GET /api/siteinfo HTTP/1.1" 200 -
[02:21:26] "GET /api/siteinfo HTTP/1.1" 200 -
[02:21:36] "GET /api/siteinfo HTTP/1.1" 200 -
[02:21:46] "GET /api/siteinfo HTTP/1.1" 200 -
[02:21:56] "GET /api/siteinfo HTTP/1.1" 200 -
[02:22:06] "GET /api/siteinfo HTTP/1.1" 200 -
[02:22:16] "GET /api/siteinfo HTTP/1.1" 200 -
[02:22:26] "GET /api/siteinfo HTTP/1.1" 200 -
[02:22:36] "GET /api/siteinfo HTTP/1.1" 200 -
[02:22:47] "GET /api/siteinfo HTTP/1.1" 200 -
[02:22:57] "GET /api/siteinfo HTTP/1.1" 200 -
[02:23:07] "GET /api/siteinfo HTTP/1.1" 200 -
[02:23:17] "GET /api/siteinfo HTTP/1.1" 200 -
[02:23:27] "GET /api/siteinfo HTTP/1.1" 200 -
[02:23:37] "GET /api/siteinfo HTTP/1.1" 200 -
[02:23:47] "GET /api/siteinfo HTTP/1.1" 200 -
[02:23:57] "GET /api/siteinfo HTTP/1.1" 200 -
[02:24:07] "GET /api/siteinfo HTTP/1.1" 200 -
[02:24:17] "GET /api/siteinfo HTTP/1.1" 200 -
[02:24:27] "GET /api/siteinfo HTTP/1.1" 200 -
[02:24:37] "GET /api/siteinfo HTTP/1.1" 200 -
[02:24:47] "GET /api/siteinfo HTTP/1.1" 200 -
[02:24:57] "GET /api/siteinfo HTTP/1.1" 200 -
[02:25:07] "GET /api/siteinfo HTTP/1.1" 200 -
[02:25:17] "GET /api/siteinfo HTTP/1.1" 200 -
[02:25:27] "GET /api/siteinfo HTTP/1.1" 200 -
[02:25:38] "GET /api/siteinfo HTTP/1.1" 200 -
[02:25:48] "GET /api/siteinfo HTTP/1.1" 200 -
[02:25:58] "GET /api/siteinfo HTTP/1.1" 200 -
[02:26:08] "GET /api/siteinfo HTTP/1.1" 200 -
[02:26:18] "GET /api/siteinfo HTTP/1.1" 200 -
[02:26:28] "GET /api/siteinfo HTTP/1.1" 200 -
[02:26:38] "GET /api/siteinfo HTTP/1.1" 200 -
[02:26:48] "GET /api/siteinfo HTTP/1.1" 200 -
[02:26:58] "GET /api/siteinfo HTTP/1.1" 200 -
[02:27:08] "GET /api/siteinfo HTTP/1.1" 200 -
[02:27:18] "GET /api/siteinfo HTTP/1.1" 200 -
[02:27:28] "GET /api/siteinfo HTTP/1.1" 200 -
[02:27:38] "GET /api/siteinfo HTTP/1.1" 200 -
[02:27:48] "GET /api/siteinfo HTTP/1.1" 200 -
[02:27:58] "GET /api/siteinfo HTTP/1.1" 200 -
[02:28:08] "GET /api/siteinfo HTTP/1.1" 200 -
[02:28:18] "GET /api/siteinfo HTTP/1.1" 200 -
[02:28:28] "GET /api/siteinfo HTTP/1.1" 200 -
[02:28:38] "GET /api/siteinfo HTTP/1.1" 200 -
[02:28:48] "GET /api/siteinfo HTTP/1.1" 200 -
[02:28:58] "GET /api/siteinfo HTTP/1.1" 200 -
[02:29:08] "GET /api/siteinfo HTTP/1.1" 200 -
[02:29:18] "GET /api/siteinfo HTTP/1.1" 200 -
[02:29:28] "GET /api/siteinfo HTTP/1.1" 200 -
[02:29:38] "GET /api/siteinfo HTTP/1.1" 200 -
[02:29:48] "GET /api/siteinfo HTTP/1.1" 200 -
[02:29:58] "GET /api/siteinfo HTTP/1.1" 200 -
[02:30:08] "GET /api/siteinfo HTTP/1.1" 200 -
[02:30:18] "GET /api/siteinfo HTTP/1.1" 200 -
[02:30:28] "GET /api/siteinfo HTTP/1.1" 200 -
[02:30:38] "GET /api/siteinfo HTTP/1.1" 200 -
[02:30:48] "GET /api/siteinfo HTTP/1.1" 200 -
[02:30:58] "GET /api/siteinfo HTTP/1.1" 200 -
[02:31:08] "GET /api/siteinfo HTTP/1.1" 200 -
[02:31:18] "GET /api/siteinfo HTTP/1.1" 200 -
[02:31:28] "GET /api/siteinfo HTTP/1.1" 200 -
[02:31:38] "GET /api/siteinfo HTTP/1.1" 200 -
[02:31:48] "GET /api/siteinfo HTTP/1.1" 200 -
[02:31:58] "GET /api/siteinfo HTTP/1.1" 200 -
[02:32:08] "GET /api/siteinfo HTTP/1.1" 200 -
[02:32:18] "GET /api/siteinfo HTTP/1.1" 200 -
[02:32:28] "GET /api/siteinfo HTTP/1.1" 200 -
[02:32:38] "GET /api/siteinfo HTTP/1.1" 200 -
[02:32:48] "GET /api/siteinfo HTTP/1.1" 200 -
[02:32:58] "GET /api/siteinfo HTTP/1.1" 200 -
[02:33:08] "GET /api/siteinfo HTTP/1.1" 200 -
[02:33:18] "GET /api/siteinfo HTTP/1.1" 200 -
[02:33:28] "GET /api/siteinfo HTTP/1.1" 200 -
[02:33:38] "GET /api/siteinfo HTTP/1.1" 200 -
[02:33:48] "GET /api/siteinfo HTTP/1.1" 200 -
[02:33:58] "GET /api/siteinfo HTTP/1.1" 200 -
[02:34:08] "GET /api/siteinfo HTTP/1.1" 200 -
[02:34:18] "GET /api/siteinfo HTTP/1.1" 200 -
[02:34:28] "GET /api/siteinfo HTTP/1.1" 200 -
[02:34:38] "GET /api/siteinfo HTTP/1.1" 200 -
[02:34:48] "GET /api/siteinfo HTTP/1.1" 200 -
[02:34:58] "GET /api/siteinfo HTTP/1.1" 200 -
[02:35:08] "GET /api/siteinfo HTTP/1.1" 200 -
[02:35:18] "GET /api/siteinfo HTTP/1.1" 200 -
[02:35:28] "GET /api/siteinfo HTTP/1.1" 200 -
[02:35:38] "GET /api/siteinfo HTTP/1.1" 200 -
[02:35:48] "GET /api/siteinfo HTTP/1.1" 200 -
[02:35:58] "GET /api/siteinfo HTTP/1.1" 200 -
[02:36:08] "GET /api/siteinfo HTTP/1.1" 200 -
[02:36:18] "GET /api/siteinfo HTTP/1.1" 200 -
[02:36:28] "GET /api/siteinfo HTTP/1.1" 200 -
[02:36:38] "GET /api/siteinfo HTTP/1.1" 200 -
[02:36:48] "GET /api/siteinfo HTTP/1.1" 200 -
[02:36:58] "GET /api/siteinfo HTTP/1.1" 200 -
[02:37:08] "GET /api/siteinfo HTTP/1.1" 200 -
[02:37:18] "GET /api/siteinfo HTTP/1.1" 200 -
[02:37:28] "GET /api/siteinfo HTTP/1.1" 200 -
[02:37:38] "GET /api/siteinfo HTTP/1.1" 200 -
[02:37:48] "GET /api/siteinfo HTTP/1.1" 200 -
[02:37:58] "GET /api/siteinfo HTTP/1.1" 200 -
[02:38:08] "GET /api/siteinfo HTTP/1.1" 200 -
[02:38:18] "GET /api/siteinfo HTTP/1.1" 200 -
[02:38:28] "GET /api/siteinfo HTTP/1.1" 200 -
[02:38:38] "GET /api/siteinfo HTTP/1.1" 200 -
[02:38:48] "GET /api/siteinfo HTTP/1.1" 200 -
[02:38:58] "GET /api/siteinfo HTTP/1.1" 200 -
[02:39:08] "GET /api/siteinfo HTTP/1.1" 200 -
[02:39:18] "GET /api/siteinfo HTTP/1.1" 200 -
[02:39:28] "GET /api/siteinfo HTTP/1.1" 200 -
[02:39:38] "GET /api/siteinfo HTTP/1.1" 200 -
[02:39:49] "GET /api/siteinfo HTTP/1.1" 200 -
[02:39:59] "GET /api/siteinfo HTTP/1.1" 200 -
[02:40:09] "GET /api/siteinfo HTTP/1.1" 200 -
[02:40:19] "GET /api/siteinfo HTTP/1.1" 200 -
[02:40:29] "GET /api/siteinfo HTTP/1.1" 200 -
[02:40:39] "GET /api/siteinfo HTTP/1.1" 200 -
[02:40:49] "GET /api/siteinfo HTTP/1.1" 200 -
[02:40:59] "GET /api/siteinfo HTTP/1.1" 200 -
[02:41:09] "GET /api/siteinfo HTTP/1.1" 200 -
[02:41:19] "GET /api/siteinfo HTTP/1.1" 200 -
[02:41:29] "GET /api/siteinfo HTTP/1.1" 200 -
[02:41:39] "GET /api/siteinfo HTTP/1.1" 200 -
[02:41:49] "GET /api/siteinfo HTTP/1.1" 200 -
[02:41:59] "GET /api/siteinfo HTTP/1.1" 200 -
[02:42:09] "GET /api/siteinfo HTTP/1.1" 200 -
[02:42:19] "GET /api/siteinfo HTTP/1.1" 200 -
[02:42:29] "GET /api/siteinfo HTTP/1.1" 200 -
[02:42:39] "GET /api/siteinfo HTTP/1.1" 200 -
[02:42:49] "GET /api/siteinfo HTTP/1.1" 200 -
[02:42:59] "GET /api/siteinfo HTTP/1.1" 200 -
[02:43:09] "GET /api/siteinfo HTTP/1.1" 200 -
[02:43:19] "GET /api/siteinfo HTTP/1.1" 200 -
[02:43:29] "GET /api/siteinfo HTTP/1.1" 200 -
[02:43:39] "GET /api/siteinfo HTTP/1.1" 200 -
[02:43:49] "GET /api/siteinfo HTTP/1.1" 200 -
[02:43:59] "GET /api/siteinfo HTTP/1.1" 200 -
[02:44:09] "GET /api/siteinfo HTTP/1.1" 200 -
[02:44:19] "GET /api/siteinfo HTTP/1.1" 200 -
[02:44:29] "GET /api/siteinfo HTTP/1.1" 200 -
[02:44:39] "GET /api/siteinfo HTTP/1.1" 200 -
[02:44:49] "GET /api/siteinfo HTTP/1.1" 200 -
[02:44:59] "GET /api/siteinfo HTTP/1.1" 200 -
[02:45:09] "GET /api/siteinfo HTTP/1.1" 200 -
[02:45:19] "GET /api/siteinfo HTTP/1.1" 200 -
[02:45:29] "GET /api/siteinfo HTTP/1.1" 200 -
[02:45:39] "GET /api/siteinfo HTTP/1.1" 200 -
[02:45:49] "GET /api/siteinfo HTTP/1.1" 200 -
[02:45:59] "GET /api/siteinfo HTTP/1.1" 200 -
[02:46:09] "GET /api/siteinfo HTTP/1.1" 200 -
[02:46:19] "GET /api/siteinfo HTTP/1.1" 200 -
[02:46:29] "GET /api/siteinfo HTTP/1.1" 200 -
[02:46:39] "GET /api/siteinfo HTTP/1.1" 200 -
[02:46:49] "GET /api/siteinfo HTTP/1.1" 200 -
[02:46:59] "GET /api/siteinfo HTTP/1.1" 200 -
[02:47:09] "GET /api/siteinfo HTTP/1.1" 200 -
[02:47:19] "GET /api/siteinfo HTTP/1.1" 200 -
[02:47:29] "GET /api/siteinfo HTTP/1.1" 200 -
[02:47:39] "GET /api/siteinfo HTTP/1.1" 200 -
[02:47:49] "GET /api/siteinfo HTTP/1.1" 200 -
[02:47:59] "GET /api/siteinfo HTTP/1.1" 200 -
[02:48:09] "GET /api/siteinfo HTTP/1.1" 200 -
[02:48:19] "GET /api/siteinfo HTTP/1.1" 200 -
[02:48:29] "GET /api/siteinfo HTTP/1.1" 200 -
[02:48:39] "GET /api/siteinfo HTTP/1.1" 200 -
[02:48:49] "GET /api/siteinfo HTTP/1.1" 200 -
[02:48:59] "GET /api/siteinfo HTTP/1.1" 200 -
[02:49:09] "GET /api/siteinfo HTTP/1.1" 200 -
[02:49:19] "GET /api/siteinfo HTTP/1.1" 200 -
[02:49:29] "GET /api/siteinfo HTTP/1.1" 200 -
[02:49:39] "GET /api/siteinfo HTTP/1.1" 200 -
[02:49:49] "GET /api/siteinfo HTTP/1.1" 200 -
[02:49:59] "GET /api/siteinfo HTTP/1.1" 200 -
[02:50:09] "GET /api/siteinfo HTTP/1.1" 200 -
[02:50:19] "GET /api/siteinfo HTTP/1.1" 200 -
[02:50:29] "GET /api/siteinfo HTTP/1.1" 200 -
[02:50:39] "GET /api/siteinfo HTTP/1.1" 200 -
[02:50:49] "GET /api/siteinfo HTTP/1.1" 200 -
[02:50:59] "GET /api/siteinfo HTTP/1.1" 200 -
[02:51:10] "GET /api/siteinfo HTTP/1.1" 200 -
[02:51:20] "GET /api/siteinfo HTTP/1.1" 200 -
[02:51:30] "GET /api/siteinfo HTTP/1.1" 200 -
[02:51:40] "GET /api/siteinfo HTTP/1.1" 200 -
[02:51:50] "GET /api/siteinfo HTTP/1.1" 200 -
[02:52:00] "GET /api/siteinfo HTTP/1.1" 200 -
[02:52:10] "GET /api/siteinfo HTTP/1.1" 200 -
[02:52:20] "GET /api/siteinfo HTTP/1.1" 200 -
[02:52:30] "GET /api/siteinfo HTTP/1.1" 200 -
[02:52:40] "GET /api/siteinfo HTTP/1.1" 200 -
[02:52:50] "GET /api/siteinfo HTTP/1.1" 200 -
[02:53:00] "GET /api/siteinfo HTTP/1.1" 200 -
[02:53:10] "GET /api/siteinfo HTTP/1.1" 200 -
[02:53:20] "GET /api/siteinfo HTTP/1.1" 200 -
[02:53:30] "GET /api/siteinfo HTTP/1.1" 200 -
[02:53:40] "GET /api/siteinfo HTTP/1.1" 200 -
[02:53:50] "GET /api/siteinfo HTTP/1.1" 200 -
[02:54:00] "GET /api/siteinfo HTTP/1.1" 200 -
[02:54:10] "GET /api/siteinfo HTTP/1.1" 200 -
[02:54:20] "GET /api/siteinfo HTTP/1.1" 200 -
[02:54:30] "GET /api/siteinfo HTTP/1.1" 200 -
[02:54:40] "GET /api/siteinfo HTTP/1.1" 200 -
[02:54:50] "GET /api/siteinfo HTTP/1.1" 200 -
[02:55:00] "GET /api/siteinfo HTTP/1.1" 200 -
[02:55:10] "GET /api/siteinfo HTTP/1.1" 200 -
[02:55:20] "GET /api/siteinfo HTTP/1.1" 200 -
[02:55:30] "GET /api/siteinfo HTTP/1.1" 200 -
[02:55:40] "GET /api/siteinfo HTTP/1.1" 200 -
[02:55:50] "GET /api/siteinfo HTTP/1.1" 200 -
[02:56:00] "GET /api/siteinfo HTTP/1.1" 200 -
[02:56:10] "GET /api/siteinfo HTTP/1.1" 200 -
[02:56:20] "GET /api/siteinfo HTTP/1.1" 200 -
[02:56:30] "GET /api/siteinfo HTTP/1.1" 200 -
[02:56:40] "GET /api/siteinfo HTTP/1.1" 200 -
[02:56:50] "GET /api/siteinfo HTTP/1.1" 200 -
[02:57:00] "GET /api/siteinfo HTTP/1.1" 200 -
[02:57:10] "GET /api/siteinfo HTTP/1.1" 200 -
[02:57:20] "GET /api/siteinfo HTTP/1.1" 200 -
[02:57:30] "GET /api/siteinfo HTTP/1.1" 200 -
[02:57:40] "GET /api/siteinfo HTTP/1.1" 200 -
[02:57:50] "GET /api/siteinfo HTTP/1.1" 200 -
[02:58:00] "GET /api/siteinfo HTTP/1.1" 200 -
[02:58:10] "GET /api/siteinfo HTTP/1.1" 200 -
[02:58:20] "GET /api/siteinfo HTTP/1.1" 200 -
[02:58:30] "GET /api/siteinfo HTTP/1.1" 200 -
[02:58:40] "GET /api/siteinfo HTTP/1.1" 200 -
[02:58:50] "GET /api/siteinfo HTTP/1.1" 200 -
[02:59:00] "GET /api/siteinfo HTTP/1.1" 200 -
[02:59:10] "GET /api/siteinfo HTTP/1.1" 200 -
[02:59:20] "GET /api/siteinfo HTTP/1.1" 200 -
[02:59:30] "GET /api/siteinfo HTTP/1.1" 200 -
[02:59:40] "GET /api/siteinfo HTTP/1.1" 200 -
[02:59:50] "GET /api/siteinfo HTTP/1.1" 200 -
[03:00:00] "GET /api/siteinfo HTTP/1.1" 200 -
[03:00:10] "GET /api/siteinfo HTTP/1.1" 200 -
[03:00:20] "GET /api/siteinfo HTTP/1.1" 200 -
[03:00:30] "GET /api/siteinfo HTTP/1.1" 200 -
[03:00:40] "GET /api/siteinfo HTTP/1.1" 200 -
[03:00:50] "GET /api/siteinfo HTTP/1.1" 200 -
[03:01:00] "GET /api/siteinfo HTTP/1.1" 200 -
[03:01:10] "GET /api/siteinfo HTTP/1.1" 200 -
[03:01:20] "GET /api/siteinfo HTTP/1.1" 200 -
[03:01:30] "GET /api/siteinfo HTTP/1.1" 200 -
[03:01:41] "GET /api/siteinfo HTTP/1.1" 200 -
[03:01:51] "GET /api/siteinfo HTTP/1.1" 200 -
[03:02:01] "GET /api/siteinfo HTTP/1.1" 200 -
[03:02:11] "GET /api/siteinfo HTTP/1.1" 200 -
[03:02:21] "GET /api/siteinfo HTTP/1.1" 200 -
[03:02:31] "GET /api/siteinfo HTTP/1.1" 200 -
[03:02:41] "GET /api/siteinfo HTTP/1.1" 200 -
[03:02:51] "GET /api/siteinfo HTTP/1.1" 200 -
[03:03:01] "GET /api/siteinfo HTTP/1.1" 200 -
[03:03:11] "GET /api/siteinfo HTTP/1.1" 200 -
[03:03:21] "GET /api/siteinfo HTTP/1.1" 200 -
[03:03:31] "GET /api/siteinfo HTTP/1.1" 200 -
[03:03:41] "GET /api/siteinfo HTTP/1.1" 200 -
[03:03:51] "GET /api/siteinfo HTTP/1.1" 200 -
[03:04:01] "GET /api/siteinfo HTTP/1.1" 200 -
[03:04:11] "GET /api/siteinfo HTTP/1.1" 200 -
[03:04:21] "GET /api/siteinfo HTTP/1.1" 200 -
[03:04:31] "GET /api/siteinfo HTTP/1.1" 200 -
[03:04:41] "GET /api/siteinfo HTTP/1.1" 200 -
[03:04:51] "GET /api/siteinfo HTTP/1.1" 200 -
[03:05:01] "GET /api/siteinfo HTTP/1.1" 200 -
[03:05:11] "GET /api/siteinfo HTTP/1.1" 200 -
[03:05:21] "GET /api/siteinfo HTTP/1.1" 200 -
[03:05:31] "GET /api/siteinfo HTTP/1.1" 200 -============================================================
  FENEMOF - Site web démarré
  Ouvrez le site : http://localhost:8000
  Sur un autre appareil du même réseau, utilisez l'adresse IP de ce PC
  Espace créateur : http://localhost:8000/createur
  Appuyez sur Ctrl+C pour arrêter.
============================================================
[03:27:24] "GET /api/siteinfo HTTP/1.1" 200 -
[03:27:34] "GET /api/siteinfo HTTP/1.1" 200 -
[03:27:44] "GET /api/siteinfo HTTP/1.1" 200 -
[03:27:54] "GET /api/siteinfo HTTP/1.1" 200 -
[03:28:04] "GET /api/siteinfo HTTP/1.1" 200 -
[03:28:14] "GET /api/siteinfo HTTP/1.1" 200 -
[03:28:24] "GET /api/siteinfo HTTP/1.1" 200 -
[03:28:34] "GET /api/siteinfo HTTP/1.1" 200 -
[03:28:44] "GET /api/siteinfo HTTP/1.1" 200 -
[03:28:55] "GET /api/siteinfo HTTP/1.1" 200 -
[03:29:05] "GET /api/siteinfo HTTP/1.1" 200 -
[03:29:15] "GET /api/siteinfo HTTP/1.1" 200 -
[03:29:25] "GET /api/siteinfo HTTP/1.1" 200 -
[03:29:35] "GET /api/siteinfo HTTP/1.1" 200 -
[03:29:45] "GET /api/siteinfo HTTP/1.1" 200 -
[03:29:55] "GET /api/siteinfo HTTP/1.1" 200 -
[03:30:05] "GET /api/siteinfo HTTP/1.1" 200 -
[03:30:15] "GET /api/siteinfo HTTP/1.1" 200 -
[03:30:25] "GET /api/siteinfo HTTP/1.1" 200 -
[03:30:35] "GET /api/siteinfo HTTP/1.1" 200 -
[03:30:45] "GET /api/siteinfo HTTP/1.1" 200 -
[03:30:55] "GET /api/siteinfo HTTP/1.1" 200 -
[03:31:05] "GET /api/siteinfo HTTP/1.1" 200 -
[03:31:15] "GET /api/siteinfo HTTP/1.1" 200 -
[03:31:25] "GET /api/siteinfo HTTP/1.1" 200 -
[03:31:35] "GET /api/siteinfo HTTP/1.1" 200 -
[10:33:02] "GET /api/siteinfo HTTP/1.1" 200 -
[10:33:12] "GET /api/siteinfo HTTP/1.1" 200 -
[10:33:22] "GET /api/siteinfo HTTP/1.1" 200 -
[10:33:32] "GET /api/siteinfo HTTP/1.1" 200 -
[10:33:42] "GET /api/siteinfo HTTP/1.1" 200 -
[10:33:52] "GET /api/siteinfo HTTP/1.1" 200 -
[10:34:02] "GET /api/siteinfo HTTP/1.1" 200 -
[10:34:12] "GET /api/siteinfo HTTP/1.1" 200 -
[10:34:22] "GET /api/siteinfo HTTP/1.1" 200 -
[10:34:32] "GET /api/siteinfo HTTP/1.1" 200 -
[10:34:42] "GET /api/siteinfo HTTP/1.1" 200 -
[10:34:52] "GET /api/siteinfo HTTP/1.1" 200 -
[10:35:02] "GET /api/siteinfo HTTP/1.1" 200 -
[10:35:12] "GET /api/siteinfo HTTP/1.1" 200 -
[10:35:22] "GET /api/siteinfo HTTP/1.1" 200 -
[10:35:32] "GET /api/siteinfo HTTP/1.1" 200 -
[10:35:42] "GET /api/siteinfo HTTP/1.1" 200 -
[10:35:52] "GET /api/siteinfo HTTP/1.1" 200 -
[10:36:02] "GET /api/siteinfo HTTP/1.1" 200 -
[10:36:12] "GET /api/siteinfo HTTP/1.1" 200 -
[10:36:22] "GET /api/siteinfo HTTP/1.1" 200 -
[10:36:32] "GET /api/siteinfo HTTP/1.1" 200 -
[10:36:42] "GET /api/siteinfo HTTP/1.1" 200 -
[10:36:52] "GET /api/siteinfo HTTP/1.1" 200 -
[10:37:02] "GET /api/siteinfo HTTP/1.1" 200 -
[10:37:12] "GET /api/siteinfo HTTP/1.1" 200 -
[10:37:22] "GET /api/siteinfo HTTP/1.1" 200 -
[10:37:32] "GET /api/siteinfo HTTP/1.1" 200 -
[10:37:42] "GET /api/siteinfo HTTP/1.1" 200 -
[10:37:52] "GET /api/siteinfo HTTP/1.1" 200 -
[10:38:02] "GET /api/siteinfo HTTP/1.1" 200 -
[10:38:12] "GET /api/siteinfo HTTP/1.1" 200 -
[10:38:22] "GET /api/siteinfo HTTP/1.1" 200 -
[10:38:32] "GET /api/siteinfo HTTP/1.1" 200 -
[10:38:42] "GET /api/siteinfo HTTP/1.1" 200 -
[10:38:52] "GET /api/siteinfo HTTP/1.1" 200 -
[10:39:02] "GET /api/siteinfo HTTP/1.1" 200 -
[10:39:12] "GET /api/siteinfo HTTP/1.1" 200 -
[10:39:22] "GET /api/siteinfo HTTP/1.1" 200 -
[10:39:32] "GET /api/siteinfo HTTP/1.1" 200 -
[10:39:43] "GET /api/siteinfo HTTP/1.1" 200 -
[10:39:53] "GET /api/siteinfo HTTP/1.1" 200 -
[10:40:03] "GET /api/siteinfo HTTP/1.1" 200 -
[10:40:13] "GET /api/siteinfo HTTP/1.1" 200 -
[10:40:23] "GET /api/siteinfo HTTP/1.1" 200 -
[10:40:33] "GET /api/siteinfo HTTP/1.1" 200 -
[10:40:43] "GET /api/siteinfo HTTP/1.1" 200 -
[10:40:53] "GET /api/siteinfo HTTP/1.1" 200 -
[10:41:03] "GET /api/siteinfo HTTP/1.1" 200 -
[10:41:13] "GET /api/siteinfo HTTP/1.1" 200 -
[10:41:23] "GET /api/siteinfo HTTP/1.1" 200 -
[10:41:33] "GET /api/siteinfo HTTP/1.1" 200 -
[10:41:43] "GET /api/siteinfo HTTP/1.1" 200 -
[10:41:53] "GET /api/siteinfo HTTP/1.1" 200 -
[10:42:03] "GET /api/siteinfo HTTP/1.1" 200 -
[10:42:13] "GET /api/siteinfo HTTP/1.1" 200 -
[10:42:23] "GET /api/siteinfo HTTP/1.1" 200 -
[10:42:33] "GET /api/siteinfo HTTP/1.1" 200 -
[10:42:43] "GET /api/siteinfo HTTP/1.1" 200 -
[10:42:53] "GET /api/siteinfo HTTP/1.1" 200 -
[10:43:03] "GET /api/siteinfo HTTP/1.1" 200 -
[10:43:13] "GET /api/siteinfo HTTP/1.1" 200 -
[10:43:23] "GET /api/siteinfo HTTP/1.1" 200 -
[10:43:33] "GET /api/siteinfo HTTP/1.1" 200 -
[10:43:43] "GET /api/siteinfo HTTP/1.1" 200 -
[10:43:53] "GET /api/siteinfo HTTP/1.1" 200 -
[10:44:03] "GET /api/siteinfo HTTP/1.1" 200 -
[10:44:13] "GET /api/siteinfo HTTP/1.1" 200 -
[10:44:23] "GET /api/siteinfo HTTP/1.1" 200 -
[10:44:33] "GET /api/siteinfo HTTP/1.1" 200 -
[10:44:43] "GET /api/siteinfo HTTP/1.1" 200 -
[10:44:53] "GET /api/siteinfo HTTP/1.1" 200 -
[10:45:03] "GET /api/siteinfo HTTP/1.1" 200 -
[10:45:13] "GET /api/siteinfo HTTP/1.1" 200 -
[10:45:23] "GET /api/siteinfo HTTP/1.1" 200 -
[10:45:33] "GET /api/siteinfo HTTP/1.1" 200 -
[10:45:43] "GET /api/siteinfo HTTP/1.1" 200 -
[10:45:53] "GET /api/siteinfo HTTP/1.1" 200 -
[10:46:03] "GET /api/siteinfo HTTP/1.1" 200 -
[10:46:13] "GET /api/siteinfo HTTP/1.1" 200 -
[10:46:23] "GET /api/siteinfo HTTP/1.1" 200 -
[10:46:33] "GET /api/siteinfo HTTP/1.1" 200 -
[10:46:43] "GET /api/siteinfo HTTP/1.1" 200 -
[10:46:53] "GET /api/siteinfo HTTP/1.1" 200 -
[10:47:03] "GET /api/siteinfo HTTP/1.1" 200 -
[10:47:13] "GET /api/siteinfo HTTP/1.1" 200 -
[10:47:23] "GET /api/siteinfo HTTP/1.1" 200 -
[10:47:33] "GET /api/siteinfo HTTP/1.1" 200 -
[10:47:43] "GET /api/siteinfo HTTP/1.1" 200 -
[10:47:54] "GET /api/siteinfo HTTP/1.1" 200 -
[10:48:04] "GET /api/siteinfo HTTP/1.1" 200 -
[10:48:14] "GET /api/siteinfo HTTP/1.1" 200 -
[10:48:24] "GET /api/siteinfo HTTP/1.1" 200 -
[10:48:34] "GET /api/siteinfo HTTP/1.1" 200 -
[10:48:44] "GET /api/siteinfo HTTP/1.1" 200 -
[10:48:54] "GET /api/siteinfo HTTP/1.1" 200 -
[10:49:04] "GET /api/siteinfo HTTP/1.1" 200 -
[10:49:14] "GET /api/siteinfo HTTP/1.1" 200 -
[10:49:24] "GET /api/siteinfo HTTP/1.1" 200 -
[10:49:34] "GET /api/siteinfo HTTP/1.1" 200 -
[10:49:44] "GET /api/siteinfo HTTP/1.1" 200 -
[10:49:54] "GET /api/siteinfo HTTP/1.1" 200 -
[10:50:04] "GET /api/siteinfo HTTP/1.1" 200 -
[10:50:14] "GET /api/siteinfo HTTP/1.1" 200 -
[10:50:24] "GET /api/siteinfo HTTP/1.1" 200 -
[10:50:34] "GET /api/siteinfo HTTP/1.1" 200 -
[10:50:44] "GET /api/siteinfo HTTP/1.1" 200 -
[10:50:54] "GET /api/siteinfo HTTP/1.1" 200 -
[10:51:04] "GET /api/siteinfo HTTP/1.1" 200 -
[10:51:14] "GET /api/siteinfo HTTP/1.1" 200 -
[10:51:24] "GET /api/siteinfo HTTP/1.1" 200 -
[10:51:34] "GET /api/siteinfo HTTP/1.1" 200 -
[10:51:44] "GET /api/siteinfo HTTP/1.1" 200 -
[10:51:54] "GET /api/siteinfo HTTP/1.1" 200 -
[10:52:04] "GET /api/siteinfo HTTP/1.1" 200 -
[10:52:14] "GET /api/siteinfo HTTP/1.1" 200 -
[10:52:24] "GET /api/siteinfo HTTP/1.1" 200 -
[10:52:34] "GET /api/siteinfo HTTP/1.1" 200 -
[10:52:44] "GET /api/siteinfo HTTP/1.1" 200 -
[10:52:54] "GET /api/siteinfo HTTP/1.1" 200 -
[10:53:04] "GET /api/siteinfo HTTP/1.1" 200 -
[10:53:14] "GET /api/siteinfo HTTP/1.1" 200 -
[10:53:24] "GET /api/siteinfo HTTP/1.1" 200 -
[10:53:34] "GET /api/siteinfo HTTP/1.1" 200 -
[10:53:44] "GET /api/siteinfo HTTP/1.1" 200 -
[10:53:54] "GET /api/siteinfo HTTP/1.1" 200 -
[10:54:04] "GET /api/siteinfo HTTP/1.1" 200 -
[10:54:14] "GET /api/siteinfo HTTP/1.1" 200 -
[10:54:24] "GET /api/siteinfo HTTP/1.1" 200 -
[10:54:34] "GET /api/siteinfo HTTP/1.1" 200 -
[10:54:44] "GET /api/siteinfo HTTP/1.1" 200 -
[10:54:54] "GET /api/siteinfo HTTP/1.1" 200 -
[10:55:04] "GET /api/siteinfo HTTP/1.1" 200 -
[10:55:14] "GET /api/siteinfo HTTP/1.1" 200 -
[10:55:24] "GET /api/siteinfo HTTP/1.1" 200 -
[10:55:34] "GET /api/siteinfo HTTP/1.1" 200 -
[10:55:44] "GET /api/siteinfo HTTP/1.1" 200 -
[10:55:54] "GET /api/siteinfo HTTP/1.1" 200 -
[10:56:04] "GET /api/siteinfo HTTP/1.1" 200 -
[10:56:14] "GET /api/siteinfo HTTP/1.1" 200 -
[10:56:24] "GET /api/siteinfo HTTP/1.1" 200 -
[10:56:34] "GET /api/siteinfo HTTP/1.1" 200 -
[10:56:44] "GET /api/siteinfo HTTP/1.1" 200 -
[10:56:54] "GET /api/siteinfo HTTP/1.1" 200 -
[10:57:04] "GET /api/siteinfo HTTP/1.1" 200 -
[10:57:14] "GET /api/siteinfo HTTP/1.1" 200 -
[10:57:24] "GET /api/siteinfo HTTP/1.1" 200 -
[10:57:34] "GET /api/siteinfo HTTP/1.1" 200 -
[10:57:44] "GET /api/siteinfo HTTP/1.1" 200 -
[10:57:54] "GET /api/siteinfo HTTP/1.1" 200 -
[10:58:04] "GET /api/siteinfo HTTP/1.1" 200 -
[10:58:14] "GET /api/siteinfo HTTP/1.1" 200 -
[10:58:24] "GET /api/siteinfo HTTP/1.1" 200 -
[10:58:34] "GET /api/siteinfo HTTP/1.1" 200 -
[10:58:44] "GET /api/siteinfo HTTP/1.1" 200 -
[10:58:54] "GET /api/siteinfo HTTP/1.1" 200 -
[10:59:04] "GET /api/siteinfo HTTP/1.1" 200 -
[10:59:14] "GET /api/siteinfo HTTP/1.1" 200 -
[10:59:24] "GET /api/siteinfo HTTP/1.1" 200 -
[10:59:34] "GET /api/siteinfo HTTP/1.1" 200 -
[10:59:44] "GET /api/siteinfo HTTP/1.1" 200 -
[10:59:54] "GET /api/siteinfo HTTP/1.1" 200 -
[11:00:04] "GET /api/siteinfo HTTP/1.1" 200 -
[11:00:14] "GET /api/siteinfo HTTP/1.1" 200 -
[11:00:24] "GET /api/siteinfo HTTP/1.1" 200 -
[11:00:34] "GET /api/siteinfo HTTP/1.1" 200 -
[11:00:44] "GET /api/siteinfo HTTP/1.1" 200 -
[11:00:54] "GET /api/siteinfo HTTP/1.1" 200 -
[11:01:04] "GET /api/siteinfo HTTP/1.1" 200 -
[11:01:14] "GET /api/siteinfo HTTP/1.1" 200 -
[11:01:25] "GET /api/siteinfo HTTP/1.1" 200 -
[11:01:35] "GET /api/siteinfo HTTP/1.1" 200 -
[11:01:45] "GET /api/siteinfo HTTP/1.1" 200 -
[11:01:55] "GET /api/siteinfo HTTP/1.1" 200 -
[11:02:05] "GET /api/siteinfo HTTP/1.1" 200 -
[11:02:15] "GET /api/siteinfo HTTP/1.1" 200 -
[11:02:25] "GET /api/siteinfo HTTP/1.1" 200 -
[11:02:35] "GET /api/siteinfo HTTP/1.1" 200 -
[11:02:45] "GET /api/siteinfo HTTP/1.1" 200 -
[11:02:55] "GET /api/siteinfo HTTP/1.1" 200 -
[11:03:05] "GET /api/siteinfo HTTP/1.1" 200 -
[11:03:15] "GET /api/siteinfo HTTP/1.1" 200 -
[11:03:25] "GET /api/siteinfo HTTP/1.1" 200 -
[11:03:35] "GET /api/siteinfo HTTP/1.1" 200 -
[11:03:45] "GET /api/siteinfo HTTP/1.1" 200 -
[11:03:55] "GET /api/siteinfo HTTP/1.1" 200 -
[11:04:05] "GET /api/siteinfo HTTP/1.1" 200 -
[11:04:15] "GET /api/siteinfo HTTP/1.1" 200 -
[11:04:25] "GET /api/siteinfo HTTP/1.1" 200 -
[11:04:35] "GET /api/siteinfo HTTP/1.1" 200 -
[11:04:45] "GET /api/siteinfo HTTP/1.1" 200 -
[11:04:55] "GET /api/siteinfo HTTP/1.1" 200 -
[11:05:05] "GET /api/siteinfo HTTP/1.1" 200 -
[11:05:15] "GET /api/siteinfo HTTP/1.1" 200 -
[11:05:25] "GET /api/siteinfo HTTP/1.1" 200 -
[11:05:35] "GET /api/siteinfo HTTP/1.1" 200 -
[11:05:45] "GET /api/siteinfo HTTP/1.1" 200 -
[11:05:55] "GET /api/siteinfo HTTP/1.1" 200 -
[11:06:05] "GET /api/siteinfo HTTP/1.1" 200 -
[11:06:15] "GET /api/siteinfo HTTP/1.1" 200 -
[11:06:25] "GET /api/siteinfo HTTP/1.1" 200 -
[11:06:35] "GET /api/siteinfo HTTP/1.1" 200 -
[11:06:45] "GET /api/siteinfo HTTP/1.1" 200 -
[11:06:55] "GET /api/siteinfo HTTP/1.1" 200 -
[11:07:05] "GET /api/siteinfo HTTP/1.1" 200 -
[11:07:15] "GET /api/siteinfo HTTP/1.1" 200 -
[11:07:25] "GET /api/siteinfo HTTP/1.1" 200 -
[11:07:35] "GET /api/siteinfo HTTP/1.1" 200 -
[11:07:45] "GET /api/siteinfo HTTP/1.1" 200 -
[11:07:55] "GET /api/siteinfo HTTP/1.1" 200 -
[11:08:05] "GET /api/siteinfo HTTP/1.1" 200 -
[11:08:15] "GET /api/siteinfo HTTP/1.1" 200 -
[11:08:25] "GET /api/siteinfo HTTP/1.1" 200 -
[11:08:35] "GET /api/siteinfo HTTP/1.1" 200 -
[11:08:45] "GET /api/siteinfo HTTP/1.1" 200 -
[11:08:55] "GET /api/siteinfo HTTP/1.1" 200 -
[11:09:05] "GET /api/siteinfo HTTP/1.1" 200 -
[11:09:15] "GET /api/siteinfo HTTP/1.1" 200 -
[11:09:25] "GET /api/siteinfo HTTP/1.1" 200 -
[11:09:35] "GET /api/siteinfo HTTP/1.1" 200 -
[11:09:45] "GET /api/siteinfo HTTP/1.1" 200 -
[11:09:55] "GET /api/siteinfo HTTP/1.1" 200 -
[11:10:05] "GET /api/siteinfo HTTP/1.1" 200 -
[11:10:15] "GET /api/siteinfo HTTP/1.1" 200 -
[11:10:25] "GET /api/siteinfo HTTP/1.1" 200 -
[11:10:35] "GET /api/siteinfo HTTP/1.1" 200 -
[11:10:45] "GET /api/siteinfo HTTP/1.1" 200 -
[11:10:55] "GET /api/siteinfo HTTP/1.1" 200 -
[11:11:05] "GET /api/siteinfo HTTP/1.1" 200 -
[11:11:15] "GET /api/siteinfo HTTP/1.1" 200 -
[11:11:25] "GET /api/siteinfo HTTP/1.1" 200 -
[11:11:35] "GET /api/siteinfo HTTP/1.1" 200 -
[11:11:45] "GET /api/siteinfo HTTP/1.1" 200 -
[11:11:55] "GET /api/siteinfo HTTP/1.1" 200 -
[11:12:05] "GET /api/siteinfo HTTP/1.1" 200 -
[11:12:15] "GET /api/siteinfo HTTP/1.1" 200 -
[11:12:25] "GET /api/siteinfo HTTP/1.1" 200 -
[11:12:35] "GET /api/siteinfo HTTP/1.1" 200 -
[11:12:45] "GET /api/siteinfo HTTP/1.1" 200 -
[11:12:55] "GET /api/siteinfo HTTP/1.1" 200 -
[11:13:05] "GET /api/siteinfo HTTP/1.1" 200 -
[11:13:15] "GET /api/siteinfo HTTP/1.1" 200 -
[11:13:25] "GET /api/siteinfo HTTP/1.1" 200 -
[11:13:35] "GET /api/siteinfo HTTP/1.1" 200 -
[11:13:45] "GET /api/siteinfo HTTP/1.1" 200 -
[11:13:55] "GET /api/siteinfo HTTP/1.1" 200 -
[11:14:05] "GET /api/siteinfo HTTP/1.1" 200 -
[11:14:15] "GET /api/siteinfo HTTP/1.1" 200 -
[11:14:25] "GET /api/siteinfo HTTP/1.1" 200 -
[11:14:35] "GET /api/siteinfo HTTP/1.1" 200 -
[11:14:45] "GET /api/siteinfo HTTP/1.1" 200 -
[11:14:56] "GET /api/siteinfo HTTP/1.1" 200 -
[11:15:06] "GET /api/siteinfo HTTP/1.1" 200 -
[11:15:16] "GET /api/siteinfo HTTP/1.1" 200 -
[11:15:26] "GET /api/siteinfo HTTP/1.1" 200 -
[11:15:36] "GET /api/siteinfo HTTP/1.1" 200 -
[11:15:46] "GET /api/siteinfo HTTP/1.1" 200 -
[11:15:56] "GET /api/siteinfo HTTP/1.1" 200 -
[11:16:06] "GET /api/siteinfo HTTP/1.1" 200 -
[11:16:16] "GET /api/siteinfo HTTP/1.1" 200 -
[11:16:26] "GET /api/siteinfo HTTP/1.1" 200 -
[11:16:36] "GET /api/siteinfo HTTP/1.1" 200 -
[11:16:46] "GET /api/siteinfo HTTP/1.1" 200 -
[11:16:56] "GET /api/siteinfo HTTP/1.1" 200 -
[11:17:06] "GET /api/siteinfo HTTP/1.1" 200 -
[11:17:16] "GET /api/siteinfo HTTP/1.1" 200 -
[11:17:26] "GET /api/siteinfo HTTP/1.1" 200 -
[11:17:36] "GET /api/siteinfo HTTP/1.1" 200 -
[11:17:46] "GET /api/siteinfo HTTP/1.1" 200 -
[11:17:56] "GET /api/siteinfo HTTP/1.1" 200 -
[11:18:06] "GET /api/siteinfo HTTP/1.1" 200 -
[11:18:16] "GET /api/siteinfo HTTP/1.1" 200 -
[11:18:26] "GET /api/siteinfo HTTP/1.1" 200 -
[11:18:36] "GET /api/siteinfo HTTP/1.1" 200 -
[11:18:46] "GET /api/siteinfo HTTP/1.1" 200 -
[11:18:56] "GET /api/siteinfo HTTP/1.1" 200 -
[11:19:06] "GET /api/siteinfo HTTP/1.1" 200 -
[11:19:16] "GET /api/siteinfo HTTP/1.1" 200 -
[11:19:26] "GET /api/siteinfo HTTP/1.1" 200 -
[11:19:36] "GET /api/siteinfo HTTP/1.1" 200 -
[11:19:46] "GET /api/siteinfo HTTP/1.1" 200 -
[11:19:56] "GET /api/siteinfo HTTP/1.1" 200 -
[11:20:06] "GET /api/siteinfo HTTP/1.1" 200 -
[11:20:16] "GET /api/siteinfo HTTP/1.1" 200 -
[11:20:26] "GET /api/siteinfo HTTP/1.1" 200 -
[11:20:36] "GET /api/siteinfo HTTP/1.1" 200 -
[11:20:46] "GET /api/siteinfo HTTP/1.1" 200 -
[11:20:56] "GET /api/siteinfo HTTP/1.1" 200 -
[11:21:06] "GET /api/siteinfo HTTP/1.1" 200 -
[11:21:16] "GET /api/siteinfo HTTP/1.1" 200 -
[11:21:26] "GET /api/siteinfo HTTP/1.1" 200 -
[11:21:36] "GET /api/siteinfo HTTP/1.1" 200 -
[11:21:46] "GET /api/siteinfo HTTP/1.1" 200 -
[11:21:56] "GET /api/siteinfo HTTP/1.1" 200 -
[11:22:06] "GET /api/siteinfo HTTP/1.1" 200 -
[11:22:16] "GET /api/siteinfo HTTP/1.1" 200 -
[11:22:26] "GET /api/siteinfo HTTP/1.1" 200 -
[11:22:36] "GET /api/siteinfo HTTP/1.1" 200 -
[11:22:46] "GET /api/siteinfo HTTP/1.1" 200 -
[11:22:56] "GET /api/siteinfo HTTP/1.1" 200 -
[11:23:06] "GET /api/siteinfo HTTP/1.1" 200 -
[11:23:16] "GET /api/siteinfo HTTP/1.1" 200 -
[11:23:26] "GET /api/siteinfo HTTP/1.1" 200 -
[11:23:36] "GET /api/siteinfo HTTP/1.1" 200 -
[11:23:46] "GET /api/siteinfo HTTP/1.1" 200 -
[11:23:56] "GET /api/siteinfo HTTP/1.1" 200 -
[11:24:06] "GET /api/siteinfo HTTP/1.1" 200 -
[11:24:16] "GET /api/siteinfo HTTP/1.1" 200 -
[11:24:26] "GET /api/siteinfo HTTP/1.1" 200 -
[11:24:36] "GET /api/siteinfo HTTP/1.1" 200 -
[11:24:46] "GET /api/siteinfo HTTP/1.1" 200 -
[11:24:56] "GET /api/siteinfo HTTP/1.1" 200 -
[11:25:06] "GET /api/siteinfo HTTP/1.1" 200 -
[11:25:16] "GET /api/siteinfo HTTP/1.1" 200 -
[11:25:26] "GET /api/siteinfo HTTP/1.1" 200 -
[11:25:36] "GET /api/siteinfo HTTP/1.1" 200 -============================================================
  FENEMOF - Site web démarré
  Ouvrez le site : http://localhost:8000
  Sur un autre appareil du même réseau, utilisez l'adresse IP de ce PC
  Espace créateur : http://localhost:8000/createur
  Appuyez sur Ctrl+C pour arrêter.
============================================================
[12:41:44] "GET /api/siteinfo HTTP/1.1" 200 -
[12:41:54] "GET /api/siteinfo HTTP/1.1" 200 -
[12:42:04] "GET /api/siteinfo HTTP/1.1" 200 -
[12:42:14] "GET /api/siteinfo HTTP/1.1" 200 -
[12:42:24] "GET /api/siteinfo HTTP/1.1" 200 -
[12:42:34] "GET /api/siteinfo HTTP/1.1" 200 -
[12:42:44] "GET /api/siteinfo HTTP/1.1" 200 -
[12:42:54] "GET /api/siteinfo HTTP/1.1" 200 -
[12:43:04] "GET /api/siteinfo HTTP/1.1" 200 -
[12:43:14] "GET /api/siteinfo HTTP/1.1" 200 -
[12:43:24] "GET /api/siteinfo HTTP/1.1" 200 -
[12:43:34] "GET /api/siteinfo HTTP/1.1" 200 -
[12:43:44] "GET /api/siteinfo HTTP/1.1" 200 -
[12:43:54] "GET /api/siteinfo HTTP/1.1" 200 -
[12:44:04] "GET /api/siteinfo HTTP/1.1" 200 -
[12:44:14] "GET /api/siteinfo HTTP/1.1" 200 -
[12:44:24] "GET /api/siteinfo HTTP/1.1" 200 -
[12:44:34] "GET /api/siteinfo HTTP/1.1" 200 -
[12:44:44] "GET /api/siteinfo HTTP/1.1" 200 -
[12:44:54] "GET /api/siteinfo HTTP/1.1" 200 -
[12:45:04] "GET /api/siteinfo HTTP/1.1" 200 -
[12:45:14] "GET /api/siteinfo HTTP/1.1" 200 -
[12:45:24] "GET /api/siteinfo HTTP/1.1" 200 -
[12:45:34] "GET /api/siteinfo HTTP/1.1" 200 -
[12:45:44] "GET /api/siteinfo HTTP/1.1" 200 -
[12:45:54] "GET /api/siteinfo HTTP/1.1" 200 -
[12:46:04] "GET /api/siteinfo HTTP/1.1" 200 -
[12:46:14] "GET /api/siteinfo HTTP/1.1" 200 -
[12:46:24] "GET /api/siteinfo HTTP/1.1" 200 -
[12:46:34] "GET /api/siteinfo HTTP/1.1" 200 -
[12:46:45] "GET /api/siteinfo HTTP/1.1" 200 -
[12:46:55] "GET /api/siteinfo HTTP/1.1" 200 -
[12:47:05] "GET /api/siteinfo HTTP/1.1" 200 -
[12:47:15] "GET /api/siteinfo HTTP/1.1" 200 -
[12:47:25] "GET /api/siteinfo HTTP/1.1" 200 -
[12:47:35] "GET /api/siteinfo HTTP/1.1" 200 -
[12:47:45] "GET /api/siteinfo HTTP/1.1" 200 -
[12:47:55] "GET /api/siteinfo HTTP/1.1" 200 -
[12:48:05] "GET /api/siteinfo HTTP/1.1" 200 -
[12:48:15] "GET /api/siteinfo HTTP/1.1" 200 -
[12:48:25] "GET /api/siteinfo HTTP/1.1" 200 -
[12:48:35] "GET /api/siteinfo HTTP/1.1" 200 -
[12:48:45] "GET /api/siteinfo HTTP/1.1" 200 -
[12:48:55] "GET /api/siteinfo HTTP/1.1" 200 -
[12:49:05] "GET /api/siteinfo HTTP/1.1" 200 -
[12:49:15] "GET /api/siteinfo HTTP/1.1" 200 -
[12:49:25] "GET /api/siteinfo HTTP/1.1" 200 -
[12:49:35] "GET /api/siteinfo HTTP/1.1" 200 -
[12:49:42] "GET / HTTP/1.1" 200 -
[12:49:45] "GET /api/siteinfo HTTP/1.1" 200 -
[12:49:55] "GET /api/siteinfo HTTP/1.1" 200 -
[12:50:05] "GET /api/siteinfo HTTP/1.1" 200 -
[12:50:15] "GET /api/siteinfo HTTP/1.1" 200 -
[12:50:25] "GET /api/siteinfo HTTP/1.1" 200 -
[12:50:35] "GET /api/siteinfo HTTP/1.1" 200 -
[12:50:45] "GET /api/siteinfo HTTP/1.1" 200 -
[12:50:55] "GET /api/siteinfo HTTP/1.1" 200 -
[12:51:05] "GET /api/siteinfo HTTP/1.1" 200 -
[12:51:15] "GET /api/siteinfo HTTP/1.1" 200 -
[12:51:25] "GET /api/siteinfo HTTP/1.1" 200 -
[12:51:35] "GET /api/siteinfo HTTP/1.1" 200 -
[12:51:45] "GET /api/siteinfo HTTP/1.1" 200 -
[12:51:55] "GET /api/siteinfo HTTP/1.1" 200 -
[12:52:05] "GET /api/siteinfo HTTP/1.1" 200 -
[12:52:15] "GET /api/siteinfo HTTP/1.1" 200 -
[12:52:25] "GET /api/siteinfo HTTP/1.1" 200 -
[12:52:35] "GET /api/siteinfo HTTP/1.1" 200 -
[12:52:45] "GET /api/siteinfo HTTP/1.1" 200 -
[12:52:55] "GET /api/siteinfo HTTP/1.1" 200 -
[12:53:05] "GET /api/siteinfo HTTP/1.1" 200 -
[12:53:14] "GET / HTTP/1.1" 200 -
[12:53:14] "GET /img/cosudo-logo.svg HTTP/1.1" 200 -
[12:53:14] "GET /style.css?v=20261030 HTTP/1.1" 200 -
[12:53:14] "GET /img/accueil-fond.jpg HTTP/1.1" 200 -
[12:53:15] "GET /app.js?v=20261030 HTTP/1.1" 200 -
[12:53:15] "GET /api/siteinfo HTTP/1.1" 200 -
[12:53:15] "GET /api/siteinfo HTTP/1.1" 200 -
[12:53:15] "GET /api/siteinfo HTTP/1.1" 200 -
[12:53:15] "GET /uploads/cosudo_logo/cosudo_logo.jpeg HTTP/1.1" 200 -
[12:53:15] "GET /uploads/logo/logo.png HTTP/1.1" 200 -
[12:53:24] "GET /cosudo HTTP/1.1" 200 -
[12:53:24] "GET /style.css?v=20261030 HTTP/1.1" 200 -
[12:53:24] "GET /img/cosudo-logo.svg HTTP/1.1" 200 -
[12:53:24] "GET /cosudo.css?v=20261030 HTTP/1.1" 200 -
[12:53:24] "GET /cosudo.js?v=20261030 HTTP/1.1" 200 -
[12:53:24] "GET /api/siteinfo HTTP/1.1" 200 -
[12:53:25] "GET /uploads/cosudo_logo/cosudo_logo.jpeg HTTP/1.1" 200 -
[12:53:25] "GET /api/siteinfo HTTP/1.1" 200 -
[12:53:35] "GET /api/siteinfo HTTP/1.1" 200 -
[12:53:45] "GET /api/siteinfo HTTP/1.1" 200 -
[12:53:55] "GET /api/siteinfo HTTP/1.1" 200 -
[12:54:05] "GET /api/siteinfo HTTP/1.1" 200 -
[12:54:15] "GET /api/siteinfo HTTP/1.1" 200 -
[12:54:17] "POST /api/register-cosudo HTTP/1.1" 200 -
[12:54:18] "GET /paiement?type=cosudo&section=universite&tel=061916889&recu=d1bffd47-dd4d-4bc6-a9fc-2c629c5329d6 HTTP/1.1" 200 -
[12:54:18] "GET /style.css?v=20261030 HTTP/1.1" 200 -
[12:54:18] "GET /paiement.js?v=20261030 HTTP/1.1" 200 -
[12:54:18] "GET /api/siteinfo HTTP/1.1" 200 -
[12:54:18] code 404, message Fichier introuvable
[12:54:18] "GET /img/eleves-hero.jpg HTTP/1.1" 404 -
[12:54:18] "GET /api/cosudo-etablissement?telephone=061916889 HTTP/1.1" 200 -
[12:54:19] "GET /uploads/logo/logo.png HTTP/1.1" 200 -
[12:54:20] "POST /api/confirm-payment HTTP/1.1" 200 -
[12:54:21] "GET /cosudo?tel=061916889 HTTP/1.1" 200 -
[12:54:21] "GET /cosudo.css?v=20261030 HTTP/1.1" 200 -
[12:54:21] "GET /style.css?v=20261030 HTTP/1.1" 200 -
[12:54:21] "GET /img/cosudo-logo.svg HTTP/1.1" 200 -
[12:54:21] "GET /cosudo.js?v=20261030 HTTP/1.1" 200 -
[12:54:22] "GET /api/siteinfo HTTP/1.1" 200 -
[12:54:22] "GET /uploads/cosudo_logo/cosudo_logo.jpeg HTTP/1.1" 200 -
[12:54:22] "GET /api/cosudo-etablissement?telephone=061916889 HTTP/1.1" 200 -
[12:54:25] "GET /api/siteinfo HTTP/1.1" 200 -
[12:54:34] "GET /api/cosudo-etablissement?telephone=061916889 HTTP/1.1" 200 -
[12:54:35] "GET /api/siteinfo HTTP/1.1" 200 -
[12:54:37] "GET /paiement?type=cosudo&section=universite&tel=061916889&recu=d1bffd47-dd4d-4bc6-a9fc-2c629c5329d6 HTTP/1.1" 200 -
[12:54:37] "GET /paiement.js?v=20261030 HTTP/1.1" 200 -
[12:54:37] "GET /style.css?v=20261030 HTTP/1.1" 200 -
[12:54:37] "GET /uploads/logo/logo.png HTTP/1.1" 200 -
[12:54:38] "GET /cosudo?tel=061916889 HTTP/1.1" 200 -
[12:54:38] "GET /style.css?v=20261030 HTTP/1.1" 200 -
[12:54:38] "GET /img/cosudo-logo.svg HTTP/1.1" 200 -
[12:54:38] "GET /cosudo.css?v=20261030 HTTP/1.1" 200 -
[12:54:38] "GET /cosudo.js?v=20261030 HTTP/1.1" 200 -
[12:54:39] "GET /cosudo HTTP/1.1" 200 -
[12:54:39] "GET /style.css?v=20261030 HTTP/1.1" 200 -
[12:54:39] "GET /cosudo.css?v=20261030 HTTP/1.1" 200 -
[12:54:39] "GET /cosudo.js?v=20261030 HTTP/1.1" 200 -
[12:54:39] "GET /api/siteinfo HTTP/1.1" 200 -
[12:54:39] "GET /uploads/cosudo_logo/cosudo_logo.jpeg HTTP/1.1" 200 -
[12:54:45] "GET /api/siteinfo HTTP/1.1" 200 -
[12:54:46] "GET / HTTP/1.1" 200 -
[12:54:46] "GET /style.css?v=20261030 HTTP/1.1" 200 -
[12:54:46] "GET /app.js?v=20261030 HTTP/1.1" 200 -
[12:54:47] "GET /img/accueil-fond.jpg HTTP/1.1" 200 -
[12:54:47] "GET /uploads/logo/logo.png HTTP/1.1" 200 -
[12:54:55] "GET /api/siteinfo HTTP/1.1" 200 -
[12:55:05] "GET /api/siteinfo HTTP/1.1" 200 -
[12:55:15] "GET /api/siteinfo HTTP/1.1" 200 -
[12:55:25] "GET /api/siteinfo HTTP/1.1" 200 -
[12:55:35] "GET /api/siteinfo HTTP/1.1" 200 -
[12:55:45] "GET /api/siteinfo HTTP/1.1" 200 -
[12:55:55] "GET /api/siteinfo HTTP/1.1" 200 -
[12:56:05] "GET /api/siteinfo HTTP/1.1" 200 -
[12:56:15] "GET /api/siteinfo HTTP/1.1" 200 -
[12:56:25] "GET /api/siteinfo HTTP/1.1" 200 -
[12:56:35] "GET /api/siteinfo HTTP/1.1" 200 -
[12:56:45] "GET /api/siteinfo HTTP/1.1" 200 -
[12:56:55] "GET /api/siteinfo HTTP/1.1" 200 -
[12:57:05] "GET /api/siteinfo HTTP/1.1" 200 -
[12:57:14] "POST /api/register-cosudo HTTP/1.1" 200 -
[12:57:14] "GET /api/cosudo-etablissement?telephone=0677889900 HTTP/1.1" 200 -
[12:57:15] "POST /api/set-statut HTTP/1.1" 401 -
[12:57:15] "GET /api/siteinfo HTTP/1.1" 200 -
[12:57:16] "GET /api/cosudo-etablissement?telephone=0677889900 HTTP/1.1" 200 -C:\sedec1\Default Project\fenemof\server\server.py:442: DeprecationWarning: Image.Image.getdata is deprecated and will be removed in Pillow 14 (2027-10-15). Use get_flattened_data instead.
  px = list(small.getdata())

[12:57:16] "POST /api/set-statut HTTP/1.1" 401 -
[12:57:17] "GET /api/cosudo-etablissement?telephone=0677889900 HTTP/1.1" 200 -
[12:57:25] "GET /api/siteinfo HTTP/1.1" 200 -
[12:57:35] "GET /api/siteinfo HTTP/1.1" 200 -
[12:57:40] "POST /api/register-cosudo HTTP/1.1" 200 -
[12:57:40] "GET /api/cosudo-etablissement?telephone=0677889901 HTTP/1.1" 200 -
[12:57:40] "POST /api/login HTTP/1.1" 401 -
[12:57:40] "POST /api/set-statut HTTP/1.1" 401 -
[12:57:41] "GET /api/cosudo-etablissement?telephone=0677889901 HTTP/1.1" 200 -
[12:57:45] "GET /api/siteinfo HTTP/1.1" 200 -
[12:57:55] "GET /api/siteinfo HTTP/1.1" 200 -
[12:58:06] "POST /api/register-cosudo HTTP/1.1" 200 -
[12:58:06] "GET /api/siteinfo HTTP/1.1" 200 -
[12:58:06] "GET /api/cosudo-etablissement?telephone=0677889902 HTTP/1.1" 200 -
[12:58:06] "POST /api/login HTTP/1.1" 200 -
[12:58:06] "POST /api/set-statut HTTP/1.1" 401 -
[12:58:07] "GET /api/cosudo-etablissement?telephone=0677889902 HTTP/1.1" 200 -
[12:58:16] "GET /api/siteinfo HTTP/1.1" 200 -
[12:58:26] "GET /api/siteinfo HTTP/1.1" 200 -
[12:58:36] "GET /api/siteinfo HTTP/1.1" 200 -
[12:58:46] "GET /api/siteinfo HTTP/1.1" 200 -
[12:58:49] "POST /api/register-cosudo HTTP/1.1" 200 -
[12:58:49] "GET /api/cosudo-etablissement?telephone=0677889903 HTTP/1.1" 200 -
[12:58:49] "POST /api/login HTTP/1.1" 200 -
[12:58:49] "POST /api/set-statut HTTP/1.1" 200 -
[12:58:50] "GET /api/cosudo-etablissement?telephone=0677889903 HTTP/1.1" 200 -
[12:58:56] "GET /api/siteinfo HTTP/1.1" 200 -
[12:59:06] "GET /api/siteinfo HTTP/1.1" 200 -
[12:59:16] "GET /api/siteinfo HTTP/1.1" 200 -
[12:59:19] "GET /createur HTTP/1.1" 200 -
[12:59:19] "GET /style.css?v=20261029 HTTP/1.1" 200 -
[12:59:19] "GET /creator.css HTTP/1.1" 200 -
[12:59:19] "GET /creator.js?v=20261029 HTTP/1.1" 200 -
[12:59:19] "GET /api/registrations HTTP/1.1" 401 -
[12:59:19] code 404, message Fichier introuvable
[12:59:19] "GET /favicon.ico HTTP/1.1" 404 -
[12:59:20] "POST /api/login HTTP/1.1" 200 -
[12:59:21] "GET /api/announcements HTTP/1.1" 200 -
[12:59:21] "GET /api/registrations HTTP/1.1" 200 -
[12:59:21] "GET /api/cosudo-registrations HTTP/1.1" 200 -
[12:59:21] "GET /api/partner-requests HTTP/1.1" 200 -
[12:59:21] "GET /api/historique HTTP/1.1" 200 -
[12:59:21] "GET /api/siteinfo HTTP/1.1" 200 -
[12:59:21] "GET /api/siteinfo HTTP/1.1" 200 -
[12:59:21] "GET /api/siteinfo HTTP/1.1" 200 -
[12:59:22] "GET /api/siteinfo HTTP/1.1" 200 -
[12:59:22] "GET /api/siteinfo HTTP/1.1" 200 -
[12:59:22] "GET /api/siteinfo HTTP/1.1" 200 -
[12:59:23] "GET /api/siteinfo HTTP/1.1" 200 -
[12:59:23] "GET /api/siteinfo HTTP/1.1" 200 -
[12:59:23] "GET /api/siteinfo HTTP/1.1" 200 -
[12:59:24] "GET /uploads/cosudo/cosudo_20260823100217_eca18c.jpeg HTTP/1.1" 200 -
[12:59:24] "GET /api/siteinfo HTTP/1.1" 200 -
[12:59:24] "GET /uploads/cosudo_logo/cosudo_logo.jpeg?t=1787659162200 HTTP/1.1" 200 -
[12:59:24] "GET /api/siteinfo HTTP/1.1" 200 -
[12:59:24] "GET /uploads/logo/logo.png HTTP/1.1" 200 -
[12:59:24] "GET /api/siteinfo HTTP/1.1" 200 -
[12:59:25] "GET /api/siteinfo HTTP/1.1" 200 -
[12:59:25] "GET /api/siteinfo HTTP/1.1" 200 -
[12:59:26] "GET /api/siteinfo HTTP/1.1" 200 -
[12:59:36] "GET /api/siteinfo HTTP/1.1" 200 -
[12:59:36] "POST /api/upload-background HTTP/1.1" 200 -
[12:59:36] "GET /uploads/background/bg.png?t=1787659176772 HTTP/1.1" 200 -
[12:59:46] "GET /api/siteinfo HTTP/1.1" 200 -
[12:59:56] "GET /api/siteinfo HTTP/1.1" 200 -
[13:00:06] "GET /api/siteinfo HTTP/1.1" 200 -
[13:00:16] "GET /api/siteinfo HTTP/1.1" 200 -
[13:00:26] "GET /api/siteinfo HTTP/1.1" 200 -
[13:00:36] "GET /api/siteinfo HTTP/1.1" 200 -
[13:00:46] "GET /api/siteinfo HTTP/1.1" 200 -
[13:00:56] "GET /api/siteinfo HTTP/1.1" 200 -
[13:01:06] "GET /api/siteinfo HTTP/1.1" 200 -
[13:01:16] "GET /api/siteinfo HTTP/1.1" 200 -
[13:01:26] "GET /api/siteinfo HTTP/1.1" 200 -
[13:01:36] "GET /api/siteinfo HTTP/1.1" 200 -
[13:01:46] "GET /api/siteinfo HTTP/1.1" 200 -
[13:01:46] "GET /cosudo HTTP/1.1" 200 -
[13:01:46] "GET /style.css?v=20261030 HTTP/1.1" 200 -
[13:01:46] "GET /cosudo.css?v=20261030 HTTP/1.1" 200 -
[13:01:46] "GET /img/cosudo-logo.svg HTTP/1.1" 200 -
[13:01:46] "GET /cosudo.js?v=20261030 HTTP/1.1" 200 -
[13:01:47] "GET /api/siteinfo HTTP/1.1" 200 -
[13:01:47] "GET /uploads/cosudo_logo/cosudo_logo.jpeg HTTP/1.1" 200 -
[13:01:56] "GET /api/siteinfo HTTP/1.1" 200 -
[13:02:06] "GET /api/siteinfo HTTP/1.1" 200 -
[13:02:16] "GET /api/siteinfo HTTP/1.1" 200 -
[13:02:24] "POST /api/register-cosudo HTTP/1.1" 200 -
[13:02:24] "GET /paiement?type=cosudo&section=lycee&tel=061916889&recu=d53b8c80-e1c2-486d-ac1b-ed9432b7db5a HTTP/1.1" 200 -
[13:02:24] "GET /style.css?v=20261030 HTTP/1.1" 200 -
[13:02:25] "GET /paiement.js?v=20261030 HTTP/1.1" 200 -
[13:02:25] "GET /api/siteinfo HTTP/1.1" 200 -
[13:02:25] code 404, message Fichier introuvable
[13:02:25] "GET /img/eleves-hero.jpg HTTP/1.1" 404 -
[13:02:25] "GET /api/cosudo-etablissement?telephone=061916889 HTTP/1.1" 200 -
[13:02:25] "GET /uploads/logo/logo.png HTTP/1.1" 200 -
[13:02:26] "GET /api/siteinfo HTTP/1.1" 200 -
[13:02:26] "POST /api/confirm-payment HTTP/1.1" 200 -
[13:02:28] "GET /cosudo?tel=061916889 HTTP/1.1" 200 -
[13:02:28] "GET /cosudo.css?v=20261030 HTTP/1.1" 200 -
[13:02:28] "GET /cosudo.js?v=20261030 HTTP/1.1" 200 -
[13:02:28] "GET /style.css?v=20261030 HTTP/1.1" 200 -
[13:02:28] "GET /img/cosudo-logo.svg HTTP/1.1" 200 -
[13:02:29] "GET /api/siteinfo HTTP/1.1" 200 -
[13:02:29] "GET /uploads/cosudo_logo/cosudo_logo.jpeg HTTP/1.1" 200 -
[13:02:30] "GET /api/cosudo-etablissement?telephone=061916889 HTTP/1.1" 200 -
[13:02:36] "GET /api/siteinfo HTTP/1.1" 200 -
[13:02:42] "GET /api/cosudo-etablissement?telephone=061916889 HTTP/1.1" 200 -
[13:02:42] "GET /api/cosudo-etablissement?telephone=061916889 HTTP/1.1" 200 -
[13:02:43] "GET /api/cosudo-etablissement?telephone=061916889 HTTP/1.1" 200 -
[13:02:46] "GET /api/siteinfo HTTP/1.1" 200 -
[13:02:56] "GET /api/siteinfo HTTP/1.1" 200 -
[13:02:56] "POST /api/remove-background HTTP/1.1" 200 -
[13:03:06] "POST /api/delete-cosudo-registration HTTP/1.1" 200 -
[13:03:06] "GET /api/siteinfo HTTP/1.1" 200 -
[13:03:06] "GET /api/cosudo-registrations HTTP/1.1" 200 -
[13:03:16] "POST /api/delete-cosudo-registration HTTP/1.1" 200 -
[13:03:16] "GET /api/cosudo-registrations HTTP/1.1" 200 -
[13:03:16] "GET /api/siteinfo HTTP/1.1" 200 -
[13:03:21] "POST /api/delete-cosudo-registration HTTP/1.1" 200 -
[13:03:21] "GET /api/cosudo-registrations HTTP/1.1" 200 -
[13:03:26] "GET /api/siteinfo HTTP/1.1" 200 -
[13:03:36] "GET /api/siteinfo HTTP/1.1" 200 -
[13:03:46] "GET /api/siteinfo HTTP/1.1" 200 -
[13:03:56] "GET /api/siteinfo HTTP/1.1" 200 -
[13:04:06] "GET /api/siteinfo HTTP/1.1" 200 -
[13:04:16] "GET /api/siteinfo HTTP/1.1" 200 -
[13:04:26] "GET /api/siteinfo HTTP/1.1" 200 -
[13:04:36] "GET /api/siteinfo HTTP/1.1" 200 -
[13:04:46] "GET /api/siteinfo HTTP/1.1" 200 -
[13:04:56] "GET /api/siteinfo HTTP/1.1" 200 -
[13:05:06] "POST /api/delete-cosudo-registration HTTP/1.1" 200 -
[13:05:06] "GET /api/cosudo-registrations HTTP/1.1" 200 -
[13:05:06] "GET /api/siteinfo HTTP/1.1" 200 -
[13:05:11] "POST /api/delete-cosudo-registration HTTP/1.1" 200 -
[13:05:11] "GET /api/cosudo-registrations HTTP/1.1" 200 -
[13:05:16] "GET /api/siteinfo HTTP/1.1" 200 -
[13:05:17] "POST /api/delete-cosudo-registration HTTP/1.1" 200 -
[13:05:17] "GET /api/cosudo-registrations HTTP/1.1" 200 -
[13:05:23] "POST /api/delete-cosudo-registration HTTP/1.1" 200 -
[13:05:23] "GET /api/cosudo-registrations HTTP/1.1" 200 -
[13:05:26] "GET /api/siteinfo HTTP/1.1" 200 -
[13:05:32] "POST /api/delete-cosudo-registration HTTP/1.1" 200 -
[13:05:33] "GET /api/cosudo-registrations HTTP/1.1" 200 -
[13:05:36] "GET /api/siteinfo HTTP/1.1" 200 -
[13:05:37] "POST /api/delete-cosudo-registration HTTP/1.1" 200 -
[13:05:37] "GET /api/cosudo-registrations HTTP/1.1" 200 -
[13:05:46] "POST /api/delete-cosudo-registration HTTP/1.1" 200 -
[13:05:46] "GET /api/cosudo-registrations HTTP/1.1" 200 -
[13:05:46] "GET /api/siteinfo HTTP/1.1" 200 -
[13:05:51] "POST /api/delete-cosudo-registration HTTP/1.1" 200 -============================================================
  FENEMOF - Site web démarré
  Ouvrez le site : http://localhost:8000
  Sur un autre appareil du même réseau, utilisez l'adresse IP de ce PC
  Espace créateur : http://localhost:8000/createur
  Appuyez sur Ctrl+C pour arrêter.
============================================================
[01:17:37] "GET /api/siteinfo HTTP/1.1" 200 -
[01:17:47] "GET /api/siteinfo HTTP/1.1" 200 -
[01:17:57] "GET /api/siteinfo HTTP/1.1" 200 -
[01:18:07] "GET /api/siteinfo HTTP/1.1" 200 -
[01:18:17] "GET /api/siteinfo HTTP/1.1" 200 -
[01:18:27] "GET /api/siteinfo HTTP/1.1" 200 -
[01:18:37] "GET /api/siteinfo HTTP/1.1" 200 -
[01:18:47] "GET /api/siteinfo HTTP/1.1" 200 -
[01:18:57] "GET /api/siteinfo HTTP/1.1" 200 -
[01:19:07] "GET /api/siteinfo HTTP/1.1" 200 -
[01:19:17] "GET /api/siteinfo HTTP/1.1" 200 -
[01:19:27] "GET /api/siteinfo HTTP/1.1" 200 -
[01:19:37] "GET /api/siteinfo HTTP/1.1" 200 -
[01:19:47] "GET /api/siteinfo HTTP/1.1" 200 -
[01:19:57] "GET /api/siteinfo HTTP/1.1" 200 -
[01:20:07] "GET /api/siteinfo HTTP/1.1" 200 -
[01:20:17] "GET /api/siteinfo HTTP/1.1" 200 -
[01:20:27] "GET /api/siteinfo HTTP/1.1" 200 -
[01:20:37] "GET /api/siteinfo HTTP/1.1" 200 -
[01:20:47] "GET /api/siteinfo HTTP/1.1" 200 -
[01:20:57] "GET /api/siteinfo HTTP/1.1" 200 -
[01:21:07] "GET /api/siteinfo HTTP/1.1" 200 -
[01:21:17] "GET /api/siteinfo HTTP/1.1" 200 -
[01:21:27] "GET /api/siteinfo HTTP/1.1" 200 -
[01:21:37] "GET /api/siteinfo HTTP/1.1" 200 -
[01:21:47] "GET /api/siteinfo HTTP/1.1" 200 -
[01:21:57] "GET /api/siteinfo HTTP/1.1" 200 -
[01:22:07] "GET /api/siteinfo HTTP/1.1" 200 -
[01:22:17] "GET /api/siteinfo HTTP/1.1" 200 -
[01:22:27] "GET /api/siteinfo HTTP/1.1" 200 -
[01:22:37] "GET /api/siteinfo HTTP/1.1" 200 -
[01:22:47] "GET /api/siteinfo HTTP/1.1" 200 -
[01:22:57] "GET /api/siteinfo HTTP/1.1" 200 -
[01:23:07] "GET /api/siteinfo HTTP/1.1" 200 -
[01:23:17] "GET /api/siteinfo HTTP/1.1" 200 -
[01:23:27] "GET /api/siteinfo HTTP/1.1" 200 -
[01:23:37] "GET /api/siteinfo HTTP/1.1" 200 -
[01:23:47] "GET /api/siteinfo HTTP/1.1" 200 -
[01:23:57] "GET /api/siteinfo HTTP/1.1" 200 -
[01:24:07] "GET /api/siteinfo HTTP/1.1" 200 -
[01:24:17] "GET /api/siteinfo HTTP/1.1" 200 -
[01:24:27] "GET /api/siteinfo HTTP/1.1" 200 -
[01:24:37] "GET /api/siteinfo HTTP/1.1" 200 -
[01:24:47] "GET /api/siteinfo HTTP/1.1" 200 -
[01:24:57] "GET /api/siteinfo HTTP/1.1" 200 -
[01:25:07] "GET /api/siteinfo HTTP/1.1" 200 -
[01:25:17] "GET /api/siteinfo HTTP/1.1" 200 -
[01:25:27] "GET /api/siteinfo HTTP/1.1" 200 -
[01:25:37] "GET /api/siteinfo HTTP/1.1" 200 -
[01:25:47] "GET /api/siteinfo HTTP/1.1" 200 -
[01:25:57] "GET /api/siteinfo HTTP/1.1" 200 -
[01:26:07] "GET /api/siteinfo HTTP/1.1" 200 -
[01:26:17] "GET /api/siteinfo HTTP/1.1" 200 -
[01:26:27] "GET /api/siteinfo HTTP/1.1" 200 -
[01:26:37] "GET /api/siteinfo HTTP/1.1" 200 -
[01:26:47] "GET /api/siteinfo HTTP/1.1" 200 -
[01:26:57] "GET /api/siteinfo HTTP/1.1" 200 -
[01:27:07] "GET /api/siteinfo HTTP/1.1" 200 -
[01:27:17] "GET /api/siteinfo HTTP/1.1" 200 -
[01:27:27] "GET /api/siteinfo HTTP/1.1" 200 -
[01:27:37] "GET /api/siteinfo HTTP/1.1" 200 -
[01:27:47] "GET /api/siteinfo HTTP/1.1" 200 -
[01:27:57] "GET /api/siteinfo HTTP/1.1" 200 -
[01:28:07] "GET /api/siteinfo HTTP/1.1" 200 -
[01:28:17] "GET /api/siteinfo HTTP/1.1" 200 -
[01:28:27] "GET /api/siteinfo HTTP/1.1" 200 -
[01:28:37] "GET /api/siteinfo HTTP/1.1" 200 -
[01:28:47] "GET /api/siteinfo HTTP/1.1" 200 -
[01:28:57] "GET /api/siteinfo HTTP/1.1" 200 -
[01:29:07] "GET /api/siteinfo HTTP/1.1" 200 -
[01:29:17] "GET /api/siteinfo HTTP/1.1" 200 -
[01:29:27] "GET /api/siteinfo HTTP/1.1" 200 -
[01:29:37] "GET /api/siteinfo HTTP/1.1" 200 -
[01:29:47] "GET /api/siteinfo HTTP/1.1" 200 -
[01:29:57] "GET /api/siteinfo HTTP/1.1" 200 -
[01:30:07] "GET /api/siteinfo HTTP/1.1" 200 -
[01:30:17] "GET /api/siteinfo HTTP/1.1" 200 -
[01:30:27] "GET /api/siteinfo HTTP/1.1" 200 -
[01:30:37] "GET /api/siteinfo HTTP/1.1" 200 -
[01:30:47] "GET /api/siteinfo HTTP/1.1" 200 -
[01:30:57] "GET /api/siteinfo HTTP/1.1" 200 -
[01:31:07] "GET /api/siteinfo HTTP/1.1" 200 -
[01:31:18] "GET /api/siteinfo HTTP/1.1" 200 -
[01:31:28] "GET /api/siteinfo HTTP/1.1" 200 -
[01:31:38] "GET /api/siteinfo HTTP/1.1" 200 -
[01:31:48] "GET /api/siteinfo HTTP/1.1" 200 -
[01:31:58] "GET /api/siteinfo HTTP/1.1" 200 -
[01:32:08] "GET /api/siteinfo HTTP/1.1" 200 -
[01:32:18] "GET /api/siteinfo HTTP/1.1" 200 -
[01:32:28] "GET /api/siteinfo HTTP/1.1" 200 -
[01:32:38] "GET /api/siteinfo HTTP/1.1" 200 -
[01:32:49] "GET /api/siteinfo HTTP/1.1" 200 -
[01:32:59] "GET /api/siteinfo HTTP/1.1" 200 -
[01:33:09] "GET /api/siteinfo HTTP/1.1" 200 -
[01:33:19] "GET /api/siteinfo HTTP/1.1" 200 -
[01:33:29] "GET /api/siteinfo HTTP/1.1" 200 -
[01:33:39] "GET /api/siteinfo HTTP/1.1" 200 -
[01:33:49] "GET /api/siteinfo HTTP/1.1" 200 -
[01:33:59] "GET /api/siteinfo HTTP/1.1" 200 -
[01:34:09] "GET /api/siteinfo HTTP/1.1" 200 -
[01:34:19] "GET /api/siteinfo HTTP/1.1" 200 -
[01:34:29] "GET /api/siteinfo HTTP/1.1" 200 -
[01:34:39] "GET /api/siteinfo HTTP/1.1" 200 -
[01:34:49] "GET /api/siteinfo HTTP/1.1" 200 -
[01:34:59] "GET /api/siteinfo HTTP/1.1" 200 -
[01:35:09] "GET /api/siteinfo HTTP/1.1" 200 -
[01:35:19] "GET /api/siteinfo HTTP/1.1" 200 -
[01:35:29] "GET /api/siteinfo HTTP/1.1" 200 -
[01:35:39] "GET /api/siteinfo HTTP/1.1" 200 -
[01:35:49] "GET /api/siteinfo HTTP/1.1" 200 -
[01:35:59] "GET /api/siteinfo HTTP/1.1" 200 -
[01:36:09] "GET /api/siteinfo HTTP/1.1" 200 -
[01:36:19] "GET /api/siteinfo HTTP/1.1" 200 -
[01:36:29] "GET /api/siteinfo HTTP/1.1" 200 -
[01:36:39] "GET /api/siteinfo HTTP/1.1" 200 -
[01:36:49] "GET /api/siteinfo HTTP/1.1" 200 -
[01:36:59] "GET /api/siteinfo HTTP/1.1" 200 -
[01:37:09] "GET /api/siteinfo HTTP/1.1" 200 -
[01:37:19] "GET /api/siteinfo HTTP/1.1" 200 -
[01:37:29] "GET /api/siteinfo HTTP/1.1" 200 -
[01:37:39] "GET /api/siteinfo HTTP/1.1" 200 -
[01:37:49] "GET /api/siteinfo HTTP/1.1" 200 -
[01:37:59] "GET /api/siteinfo HTTP/1.1" 200 -
[01:38:09] "GET /api/siteinfo HTTP/1.1" 200 -
[01:38:19] "GET /api/siteinfo HTTP/1.1" 200 -
[01:38:29] "GET /api/siteinfo HTTP/1.1" 200 -
[01:38:39] "GET /api/siteinfo HTTP/1.1" 200 -
[01:38:49] "GET /api/siteinfo HTTP/1.1" 200 -
[01:38:59] "GET /api/siteinfo HTTP/1.1" 200 -
[01:39:09] "GET /api/siteinfo HTTP/1.1" 200 -
[01:39:19] "GET /api/siteinfo HTTP/1.1" 200 -
[01:39:29] "GET /api/siteinfo HTTP/1.1" 200 -
[01:39:39] "GET /api/siteinfo HTTP/1.1" 200 -
[01:39:49] "GET /api/siteinfo HTTP/1.1" 200 -
[01:39:59] "GET /api/siteinfo HTTP/1.1" 200 -
[01:40:09] "GET /api/siteinfo HTTP/1.1" 200 -
[01:40:19] "GET /api/siteinfo HTTP/1.1" 200 -
[01:40:29] "GET /api/siteinfo HTTP/1.1" 200 -
[01:40:39] "GET /api/siteinfo HTTP/1.1" 200 -
[01:40:50] "GET /api/siteinfo HTTP/1.1" 200 -
[01:41:00] "GET /api/siteinfo HTTP/1.1" 200 -
[01:41:10] "GET /api/siteinfo HTTP/1.1" 200 -
[01:41:20] "GET /api/siteinfo HTTP/1.1" 200 -
[01:41:30] "GET /api/siteinfo HTTP/1.1" 200 -
[01:41:40] "GET /api/siteinfo HTTP/1.1" 200 -
[01:41:50] "GET /api/siteinfo HTTP/1.1" 200 -
[01:42:00] "GET /api/siteinfo HTTP/1.1" 200 -
[01:42:10] "GET /api/siteinfo HTTP/1.1" 200 -
[01:42:20] "GET /api/siteinfo HTTP/1.1" 200 -
[01:42:30] "GET /api/siteinfo HTTP/1.1" 200 -
[01:42:40] "GET /api/siteinfo HTTP/1.1" 200 -
[01:42:50] "GET /api/siteinfo HTTP/1.1" 200 -
[01:43:00] "GET /api/siteinfo HTTP/1.1" 200 -
[01:43:10] "GET /api/siteinfo HTTP/1.1" 200 -
[01:43:20] "GET /api/siteinfo HTTP/1.1" 200 -
[01:43:30] "GET /api/siteinfo HTTP/1.1" 200 -
[01:43:40] "GET /api/siteinfo HTTP/1.1" 200 -
[01:43:50] "GET /api/siteinfo HTTP/1.1" 200 -
[01:44:00] "GET /api/siteinfo HTTP/1.1" 200 -
[01:44:10] "GET /api/siteinfo HTTP/1.1" 200 -
[01:44:20] "GET /api/siteinfo HTTP/1.1" 200 -
[01:44:30] "GET /api/siteinfo HTTP/1.1" 200 -
[01:44:40] "GET /api/siteinfo HTTP/1.1" 200 -
[01:44:50] "GET /api/siteinfo HTTP/1.1" 200 -
[01:45:00] "GET /api/siteinfo HTTP/1.1" 200 -
[01:45:10] "GET /api/siteinfo HTTP/1.1" 200 -
[01:45:20] "GET /api/siteinfo HTTP/1.1" 200 -============================================================
  FENEMOF - Site web démarré
  Ouvrez le site : http://localhost:8000
  Sur un autre appareil du même réseau, utilisez l'adresse IP de ce PC
  Espace créateur : http://localhost:8000/createur
  Appuyez sur Ctrl+C pour arrêter.
============================================================
[11:32:34] "GET /api/siteinfo HTTP/1.1" 200 -
[11:32:44] "GET /api/siteinfo HTTP/1.1" 200 -
[11:32:54] "GET /api/siteinfo HTTP/1.1" 200 -
[11:33:04] "GET /api/siteinfo HTTP/1.1" 200 -
[11:33:14] "GET /api/siteinfo HTTP/1.1" 200 -
[11:33:24] "GET /api/siteinfo HTTP/1.1" 200 -
[11:33:34] "GET /api/siteinfo HTTP/1.1" 200 -
[11:33:44] "GET /api/siteinfo HTTP/1.1" 200 -
[11:33:54] "GET /api/siteinfo HTTP/1.1" 200 -
[11:34:04] "GET /api/siteinfo HTTP/1.1" 200 -
[11:34:14] "GET /api/siteinfo HTTP/1.1" 200 -
[11:34:24] "GET /api/siteinfo HTTP/1.1" 200 -
[11:34:34] "GET /api/siteinfo HTTP/1.1" 200 -
[11:34:44] "GET /api/siteinfo HTTP/1.1" 200 -
[11:34:54] "GET /api/siteinfo HTTP/1.1" 200 -
[11:35:04] "GET /api/siteinfo HTTP/1.1" 200 -
[11:35:14] "GET /api/siteinfo HTTP/1.1" 200 -
[11:35:24] "GET /api/siteinfo HTTP/1.1" 200 -
[11:35:34] "GET /api/siteinfo HTTP/1.1" 200 -
[11:35:44] "GET /api/siteinfo HTTP/1.1" 200 -
[11:35:54] "GET /api/siteinfo HTTP/1.1" 200 -
[11:36:04] "GET /api/siteinfo HTTP/1.1" 200 -
[11:36:14] "GET /api/siteinfo HTTP/1.1" 200 -
[11:36:24] "GET /api/siteinfo HTTP/1.1" 200 -
[11:36:34] "GET /api/siteinfo HTTP/1.1" 200 -
[11:36:44] "GET /api/siteinfo HTTP/1.1" 200 -
[11:36:54] "GET /api/siteinfo HTTP/1.1" 200 -
[11:37:04] "GET /api/siteinfo HTTP/1.1" 200 -
[11:37:14] "GET /api/siteinfo HTTP/1.1" 200 -
[11:37:24] "GET /api/siteinfo HTTP/1.1" 200 -
[11:37:34] "GET /api/siteinfo HTTP/1.1" 200 -
[11:37:44] "GET /api/siteinfo HTTP/1.1" 200 -
[11:37:54] "GET /api/siteinfo HTTP/1.1" 200 -
[11:38:04] "GET /api/siteinfo HTTP/1.1" 200 -
[11:38:14] "GET /api/siteinfo HTTP/1.1" 200 -
[11:38:24] "GET /api/siteinfo HTTP/1.1" 200 -
[11:38:34] "GET /api/siteinfo HTTP/1.1" 200 -
[11:38:44] "GET /api/siteinfo HTTP/1.1" 200 -
[11:38:54] "GET /api/siteinfo HTTP/1.1" 200 -
[11:39:04] "GET /api/siteinfo HTTP/1.1" 200 -
[11:39:14] "GET /api/siteinfo HTTP/1.1" 200 -
[11:39:24] "GET /api/siteinfo HTTP/1.1" 200 -
[11:39:35] "GET /api/siteinfo HTTP/1.1" 200 -
[11:39:45] "GET /api/siteinfo HTTP/1.1" 200 -
[11:39:55] "GET /api/siteinfo HTTP/1.1" 200 -
[11:40:05] "GET /api/siteinfo HTTP/1.1" 200 -
[11:40:15] "GET /api/siteinfo HTTP/1.1" 200 -
[11:40:25] "GET /api/siteinfo HTTP/1.1" 200 -
[11:40:35] "GET /api/siteinfo HTTP/1.1" 200 -
[11:40:45] "GET /api/siteinfo HTTP/1.1" 200 -
[11:40:55] "GET /api/siteinfo HTTP/1.1" 200 -
[11:41:05] "GET /api/siteinfo HTTP/1.1" 200 -
[11:41:15] "GET /api/siteinfo HTTP/1.1" 200 -
[11:41:25] "GET /api/siteinfo HTTP/1.1" 200 -
[11:41:35] "GET /api/siteinfo HTTP/1.1" 200 -
[11:41:45] "GET /api/siteinfo HTTP/1.1" 200 -
[11:41:55] "GET /api/siteinfo HTTP/1.1" 200 -
[11:42:05] "GET /api/siteinfo HTTP/1.1" 200 -
[11:42:15] "GET /api/siteinfo HTTP/1.1" 200 -
[11:42:25] "GET /api/siteinfo HTTP/1.1" 200 -
[11:42:35] "GET /api/siteinfo HTTP/1.1" 200 -
[11:42:45] "GET /api/siteinfo HTTP/1.1" 200 -
[11:42:55] "GET /api/siteinfo HTTP/1.1" 200 -
[11:43:05] "GET /api/siteinfo HTTP/1.1" 200 -
[11:43:15] "GET /api/siteinfo HTTP/1.1" 200 -
[11:43:25] "GET /api/siteinfo HTTP/1.1" 200 -
[11:43:35] "GET /api/siteinfo HTTP/1.1" 200 -
[11:43:45] "GET /api/siteinfo HTTP/1.1" 200 -
[11:43:55] "GET /api/siteinfo HTTP/1.1" 200 -
[11:44:05] "GET /api/siteinfo HTTP/1.1" 200 -
[11:44:15] "GET /api/siteinfo HTTP/1.1" 200 -
[11:44:25] "GET /api/siteinfo HTTP/1.1" 200 -
[11:44:35] "GET /api/siteinfo HTTP/1.1" 200 -
[11:44:45] "GET /api/siteinfo HTTP/1.1" 200 -
[11:44:55] "GET /api/siteinfo HTTP/1.1" 200 -
[11:45:05] "GET /api/siteinfo HTTP/1.1" 200 -
[11:45:15] "GET /api/siteinfo HTTP/1.1" 200 -
[11:45:25] "GET /api/siteinfo HTTP/1.1" 200 -
[11:45:35] "GET /api/siteinfo HTTP/1.1" 200 -
[11:45:45] "GET /api/siteinfo HTTP/1.1" 200 -
[11:45:55] "GET /api/siteinfo HTTP/1.1" 200 -
[11:46:05] "GET /api/siteinfo HTTP/1.1" 200 -
[11:46:15] "GET /api/siteinfo HTTP/1.1" 200 -
[11:46:25] "GET /api/siteinfo HTTP/1.1" 200 -
[11:46:35] "GET /api/siteinfo HTTP/1.1" 200 -
[11:46:45] "GET /api/siteinfo HTTP/1.1" 200 -
[11:46:55] "GET /api/siteinfo HTTP/1.1" 200 -
[11:47:05] "GET /api/siteinfo HTTP/1.1" 200 -
[11:47:15] "GET /api/siteinfo HTTP/1.1" 200 -
[11:47:25] "GET /api/siteinfo HTTP/1.1" 200 -
[11:47:35] "GET /api/siteinfo HTTP/1.1" 200 -
[11:47:45] "GET /api/siteinfo HTTP/1.1" 200 -
[11:47:55] "GET /api/siteinfo HTTP/1.1" 200 -
[11:48:05] "GET /api/siteinfo HTTP/1.1" 200 -
[11:48:15] "GET /api/siteinfo HTTP/1.1" 200 -
[11:48:25] "GET /api/siteinfo HTTP/1.1" 200 -
[11:48:35] "GET /api/siteinfo HTTP/1.1" 200 -
[11:48:45] "GET /api/siteinfo HTTP/1.1" 200 -
[11:48:55] "GET /api/siteinfo HTTP/1.1" 200 -
[11:49:05] "GET /api/siteinfo HTTP/1.1" 200 -
[11:49:15] "GET /api/siteinfo HTTP/1.1" 200 -
[11:49:25] "GET /api/siteinfo HTTP/1.1" 200 -
[11:49:35] "GET /api/siteinfo HTTP/1.1" 200 -
[11:49:45] "GET /api/siteinfo HTTP/1.1" 200 -
[11:49:55] "GET /api/siteinfo HTTP/1.1" 200 -
[11:50:05] "GET /api/siteinfo HTTP/1.1" 200 -
[11:50:15] "GET /api/siteinfo HTTP/1.1" 200 -
[11:50:25] "GET /api/siteinfo HTTP/1.1" 200 -
[11:50:35] "GET /api/siteinfo HTTP/1.1" 200 -
[11:50:45] "GET /api/siteinfo HTTP/1.1" 200 -
[11:50:55] "GET /api/siteinfo HTTP/1.1" 200 -
[11:51:05] "GET /api/siteinfo HTTP/1.1" 200 -
[11:51:15] "GET /api/siteinfo HTTP/1.1" 200 -
[11:51:25] "GET /api/siteinfo HTTP/1.1" 200 -
[11:51:35] "GET /api/siteinfo HTTP/1.1" 200 -
[11:51:45] "GET /api/siteinfo HTTP/1.1" 200 -
[11:51:55] "GET /api/siteinfo HTTP/1.1" 200 -
[11:52:05] "GET /api/siteinfo HTTP/1.1" 200 -
[11:52:15] "GET /api/siteinfo HTTP/1.1" 200 -
[11:52:25] "GET /api/siteinfo HTTP/1.1" 200 -
[11:52:35] "GET /api/siteinfo HTTP/1.1" 200 -
[11:52:45] "GET /api/siteinfo HTTP/1.1" 200 -
[11:52:55] "GET /api/siteinfo HTTP/1.1" 200 -
[11:53:05] "GET /api/siteinfo HTTP/1.1" 200 -
[11:53:15] "GET /api/siteinfo HTTP/1.1" 200 -
[11:53:25] "GET /api/siteinfo HTTP/1.1" 200 -
[11:53:35] "GET /api/siteinfo HTTP/1.1" 200 -
[11:53:45] "GET /api/siteinfo HTTP/1.1" 200 -
[11:53:55] "GET /api/siteinfo HTTP/1.1" 200 -
[11:54:05] "GET /api/siteinfo HTTP/1.1" 200 -
[11:54:15] "GET /api/siteinfo HTTP/1.1" 200 -
[11:54:25] "GET /api/siteinfo HTTP/1.1" 200 -
[11:54:35] "GET /api/siteinfo HTTP/1.1" 200 -
[11:54:45] "GET /api/siteinfo HTTP/1.1" 200 -
[11:54:55] "GET /api/siteinfo HTTP/1.1" 200 -
[11:55:05] "GET /api/siteinfo HTTP/1.1" 200 -
[11:55:15] "GET /api/siteinfo HTTP/1.1" 200 -
[11:55:25] "GET /api/siteinfo HTTP/1.1" 200 -
[11:55:35] "GET /api/siteinfo HTTP/1.1" 200 -
[11:55:46] "GET /api/siteinfo HTTP/1.1" 200 -
[11:55:56] "GET /api/siteinfo HTTP/1.1" 200 -
[11:56:06] "GET /api/siteinfo HTTP/1.1" 200 -
[11:56:16] "GET /api/siteinfo HTTP/1.1" 200 -
[11:56:26] "GET /api/siteinfo HTTP/1.1" 200 -
[11:56:36] "GET /api/siteinfo HTTP/1.1" 200 -
[11:56:46] "GET /api/siteinfo HTTP/1.1" 200 -
[11:56:56] "GET /api/siteinfo HTTP/1.1" 200 -
[11:57:06] "GET /api/siteinfo HTTP/1.1" 200 -
[11:57:16] "GET /api/siteinfo HTTP/1.1" 200 -
[11:57:26] "GET /api/siteinfo HTTP/1.1" 200 -
[11:57:36] "GET /api/siteinfo HTTP/1.1" 200 -
[11:57:46] "GET /api/siteinfo HTTP/1.1" 200 -
[11:57:56] "GET /api/siteinfo HTTP/1.1" 200 -
[11:58:06] "GET /api/siteinfo HTTP/1.1" 200 -
[11:58:16] "GET /api/siteinfo HTTP/1.1" 200 -
[11:58:26] "GET /api/siteinfo HTTP/1.1" 200 -
[11:58:36] "GET /api/siteinfo HTTP/1.1" 200 -
[11:58:46] "GET /api/siteinfo HTTP/1.1" 200 -
[11:58:56] "GET /api/siteinfo HTTP/1.1" 200 -
[11:59:06] "GET /api/siteinfo HTTP/1.1" 200 -
[11:59:16] "GET /api/siteinfo HTTP/1.1" 200 -
[11:59:26] "GET /api/siteinfo HTTP/1.1" 200 -
[11:59:36] "GET /api/siteinfo HTTP/1.1" 200 -
[11:59:46] "GET /api/siteinfo HTTP/1.1" 200 -
[11:59:56] "GET /api/siteinfo HTTP/1.1" 200 -
[12:00:06] "GET /api/siteinfo HTTP/1.1" 200 -
[12:00:16] "GET /api/siteinfo HTTP/1.1" 200 -